"","local_date","next_area_fip","inflow_cases","next_area_cases","9001","9003","9005","9007","9009","9011","9013","9015","23003","23029","25003","25007","25011","25013","25015","25019","25027","26099","26115","30053","36019","36027","36029","36033","36063","36079","36089","36119","39043","39095","39123","44003","44007","44009","50011","50013","50025"
"1",2020-04-22,9003,1115.89582113049,4128,127.471566512,NA,79.25997592,99.635529,473.283223179,18.057156337,98.36271061,5.658167118,NA,NA,NA,NA,NA,206.63174844,7.35656196,NA,NA,NA,0.020643518259,NA,NA,NA,0.158538536233,NA,NA,NA,NA,NA,NA,NA,NA,NA,NA,NA,NA,NA,NA
"2",2020-04-23,9003,1165.06363197097,4303,137.240834904,NA,88.5110576,105.1730209,471.640261632,19.461441745,102.86942165,6.507486399,0.00168539397,NA,NA,NA,NA,223.783289356,9.537586091,NA,NA,NA,NA,NA,NA,NA,0.3375463,NA,NA,NA,NA,NA,NA,NA,NA,NA,NA,NA,0,NA,NA
"3",2020-04-24,9003,1193.64216566847,4570,129.006323376,NA,88.45582424,108.40167096,487.356509276,18.432045632,108.2462325,6.503782061,NA,0,NA,NA,NA,237.29716764,9.424527948,NA,NA,NA,NA,NA,0.02445775047,NA,0.350868782,NA,0.040482752,NA,NA,NA,NA,NA,NA,NA,NA,NA,0.102272751,NA,NA
"4",2020-04-27,9003,1249.58608334439,5157,129.32616303,NA,94.43593296,110.56179414,509.617637235,21.966611232,116.86303441,7.863835916,NA,NA,NA,NA,NA,248.047856154,10.235946925,NA,NA,NA,NA,NA,0,NA,0.61414818321,NA,NA,NA,NA,NA,NA,NA,NA,NA,NA,NA,0.05312315918,NA,NA
"5",2020-04-28,9003,1459.52918809923,5224,167.486197804,NA,105.803568,123.75297354,590.440981038,25.92729896,129.09910932,8.40876954,NA,NA,NA,NA,NA,295.288625304,11.947860327,NA,NA,NA,NA,NA,0.05558171641,NA,1.257992161,0.008991654,NA,NA,NA,NA,NA,NA,NA,NA,NA,NA,0.05123873482,NA,NA
"6",2020-04-30,9003,1477.100480591,5601,152.654820182,NA,111.27230991,131.41657611,597.71441112,26.432696976,131.50686448,9.414316902,0,NA,4.808368162,NA,NA,297.890773806,13.311327666,NA,NA,NA,NA,NA,NA,NA,0.678015277,NA,NA,NA,NA,NA,NA,NA,NA,NA,NA,NA,0,NA,NA
"7",2020-05-01,9003,1594.28120965048,5931,160.823227328,NA,126.6092568,140.07758937,659.3497368,27.068115843,140.5177635,10.0016892,0.0027886199,NA,NA,NA,NA,316.123743,12.861576364,NA,NA,NA,NA,NA,0.02746512739,NA,0.70567872819,NA,NA,NA,NA,NA,NA,NA,NA,NA,NA,NA,0.11257897,NA,NA
"8",2020-05-04,9003,1830.690273069,6173,182.17160788,NA,149.57143605,172.46712081,718.00316526,45.609503111,152.65454768,13.114546249,NA,NA,7.537004487,NA,NA,372.78963689,16.375182666,NA,NA,NA,NA,NA,NA,NA,0.396521986,0,NA,NA,NA,NA,NA,NA,NA,NA,NA,NA,NA,NA,NA
"9",2020-05-05,9003,1838.3251594164,6351,196.2759966,NA,142.8477045,160.93145244,728.06479095,36.146884125,157.59476258,11.538542935,NA,NA,4.1310735274,NA,NA,383.121363186,16.63717765,NA,NA,NA,NA,NA,0.0321678,NA,0.934279683,0.010659568,NA,NA,NA,NA,NA,NA,NA,NA,NA,NA,0.058303872,NA,NA
"10",2020-05-06,9003,1865.98528872984,6530,190.361111505,NA,147.1845466,167.01741812,740.644358659,36.45736864,166.71901842,12.83202822,0.006539508,NA,NA,NA,NA,388.160243594,16.08403394,NA,NA,NA,NA,NA,0.095347788,NA,0.41288412,0.01038961584,NA,NA,NA,NA,NA,NA,NA,NA,NA,NA,0,NA,NA
"11",2020-05-07,9003,1950.5221454857,6750,199.751761944,NA,152.36323934,164.89605292,782.026014506,39.596896038,171.83899134,12.9661755,NA,NA,4.650334208,NA,NA,404.78276116,16.67765841,NA,NA,NA,NA,NA,0.06344826069,NA,0.852433736,NA,NA,NA,NA,NA,NA,NA,NA,NA,NA,NA,0.05637812301,NA,NA
"12",2020-05-08,9003,2012.54017412174,6904,201.031131501,NA,151.8599203,176.64825325,808.429816595,41.253542015,182.1475857,14.833677498,0.003224076,NA,5.150531496,NA,NA,411.630388624,18.934805508,NA,NA,NA,NA,NA,0.06718112274,NA,0.43900537,NA,NA,NA,NA,NA,NA,NA,NA,NA,NA,NA,0.111111066,NA,NA
"13",2020-05-11,9003,2009.85014742552,7358,192.587006976,NA,166.00819725,176.06619198,821.67760858,44.19836848,168.84314185,16.430276888,NA,NA,NA,NA,NA,403.354716919,19.984622896,NA,NA,NA,NA,NA,0.07196972152,NA,0.628045885,NA,NA,NA,NA,NA,NA,NA,NA,NA,NA,NA,0,NA,NA
"14",2020-05-12,9003,1946.995643125,7528,195.416558352,NA,144.05098656,165.61951594,794.9976588,38.494444365,164.90425684,15.3431339,NA,NA,4.434285645,NA,NA,403.095606132,19.806109362,NA,NA,NA,NA,NA,0.035830641,NA,0.62417964,NA,NA,NA,NA,NA,NA,NA,NA,NA,NA,NA,0.173076948,NA,NA
"15",2020-05-13,9003,2103.05101190098,7732,218.874408648,NA,155.45505249,172.94383602,844.42882689,42.078374748,181.6126704,15.470074039,NA,NA,NA,NA,NA,452.961606348,18.395253168,NA,NA,NA,NA,NA,NA,NA,0.775134528,NA,NA,NA,NA,NA,NA,NA,NA,NA,NA,NA,0.05577462198,NA,NA
"16",2020-05-14,9003,2220.277948257,7935,211.065232932,NA,169.7910591,190.84898937,902.45016024,49.881405048,182.02440968,17.051733111,0,0,5.794195288,NA,NA,469.835196228,20.47447022,NA,NA,NA,NA,NA,NA,NA,0.940594599,NA,NA,NA,NA,NA,NA,NA,NA,NA,NA,NA,0.109452717,0.011049724,NA
"17",2020-05-15,9003,2346.74164550744,8126,227.547892811,NA,174.22220844,198.74743245,964.301799239,50.06418944,209.01860001,17.415245057,NA,NA,5.772041826,NA,NA,479.331436562,19.7386956,NA,NA,NA,NA,NA,0,NA,0.471859058436,NA,NA,NA,NA,NA,NA,NA,NA,NA,NA,NA,0.110245014,NA,NA
"18",2020-05-18,9003,2396.943568952,8957,207.161834259,NA,197.4765824,220.92575544,946.791504912,56.450188104,248.71382025,20.025441464,0,NA,6.729207044,NA,NA,471.95139488,20.081307708,NA,NA,NA,NA,NA,0.127371316,NA,0.509161175,NA,NA,NA,NA,NA,NA,NA,NA,NA,NA,NA,0,NA,NA
"19",2020-05-19,9003,2537.50304774614,9050,244.440708202,NA,188.0880243,219.13193624,1002.688233079,53.30249936,263.5593422,19.559999674,0.00373732114,NA,7.686274477,NA,NA,512.09433682,26.2352493,NA,NA,NA,NA,NA,0.042649774,NA,0.670056999,NA,NA,NA,NA,NA,NA,NA,NA,NA,NA,NA,NA,NA,NA
"20",2020-05-20,9003,2693.56094525302,9234,260.057676478,NA,186.85000458,229.5233586,1061.10515466,54.234255488,283.36036482,21.631324274,0,NA,6.094258,NA,NA,562.66276752,26.784111816,NA,NA,NA,NA,NA,0.08491414612,NA,1.01116617,0,NA,NA,NA,NA,NA,NA,NA,NA,NA,NA,0.1615887009,0,NA
"21",2020-05-21,9003,2733.9440496864,9299,252.098602272,NA,190.49706246,230.789493,1084.48979844,57.210223287,287.31568557,21.342294288,NA,NA,7.658106564,0.1570996986,NA,573.1363328,28.088599474,NA,NA,NA,0,NA,0.127313788,NA,0.8580560773,NA,NA,NA,NA,NA,NA,NA,NA,NA,NA,NA,0.163186848,0.0121951195,NA
"22",2020-05-26,9003,2855.66876804807,9917,251.29437149,NA,205.4072328,259.0173936,1127.63303433,86.4616179,285.83933537,25.75313195,NA,0.00167084404,NA,NA,NA,581.41901664,31.78557312,NA,NA,NA,NA,NA,0.08527826715,NA,0.94943479147,NA,NA,NA,NA,NA,0.02167694541,NA,NA,NA,NA,NA,NA,NA,NA
"23",2020-05-27,9003,2995.6095142572,9962,287.804240932,NA,203.2746032,266.67756489,1193.63000652,77.684691708,301.1477812,24.236815995,0.00426212,0.0033361142,5.783564325,NA,NA,601.66132915,31.792767963,NA,NA,NA,NA,NA,NA,NA,1.90855014,NA,NA,NA,NA,NA,NA,NA,NA,NA,NA,NA,NA,NA,NA
"24",2020-05-28,9003,2984.863045667,10078,289.773366415,NA,203.26000772,266.80317388,1151.27388266,78.135653497,306.70756632,23.433476625,NA,NA,7.414222585,NA,NA,622.63937624,33.71947657,NA,NA,NA,NA,NA,NA,NA,1.544527602,NA,NA,NA,NA,NA,NA,NA,NA,NA,NA,NA,0.158315553,NA,NA
"25",2020-05-29,9003,2986.46046124002,10146,254.239023465,NA,207.20275125,271.7311903,1160.97340266,73.58709036,314.13267508,25.31223928,NA,NA,NA,NA,NA,646.29553428,32.425407169,NA,NA,NA,NA,NA,0.04166662095,NA,0.384493034065,0.01254481221,NA,NA,NA,NA,NA,NA,NA,NA,NA,NA,0.1056563541,0.0167865747,NA
"26",2020-06-01,9003,3111.83214159621,10445,266.262114686,NA,227.89907,306.91542249,1162.3348425,92.981394713,318.3562343,26.705536376,NA,0,11.087864739,NA,NA,664.55184432,34.118802116,NA,NA,NA,NA,NA,0,NA,0.604878911754,0.01413644446,NA,NA,NA,NA,NA,NA,NA,NA,NA,NA,NA,NA,NA
"27",2020-06-02,9003,3033.730998392,10536,280.126417792,NA,210.90402366,273.72541878,1140.7554257,71.320030496,304.30219664,24.958806702,NA,NA,7.068043184,NA,NA,684.59151618,34.376886243,NA,NA,NA,NA,NA,NA,NA,1.602233015,NA,NA,NA,NA,NA,NA,NA,NA,NA,NA,NA,0,NA,NA
"28",2020-06-03,9003,3091.75882188873,10593,267.717273504,NA,208.27660464,285.47894016,1182.47050924,70.4931469,313.54824608,22.868318424,NA,NA,8.620798072,NA,NA,694.66757976,35.862348159,NA,NA,NA,NA,NA,0.04267485997,NA,1.60329122766,NA,NA,NA,NA,NA,NA,NA,NA,NA,NA,NA,0.1090908621,0,NA
"29",2020-06-04,9003,3203.94164198957,10636,270.432769749,NA,214.78317516,293.95944393,1242.80905804,80.740172256,320.48535798,24.177752183,NA,NA,8.597376368,NA,NA,713.17905728,33.863637366,NA,NA,NA,NA,NA,0.08351272909,NA,0.600950531384,NA,NA,NA,NA,NA,NA,NA,NA,NA,NA,NA,0.2138228631,0.015555554,NA
"30",2020-06-05,9003,3321.949957739,10677,286.242205738,NA,232.7157942,298.1978649,1252.86390711,82.534518904,333.70637301,26.012719485,0,NA,9.24408459,NA,NA,758.43309732,40.9792356,NA,NA,NA,NA,NA,0,NA,0.808852082,NA,NA,NA,NA,NA,NA,NA,NA,NA,NA,NA,0.2113048,NA,NA
"31",2020-06-08,9003,3307.60788941747,10844,266.736196584,NA,239.56111242,336.50114625,1251.0887474,111.42972848,330.59634852,28.846393648,0.01071237,NA,9.89541995,NA,NA,697.16907955,35.244685803,NA,NA,NA,NA,NA,NA,NA,0.421765442469,NA,NA,NA,0,NA,NA,NA,NA,NA,NA,NA,0.106553,NA,NA
"32",2020-06-09,9003,3229.84438204401,10859,271.616510896,NA,221.07654192,305.16459756,1249.24014375,92.39054022,329.39668467,26.05838184,NA,0.00078802201,9.196381525,NA,NA,690.1334682,34.04161663,NA,NA,NA,NA,NA,NA,NA,1.47449691,NA,NA,NA,NA,NA,NA,NA,NA,NA,NA,NA,0.054229901,NA,NA
"33",2020-06-10,9003,3363.718077426,10924,274.993155684,NA,228.4704994,309.0689877,1325.27003018,93.55280396,332.69089078,29.138299984,0,0,8.025893582,NA,NA,725.52918515,36.03087722,NA,NA,NA,NA,NA,0,NA,0.840688504,0,NA,NA,NA,NA,NA,NA,NA,NA,NA,NA,0.106765282,NA,NA
"34",2020-06-11,9003,3224.7211781846,10967,275.83056693,NA,223.82477075,312.3948718,1229.7044345,80.786571857,332.56843127,28.617431976,NA,NA,NA,NA,NA,705.7185122,33.917782921,NA,NA,NA,NA,NA,0.127383046,NA,1.06697816241,0.040683964,NA,NA,NA,NA,0.051364866,NA,NA,NA,NA,NA,0.05369483099,0.0176991112,NA
"35",2020-04-22,9005,573.657024746,722,230.587517239,107.589867936,NA,NA,228.034779687,NA,NA,NA,NA,NA,7.444859884,NA,NA,NA,NA,NA,NA,NA,NA,NA,NA,NA,NA,NA,NA,NA,NA,NA,NA,NA,NA,NA,NA,NA,NA,NA,NA
"36",2020-04-23,9005,587.687834454,751,231.535550376,118.392148186,NA,NA,231.0923696,NA,NA,NA,NA,NA,6.667766292,NA,NA,NA,NA,NA,NA,NA,NA,NA,NA,NA,NA,NA,NA,NA,NA,NA,NA,NA,NA,NA,NA,NA,NA,NA,NA
"37",2020-04-24,9005,583.745644363,808,220.610319174,122.14783744,NA,NA,232.930615274,NA,NA,NA,NA,NA,8.056872475,NA,NA,NA,NA,NA,NA,NA,NA,NA,NA,NA,NA,NA,NA,NA,NA,NA,NA,NA,NA,NA,NA,NA,NA,NA,NA
"38",2020-04-25,9005,754.461822179,834,280.811072058,167.885181468,NA,NA,295.927076628,NA,NA,NA,NA,NA,9.838492025,NA,NA,NA,NA,NA,NA,NA,NA,NA,NA,NA,0,NA,NA,NA,NA,NA,NA,NA,NA,NA,NA,NA,NA,NA,NA
"39",2020-04-26,9005,484.348691734,864,168.776911351,112.02819456,NA,NA,195.442217085,NA,NA,NA,NA,NA,7.777182008,NA,NA,NA,NA,NA,NA,NA,NA,NA,NA,NA,0.32418673,NA,NA,NA,NA,NA,NA,NA,NA,NA,NA,NA,NA,NA,NA
"40",2020-04-27,9005,582.585798857,892,209.984859966,123.879525282,NA,NA,242.062813881,NA,NA,NA,NA,NA,6.658599728,NA,NA,NA,NA,NA,NA,NA,NA,NA,NA,NA,NA,NA,NA,NA,NA,NA,NA,NA,NA,NA,NA,NA,NA,NA,NA
"41",2020-04-28,9005,741.013716324,900,274.611039088,151.077411328,NA,NA,307.544086098,NA,NA,NA,NA,NA,7.78117981,NA,NA,NA,NA,NA,NA,NA,NA,NA,NA,NA,NA,NA,NA,NA,NA,NA,NA,NA,NA,NA,NA,NA,NA,NA,NA
"42",2020-04-30,9005,697.320822788,963,251.968168716,156.229880412,NA,NA,280.862243616,NA,NA,NA,NA,NA,8.260530044,NA,NA,NA,NA,NA,NA,NA,NA,NA,NA,NA,NA,NA,NA,NA,NA,NA,NA,NA,NA,NA,NA,NA,NA,NA,NA
"43",2020-05-01,9005,783.420984244481,1014,286.45538292,174.207811158,NA,NA,312.8144514,NA,NA,NA,NA,NA,9.825726216,NA,NA,NA,NA,NA,NA,NA,NA,NA,NA,NA,0.117612550481,NA,NA,NA,NA,NA,NA,NA,NA,NA,NA,NA,NA,NA,NA
"44",2020-05-02,9005,946.026125965,1036,333.872534885,237.675803776,NA,NA,362.73338532,NA,NA,NA,NA,NA,11.744401984,NA,NA,NA,NA,NA,NA,NA,NA,NA,NA,NA,NA,NA,NA,NA,NA,NA,NA,NA,NA,NA,NA,NA,NA,NA,NA
"45",2020-05-03,9005,881.004478086,1036,307.803854462,209.751182048,NA,NA,352.621548544,NA,NA,NA,NA,NA,10.827893032,NA,NA,NA,NA,NA,NA,NA,NA,NA,NA,NA,NA,NA,NA,NA,NA,NA,NA,NA,NA,NA,NA,NA,NA,NA,NA
"46",2020-05-04,9005,828.763520476604,1047,297.99439347,183.132767501,NA,NA,338.53774939,NA,NA,NA,NA,NA,8.96643738,NA,NA,NA,NA,NA,NA,NA,NA,NA,NA,NA,0.132172735604,NA,NA,NA,NA,NA,NA,NA,NA,NA,NA,NA,NA,NA,NA
"47",2020-05-05,9005,884.502664814,1065,315.19615452,198.688805799,NA,NA,360.548213109,NA,NA,NA,NA,NA,10.069491386,NA,NA,NA,NA,NA,NA,NA,NA,NA,NA,NA,NA,NA,NA,NA,NA,NA,NA,NA,NA,NA,NA,NA,NA,NA,NA
"48",2020-05-06,9005,891.92736122169,1085,326.89061697,201.63755838,NA,NA,352.537231257,NA,NA,NA,NA,NA,10.830172041,NA,NA,NA,NA,NA,NA,NA,NA,NA,0.03178257369,NA,NA,NA,NA,NA,NA,NA,NA,NA,NA,NA,NA,NA,NA,NA,NA
"49",2020-05-07,9005,956.632265116,1114,354.510875204,223.6259745,NA,NA,370.098979524,NA,NA,NA,NA,NA,8.396435888,NA,NA,NA,NA,NA,NA,NA,NA,NA,NA,NA,NA,NA,NA,NA,NA,NA,NA,NA,NA,NA,NA,NA,NA,NA,NA
"50",2020-05-08,9005,960.208773401,1130,346.483067292,228.861883488,NA,NA,376.939927685,NA,NA,NA,NA,NA,7.923894936,NA,NA,NA,NA,NA,NA,NA,NA,NA,NA,NA,NA,NA,NA,NA,NA,NA,NA,NA,NA,NA,NA,NA,NA,NA,NA
"51",2020-05-09,9005,930.244735991,1142,328.32569222,220.29679161,NA,NA,373.633727209,NA,NA,NA,NA,NA,7.988524952,NA,NA,NA,NA,NA,NA,NA,NA,NA,NA,NA,NA,NA,NA,NA,NA,NA,NA,NA,NA,NA,NA,NA,NA,NA,NA
"52",2020-05-10,9005,995.238507743094,1153,342.093208704,235.760226561,NA,NA,408.134122241,NA,NA,NA,NA,NA,9.09406215,NA,NA,NA,NA,NA,NA,NA,NA,NA,NA,NA,0.156888087094,NA,NA,NA,NA,NA,NA,NA,NA,NA,NA,NA,NA,NA,NA
"53",2020-05-11,9005,947.212549649243,1161,329.789531136,219.691823468,NA,NA,388.50900416,NA,NA,NA,NA,NA,9.029193428,NA,NA,NA,NA,NA,NA,NA,NA,NA,0.03598486076,NA,0.157012596483,NA,NA,NA,NA,NA,NA,NA,NA,NA,NA,NA,NA,NA,NA
"54",2020-05-12,9005,963.038857794,1171,349.53592248,220.732274584,NA,NA,384.45637557,NA,NA,NA,NA,NA,8.31428516,NA,NA,NA,NA,NA,NA,NA,NA,NA,NA,NA,NA,NA,NA,NA,NA,NA,NA,NA,NA,NA,NA,NA,NA,NA,NA
"55",2020-05-13,9005,1071.47939015,1179,390.58119786,244.52763146,NA,NA,426.85410735,NA,NA,NA,NA,NA,9.51645348,NA,NA,NA,NA,NA,NA,NA,NA,NA,NA,NA,NA,NA,NA,NA,NA,NA,NA,NA,NA,NA,NA,NA,NA,NA,NA
"56",2020-05-14,9005,1119.298593828,1203,382.530228888,266.43898602,NA,NA,460.157347344,NA,NA,NA,NA,NA,10.172031576,NA,NA,NA,NA,NA,NA,NA,NA,NA,NA,NA,0,NA,NA,NA,NA,NA,NA,NA,NA,NA,NA,NA,0,NA,NA
"57",2020-05-15,9005,1156.349052292,1218,395.065315398,276.845921026,NA,NA,473.66184103,NA,NA,NA,NA,0,10.665729824,NA,NA,NA,NA,NA,NA,NA,NA,NA,NA,NA,NA,NA,NA,NA,NA,NA,NA,NA,NA,NA,NA,NA,0.110245014,NA,NA
"58",2020-05-16,9005,1328.321696185,1234,464.98748044,341.934941555,NA,NA,508.82624845,NA,NA,NA,NA,NA,12.57302574,NA,NA,NA,NA,NA,NA,NA,NA,NA,NA,NA,NA,NA,NA,NA,NA,NA,NA,NA,NA,NA,NA,NA,NA,NA,NA
"59",2020-05-17,9005,1086.27413230995,1269,368.022904912,285.179172278,NA,NA,419.439072483,NA,NA,NA,NA,NA,13.457640756,NA,NA,NA,NA,NA,NA,NA,NA,NA,NA,NA,0.175341880954,0,NA,NA,NA,NA,NA,NA,NA,NA,NA,NA,NA,NA,NA
"60",2020-05-18,9005,1160.41879595599,1280,397.284377886,299.076773788,NA,NA,453.176123466,NA,NA,NA,NA,NA,10.711798755,NA,NA,NA,NA,NA,NA,NA,NA,NA,NA,NA,0.169722060993,NA,NA,NA,NA,NA,NA,NA,NA,NA,NA,NA,NA,NA,NA
"61",2020-05-19,9005,1203.95288165507,1290,413.327008294,299.98533655,NA,NA,479.629883826,NA,NA,NA,NA,NA,10.843137466,NA,NA,NA,NA,NA,NA,NA,NA,NA,NA,NA,0.167515519074,NA,NA,NA,NA,NA,NA,NA,NA,NA,NA,NA,NA,NA,NA
"62",2020-05-20,9005,1302.96804606306,1299,457.191068634,326.568637494,NA,NA,507.925363362,NA,NA,NA,NA,NA,11.2405195,NA,NA,NA,NA,NA,NA,NA,NA,NA,0.04245707306,NA,NA,NA,NA,NA,NA,NA,NA,NA,NA,NA,NA,NA,0,0,NA
"63",2020-05-21,9005,1340.45183693952,1303,471.445913268,329.996830454,NA,NA,527.191270351,NA,NA,NA,NA,NA,11.7512321,NA,NA,NA,NA,NA,NA,NA,NA,NA,NA,NA,NA,NA,NA,NA,NA,NA,NA,NA,NA,NA,NA,NA,0.05439564702,0.0121951195,NA
"64",2020-05-22,9005,1495.071873635,1298,494.906280414,369.548669091,NA,NA,559.253992892,NA,NA,NA,NA,NA,12.89858646,NA,NA,NA,NA,NA,NA,NA,NA,NA,NA,58.464344778,0,NA,NA,NA,NA,NA,NA,NA,NA,NA,NA,NA,NA,NA,NA
"65",2020-05-23,9005,1301.055275463,1304,413.42629822,339.648735935,NA,NA,478.752064846,NA,NA,NA,NA,NA,12.82541683,NA,NA,NA,NA,NA,NA,NA,NA,NA,NA,56.402759632,NA,NA,NA,NA,NA,NA,NA,NA,NA,NA,NA,NA,NA,NA,NA
"66",2020-05-24,9005,1405.789435824,1331,464.50929294,375.057156078,NA,NA,492.812249715,NA,NA,NA,NA,NA,15.08577252,NA,NA,NA,NA,NA,NA,NA,NA,NA,NA,58.324964571,NA,NA,NA,NA,NA,NA,NA,NA,NA,NA,NA,NA,NA,NA,NA
"67",2020-05-25,9005,1138.846949767,1346,387.860257521,301.13145088,NA,NA,434.111873923,NA,NA,NA,NA,NA,15.743367443,NA,NA,NA,NA,NA,NA,NA,NA,NA,NA,NA,NA,NA,NA,NA,NA,NA,NA,NA,NA,NA,NA,NA,NA,NA,NA
"68",2020-05-26,9005,1312.39798824905,1360,462.838563505,320.87970801,NA,NA,514.242969273,NA,NA,NA,NA,NA,14.394108327,NA,NA,NA,NA,NA,NA,NA,NA,NA,0.04263913405,NA,NA,NA,NA,NA,NA,NA,NA,NA,NA,NA,NA,NA,NA,NA,NA
"69",2020-05-27,9005,1429.63044075095,1360,490.265887592,357.823444232,NA,NA,568.37955636,NA,NA,NA,NA,NA,13.118817481,NA,NA,NA,NA,NA,NA,NA,NA,NA,0.04273508595,NA,NA,NA,NA,NA,NA,NA,NA,NA,NA,NA,NA,NA,NA,NA,NA
"70",2020-05-28,9005,1358.93491156295,1366,453.9329392,360.410232162,NA,NA,532.098591024,NA,NA,NA,NA,NA,12.450298476,NA,NA,NA,NA,NA,NA,NA,NA,NA,0.04285070095,NA,NA,NA,NA,NA,NA,NA,NA,NA,NA,NA,NA,NA,NA,NA,NA
"71",2020-05-29,9005,1420.440164891,1375,485.565711425,371.790064584,NA,NA,549.67736853,NA,NA,NA,NA,NA,13.407020352,NA,NA,NA,NA,NA,NA,NA,NA,NA,NA,NA,NA,NA,NA,NA,NA,NA,NA,NA,NA,NA,NA,NA,0,NA,NA
"72",2020-05-30,9005,1657.0905483772,1381,555.586037272,437.286783364,NA,NA,580.049670202,NA,NA,NA,0.0053106702,NA,13.64434416,NA,NA,NA,NA,NA,NA,NA,NA,NA,NA,70.410087601,NA,NA,NA,NA,NA,NA,NA,NA,NA,NA,NA,NA,0.108315108,NA,NA
"73",2020-05-31,9005,1381.02621463,1397,454.173306585,394.960191912,NA,NA,517.337532101,NA,NA,NA,NA,NA,14.555184032,NA,NA,NA,NA,NA,NA,NA,NA,NA,NA,NA,NA,NA,NA,NA,NA,NA,NA,NA,NA,NA,NA,NA,NA,NA,NA
"74",2020-06-01,9005,1427.552708171,1400,476.859639216,373.72406366,NA,NA,562.995257409,NA,NA,NA,NA,NA,13.973747886,NA,NA,NA,NA,NA,NA,NA,NA,NA,NA,NA,NA,NA,NA,NA,NA,NA,NA,NA,NA,NA,NA,NA,NA,NA,NA
"75",2020-06-02,9005,1446.251060588,1402,475.938429536,384.4884042,NA,NA,572.5904437,NA,NA,NA,NA,NA,13.233783152,NA,NA,NA,NA,NA,NA,NA,NA,NA,NA,NA,NA,NA,NA,NA,NA,NA,NA,NA,NA,NA,NA,NA,NA,NA,NA
"76",2020-06-03,9005,1448.15241515203,1404,462.749143425,377.315795736,NA,NA,595.101732884,NA,NA,NA,NA,NA,12.931197674,NA,NA,NA,NA,NA,NA,NA,NA,NA,0,NA,NA,NA,NA,NA,NA,NA,NA,NA,NA,NA,NA,NA,0.05454543303,0,NA
"77",2020-06-04,9005,1566.42000588798,1406,533.304039987,410.210375416,NA,NA,609.648671618,NA,NA,NA,0.00526316,NA,13.182644408,NA,NA,NA,NA,NA,NA,NA,NA,NA,NA,NA,NA,NA,NA,NA,NA,NA,NA,NA,NA,NA,NA,NA,0.05345574498,0.015555554,NA
"78",2020-06-05,9005,1585.338818531,1409,525.370027808,426.845949483,NA,NA,617.905655838,NA,NA,NA,NA,NA,15.217185402,NA,NA,NA,NA,NA,NA,NA,NA,NA,NA,NA,NA,0,NA,NA,NA,NA,NA,NA,NA,NA,NA,NA,NA,NA,NA
"79",2020-06-06,9005,1744.229530906,1413,577.32959304,452.117294761,NA,NA,626.248910664,NA,NA,NA,NA,NA,14.448949641,NA,NA,NA,NA,NA,NA,NA,NA,NA,0,74.04438468,NA,0.04039812,NA,NA,NA,NA,NA,NA,NA,NA,NA,NA,NA,NA,NA
"80",2020-06-07,9005,1492.81749166329,1419,496.097998992,421.414179678,NA,NA,557.511053112,NA,NA,NA,NA,NA,17.693295718,NA,NA,NA,NA,NA,NA,NA,NA,NA,0.08742677706,NA,NA,0.01353738623,NA,NA,NA,NA,NA,NA,NA,NA,NA,NA,NA,NA,NA
"81",2020-06-08,9005,1503.40093844309,1426,484.214523696,401.652694416,NA,NA,602.99754118,NA,NA,NA,NA,NA,14.4625357,NA,NA,NA,NA,NA,NA,NA,NA,NA,NA,NA,0,NA,NA,NA,0.07364345109,NA,NA,NA,NA,NA,NA,NA,NA,NA,NA
"82",2020-06-09,9005,1575.02881861209,1432,524.060072092,405.360421537,NA,NA,632.870394375,NA,NA,NA,NA,NA,12.663869575,NA,NA,NA,NA,NA,NA,NA,NA,NA,NA,NA,NA,NA,NA,NA,0.07406103309,NA,NA,NA,NA,NA,NA,NA,NA,NA,NA
"83",2020-06-10,9005,1649.051993952,1430,541.29271521,425.586084136,NA,NA,668.05356721,NA,NA,NA,NA,NA,14.119627396,NA,NA,NA,NA,NA,NA,NA,NA,NA,NA,NA,NA,NA,NA,NA,NA,NA,NA,NA,NA,NA,NA,NA,NA,NA,NA
"84",2020-06-11,9005,1500.256034925,1435,495.38800233,391.423207967,NA,NA,599.17710393,NA,NA,NA,NA,NA,14.22525965,NA,NA,NA,NA,NA,NA,NA,NA,NA,0.042461048,NA,NA,NA,NA,NA,NA,NA,NA,NA,NA,NA,NA,NA,NA,NA,NA
"85",2020-06-12,9005,1733.57644375272,1435,577.962981254,467.655240057,NA,NA,675.410244003,NA,NA,NA,NA,NA,12.11576635,NA,NA,NA,NA,NA,NA,NA,NA,NA,NA,NA,0.432212088717,NA,NA,NA,NA,NA,NA,NA,NA,NA,NA,NA,NA,NA,NA
"86",2020-04-22,9009,1570.93372903926,5811,1027.68019712,327.717725952,117.19556706,85.61475825,NA,12.356831837,NA,NA,0.002281802,NA,NA,NA,NA,NA,NA,NA,NA,NA,0.020643518259,NA,NA,NA,0.237805568,NA,NA,NA,NA,NA,NA,NA,NA,NA,NA,NA,0.107917932,NA,NA
"87",2020-04-23,9009,1607.100260402,6064,1051.24612464,325.642877209,117.98274586,90.9939412,NA,12.364179239,8.508409854,NA,0,0,NA,NA,NA,NA,NA,NA,NA,NA,NA,NA,0.0244361,NA,0.3375463,NA,NA,NA,NA,NA,NA,NA,NA,NA,NA,NA,NA,NA,NA
"88",2020-04-24,9009,1621.481897168,6286,1042.82755416,354.11919573,127.66606848,84.6443532,NA,11.869427136,NA,NA,0.00442968,NA,NA,NA,NA,NA,NA,NA,NA,NA,NA,NA,NA,NA,0.350868782,NA,0,NA,NA,NA,NA,NA,NA,NA,NA,NA,NA,NA,NA
"89",2020-04-25,9009,1811.31248120854,6509,1162.3973427,399.56959116,139.17881238,97.06814784,NA,13.043833495,NA,NA,NA,NA,NA,NA,NA,NA,NA,0.029508201,NA,NA,NA,NA,0.02524543254,NA,NA,NA,NA,NA,NA,NA,NA,NA,NA,NA,NA,NA,NA,NA,NA
"90",2020-04-26,9009,1272.354671187,6715,798.611815149,277.98972417,108.11880864,76.69565064,NA,10.938672588,NA,NA,0,NA,NA,NA,NA,NA,NA,NA,NA,NA,NA,NA,NA,NA,NA,NA,NA,NA,NA,NA,NA,NA,NA,NA,NA,NA,0,NA,NA
"91",2020-04-27,9009,1658.18829245204,6993,1039.033596835,374.648443425,135.68517064,92.99219895,NA,15.362270472,NA,NA,0.00227014792,0.00178571394,NA,NA,NA,NA,NA,NA,NA,NA,NA,NA,0,NA,0.409433109,NA,NA,NA,NA,NA,NA,NA,NA,NA,NA,NA,0.05312315918,NA,NA
"92",2020-04-28,9009,1904.08889984841,7089,1195.61924414,430.65564184,155.133927,105.77896266,NA,16.10272182,NA,NA,NA,NA,NA,NA,NA,NA,NA,NA,NA,NA,NA,NA,0.05558171641,NA,0.733829018,0.008991654,NA,NA,NA,NA,NA,NA,NA,NA,NA,NA,NA,NA,NA
"93",2020-04-30,9009,1898.55273748,7536,1183.33811108,433.190436024,154.66850856,108.79568505,NA,18.031608468,NA,NA,NA,NA,NA,NA,NA,NA,NA,NA,NA,NA,NA,NA,0.08368796,NA,0.339009298,NA,NA,NA,NA,NA,NA,NA,NA,NA,NA,NA,0.10569104,NA,NA
"94",2020-05-01,9009,2090.97157625598,7900,1302.77373624,485.194636188,167.39445606,116.52471495,NA,18.674902161,NA,NA,NA,0,NA,NA,NA,NA,NA,NA,NA,NA,0,NA,NA,NA,0.352841122,NA,NA,NA,NA,NA,NA,NA,NA,NA,NA,NA,0.05628953498,NA,NA
"95",2020-05-02,9009,2303.764805984,8024,1414.48992787,550.531077824,181.816187,137.18031999,NA,19.691926044,NA,NA,NA,NA,NA,NA,NA,NA,NA,NA,NA,NA,NA,NA,0,NA,0,NA,NA,NA,NA,NA,NA,NA,NA,NA,NA,NA,0.055367256,NA,NA
"96",2020-05-03,9009,2050.75583832713,8024,1213.43617286,509.957580416,179.72555972,129.85205289,NA,17.532137056,NA,NA,0.00282486,NA,NA,NA,NA,NA,NA,0,NA,NA,NA,NA,0.06291707268,NA,0.13034343742,NA,NA,NA,NA,NA,NA,NA,NA,NA,NA,NA,0.05625001503,0,NA
"97",2020-05-04,9009,2257.52414070073,8110,1371.08109905,522.178366408,202.16353386,137.72553985,NA,23.808734151,NA,NA,0.00280898995,NA,NA,NA,NA,NA,NA,0.0330330341,NA,NA,NA,NA,0.03193987268,NA,0.264349258,NA,NA,NA,NA,NA,NA,NA,NA,NA,NA,NA,0.234736227,NA,NA
"98",2020-05-05,9009,2418.132795826,8337,1507.4766468,556.861529271,192.22215885,138.13585666,NA,23.346132573,NA,NA,NA,NA,NA,NA,NA,NA,NA,NA,NA,NA,NA,NA,0.0321678,NA,NA,NA,NA,NA,NA,NA,NA,NA,NA,NA,NA,NA,0.058303872,NA,NA
"99",2020-05-06,9009,2342.92473130458,8419,1435.5099926,567.28936837,186.20232925,130.37774008,NA,23.441393536,NA,NA,0.006539508,NA,NA,NA,NA,NA,NA,0.0338028132,NA,NA,NA,NA,0.06356514738,NA,0,NA,NA,NA,NA,NA,NA,NA,NA,NA,NA,NA,NA,NA,NA
"100",2020-05-07,9009,2497.2173577847,8678,1510.74380317,608.35030425,196.21275242,142.1010586,NA,25.656170358,13.43468529,NA,NA,0,NA,NA,NA,NA,NA,0.030470913,NA,NA,NA,NA,0.06344826069,NA,0.5682864,NA,NA,NA,NA,NA,NA,NA,NA,NA,NA,NA,0.05637812301,NA,NA
"101",2020-05-08,9009,2506.51759789,8887,1519.16459688,613.747490808,203.1790511,143.701213,NA,26.27656851,NA,NA,0.009672222,NA,NA,NA,NA,NA,NA,NA,NA,NA,NA,NA,NA,NA,0.43900537,NA,NA,NA,NA,NA,NA,NA,NA,NA,NA,NA,NA,NA,NA
"102",2020-05-09,9009,2442.35980552748,9091,1512.9440508,579.88628404,191.06730054,136.58023161,NA,21.505020075,NA,NA,NA,NA,NA,NA,NA,NA,NA,0.0340557239,NA,NA,NA,NA,0.03554725124,NA,0.307315487337,NA,NA,NA,NA,NA,NA,NA,NA,NA,NA,NA,NA,NA,NA
"103",2020-05-10,9009,2471.898256969,9209,1474.007286,613.504934541,197.68474403,153.50534682,NA,21.854191934,11.22438558,NA,NA,0,NA,NA,NA,NA,NA,NA,NA,NA,NA,NA,NA,NA,NA,NA,NA,NA,NA,NA,NA,NA,NA,NA,NA,NA,0.117368064,NA,NA
"104",2020-05-11,9009,2549.40736936,9260,1525.59127552,625.104805832,212.68383381,146.31708402,NA,24.578605408,15.13176477,NA,NA,NA,NA,NA,NA,NA,NA,NA,NA,NA,NA,NA,NA,NA,0,NA,NA,NA,NA,NA,NA,NA,NA,NA,NA,NA,0,NA,NA
"105",2020-05-12,9009,2508.759643157,9430,1504.15397472,629.716025632,204.21079539,146.37353749,NA,23.472222696,NA,NA,NA,0,NA,NA,NA,NA,NA,NA,NA,NA,0,NA,0.035830641,NA,0.62417964,NA,NA,NA,NA,NA,NA,NA,NA,NA,NA,NA,0.173076948,NA,NA
"106",2020-05-13,9009,2696.15171063856,9570,1601.63110688,677.761882752,214.02183033,162.09719487,NA,27.558866388,12.34502136,NA,NA,NA,NA,NA,NA,NA,NA,0.0989010936,NA,NA,0.06027598796,NA,NA,NA,0.465081638,NA,NA,NA,NA,NA,NA,NA,NA,NA,NA,NA,0.111549339,NA,NA
"107",2020-05-14,9009,2882.29179972267,9712,1692.19620696,740.46314241,231.8356638,171.61302142,NA,29.87247908,15.880783,NA,0.007518798,NA,NA,NA,NA,NA,NA,NA,NA,NA,NA,NA,0,NA,0.313531537671,NA,NA,NA,NA,NA,NA,NA,NA,NA,NA,NA,0.109452717,NA,NA
"108",2020-05-15,9009,3034.0403542694,9881,1779.41631559,778.371792816,234.46464678,190.0887429,NA,32.974290016,17.507260298,NA,NA,NA,NA,0.0883977864,NA,NA,NA,NA,NA,NA,NA,NA,0.185185165,NA,0.943722918,NA,NA,NA,NA,NA,NA,NA,NA,NA,NA,NA,NA,NA,NA
"109",2020-05-16,9009,3156.34214684966,10075,1894.4869566,819.511494378,228.24466284,185.08014378,NA,28.8487215,NA,NA,0.00368227293,NA,NA,NA,NA,NA,NA,0,NA,NA,NA,NA,NA,NA,0.166485478734,NA,NA,NA,NA,NA,NA,NA,NA,NA,NA,NA,NA,NA,NA
"110",2020-05-17,9009,2625.76027176098,10159,1527.67611672,685.464121628,212.71990662,171.36974313,NA,27.969531057,NA,NA,NA,0.00158102798,NA,NA,NA,NA,NA,0.033240996,NA,NA,NA,NA,0,NA,0.526030582,NA,NA,NA,NA,NA,NA,NA,NA,NA,NA,NA,NA,0,NA
"111",2020-05-18,9009,3038.54723826604,10338,1747.87184946,805.413162333,247.3654016,187.9205328,NA,31.9989222,17.66881053,NA,0,0,NA,NA,NA,NA,NA,NA,NA,NA,NA,NA,NA,NA,0.169722060993,NA,NA,NA,NA,NA,NA,0.138837282042,NA,NA,NA,NA,0,NA,NA
"112",2020-05-19,9009,3142.887563378,10427,1805.30562484,845.5338618,249.3860121,189.07757491,NA,31.15182928,21.24925726,NA,0.007474642,0.00332502,NA,NA,NA,NA,NA,NA,NA,NA,NA,NA,0,NA,1.172603526,NA,NA,NA,NA,NA,NA,NA,NA,NA,NA,NA,NA,NA,NA
"113",2020-05-20,9009,3346.22035723612,10587,1920.29049022,906.898860468,256.4084409,208.34709945,NA,32.164905472,21.973945764,NA,0.00426439192,0.0049792542,NA,NA,NA,NA,NA,NA,NA,NA,NA,NA,0.127371316,NA,NA,NA,NA,NA,NA,NA,NA,NA,NA,NA,NA,NA,0,0,NA
"114",2020-05-21,9009,3379.19304809327,10663,1918.53482634,939.60731909,263.19076793,202.18831524,NA,33.020665608,22.360508432,NA,0.008363824,0.00164069002,NA,NA,NA,NA,NA,NA,NA,NA,NA,NA,0.042437898,NA,0.17161227473,NA,NA,NA,NA,NA,NA,NA,NA,NA,NA,NA,0.05439564702,0.0121951195,NA
"115",2020-05-22,9009,3612.86297846594,10756,2075.19323529,1017.9216618,264.63225514,220.3388736,NA,33.85545072,NA,NA,NA,0,NA,NA,NA,NA,NA,NA,NA,NA,NA,NA,0.04113787894,NA,0.880364037,NA,NA,NA,NA,NA,NA,NA,NA,NA,NA,NA,NA,NA,NA
"116",2020-05-23,9009,3116.60979443897,10847,1848.93421986,830.833061455,226.16027016,184.13464104,NA,26.49229468,NA,NA,NA,NA,NA,NA,NA,NA,NA,NA,NA,NA,NA,NA,NA,NA,NA,NA,NA,NA,NA,NA,NA,NA,NA,NA,NA,NA,0.05530724397,NA,NA
"117",2020-05-24,9009,3069.32549575,10905,1777.37118438,856.975814234,216.28193642,187.9147723,NA,30.781788416,NA,NA,NA,0,NA,NA,NA,NA,NA,0,NA,NA,NA,NA,NA,NA,0,NA,NA,NA,NA,NA,NA,NA,NA,NA,NA,NA,0,NA,NA
"118",2020-05-25,9009,2744.84337810937,11017,1495.364710257,766.764280321,228.06033106,188.56554508,NA,38.680910772,19.117127932,NA,NA,0.0031055898,7.471428422,NA,NA,NA,NA,0.168103442,NA,NA,NA,NA,NA,NA,0.5818332,0.0119331806,NA,NA,NA,NA,NA,NA,NA,NA,NA,NA,0.05406885297,0,NA
"119",2020-05-26,9009,3522.2812533299,11121,1926.2856713,1006.74934501,288.853936,224.68393494,NA,48.726248725,26.407127569,NA,NA,0,NA,NA,NA,NA,NA,0.0876404503,NA,NA,NA,NA,0.127917405,NA,0.189889271,0.0125156402,NA,NA,NA,NA,0,NA,NA,NA,NA,NA,0.107027019,0.0500000004,NA
"120",2020-05-27,9009,3668.524119383,11124,2031.87974366,1051.39306632,280.3787696,231.4445241,NA,46.291560588,27.008249955,NA,0,NA,NA,NA,NA,NA,NA,NA,NA,NA,NA,NA,0.12820516,NA,NA,NA,NA,NA,NA,NA,NA,NA,NA,NA,NA,NA,NA,NA,NA
"121",2020-05-28,9009,3571.69954463791,11198,1987.14692709,1012.07549072,271.84160862,231.16201814,NA,43.825501324,25.509525492,NA,NA,0,NA,NA,NA,NA,NA,NA,NA,NA,NA,NA,0.0857014019,NA,0,NA,NA,NA,NA,NA,0,NA,NA,NA,NA,NA,0.05277185001,NA,NA
"122",2020-05-29,9009,3623.37674697217,11241,2058.58708169,1023.12375606,271.5733075,230.6455369,NA,38.678093124,NA,NA,NA,NA,NA,0.1630093894,NA,NA,NA,0.1158129206,NA,NA,NA,NA,0,NA,0.384493034065,NA,NA,NA,NA,NA,NA,NA,NA,NA,NA,NA,0.1056563541,NA,NA
"123",2020-05-30,9009,3772.42927069818,11309,2136.52889058,1087.75458029,264.92967281,240.4669872,NA,41.674248264,NA,NA,NA,NA,NA,0.2047244082,NA,NA,NA,NA,NA,NA,NA,NA,NA,NA,0.81600959,NA,NA,NA,NA,NA,NA,NA,NA,NA,NA,NA,0.05415755598,NA,NA
"124",2020-05-31,9009,3323.05823310193,11323,1837.8389334,947.158661592,251.34987449,241.72948848,NA,44.772333606,NA,NA,NA,NA,NA,NA,NA,NA,NA,NA,NA,NA,NA,NA,NA,NA,0.20894153393,NA,NA,NA,NA,NA,NA,NA,NA,NA,NA,NA,0,0,NA
"125",2020-06-01,9009,3710.73743384299,11479,2061.90773014,1008.241822365,290.393012,275.05061703,NA,50.742059789,23.943907325,NA,NA,NA,NA,NA,NA,NA,NA,NA,NA,NA,NA,NA,NA,NA,0.403254657,NA,NA,NA,NA,NA,NA,NA,NA,NA,NA,NA,0.05503053699,NA,NA
"126",2020-06-02,9009,3752.05573476935,11525,2094.03698336,1041.472421304,291.6079385,250.640145,NA,47.66844628,25.890371952,NA,NA,NA,NA,NA,NA,NA,NA,0.029017859,NA,NA,NA,NA,NA,NA,0.600836621346,NA,NA,NA,NA,NA,NA,NA,NA,NA,NA,NA,0.109573893,NA,NA
"127",2020-06-03,9009,3788.0678828766,11548,2090.72317116,1078.00278894,294.24254184,251.75478105,NA,46.6644794,25.393417192,NA,NA,0,NA,NA,NA,NA,NA,0.0842332686,NA,NA,NA,NA,NA,NA,1.202470026,NA,NA,NA,NA,NA,NA,NA,NA,NA,NA,NA,NA,0,NA
"128",2020-06-04,9009,4015.16274856058,11582,2252.86477734,1118.94304332,298.89181048,267.60622945,NA,48.461501952,27.534325011,NA,0.015789469,0.00245098,NA,NA,NA,NA,NA,0.1194029872,NA,NA,NA,NA,NA,NA,0.600950531384,NA,NA,NA,NA,NA,NA,NA,NA,NA,NA,NA,0.106911486,0.015555554,NA
"129",2020-06-05,9009,3868.87114749209,11673,2146.3721048,1109.09739825,302.35361842,260.89128,NA,50.073243464,NA,NA,NA,0.000773395,NA,NA,NA,NA,NA,NA,NA,NA,NA,NA,0.08272916309,NA,NA,NA,NA,NA,NA,NA,NA,NA,NA,NA,NA,NA,NA,NA,NA
"130",2020-06-06,9009,4007.17331722232,11817,2274.803955,1144.42180732,287.54463807,251.26199236,NA,48.065808576,NA,NA,NA,0.00078492903,NA,NA,NA,NA,NA,NA,NA,NA,NA,NA,0,NA,1.07433096729,NA,NA,NA,NA,NA,NA,NA,NA,NA,NA,NA,NA,NA,NA
"131",2020-06-07,9009,3689.00009854606,11828,2032.28145648,1051.442859222,274.13983113,256.9879638,NA,49.24652979,24.258135744,NA,NA,0.00159109,NA,0.3808290528,NA,NA,NA,NA,NA,0.137016437235,NA,NA,0.04371334003,NA,NA,NA,NA,NA,NA,NA,NA,0.08017246,NA,NA,NA,NA,NA,0,NA
"132",2020-06-08,9009,4005.8863095288,11860,2198.4826032,1112.48455028,317.57778632,291.14840456,NA,59.833508,26.311742922,NA,0.0053561898,NA,NA,NA,NA,NA,NA,NA,NA,NA,NA,NA,0.042358057,NA,NA,NA,NA,NA,NA,NA,NA,NA,NA,NA,NA,NA,0,NA,NA
"133",2020-06-09,9009,4147.36079925897,11875,2304.86005428,1147.12336777,326.786696,283.59677856,NA,55.487935536,29.383962165,NA,NA,NA,NA,NA,NA,NA,NA,0.025193792,NA,NA,NA,NA,0.04258125497,NA,NA,NA,NA,NA,NA,NA,NA,NA,NA,NA,NA,NA,0.054229901,NA,NA
"134",2020-06-10,9009,4101.73582082399,11911,2264.91867048,1167.63369724,323.4563904,288.28562961,NA,56.53683009,NA,NA,0.01053186,0,NA,NA,NA,NA,NA,NA,NA,NA,NA,NA,NA,NA,0.840688504,0,NA,NA,NA,NA,NA,NA,NA,NA,NA,NA,0.05338263999,NA,NA
"135",2020-06-11,9009,3837.038675648,11930,2117.62244025,1092.813777748,307.58635215,268.0093493,NA,50.127171244,NA,NA,0.026001041,NA,NA,NA,NA,NA,NA,NA,NA,NA,NA,NA,NA,NA,0.853583915,NA,NA,NA,NA,NA,NA,NA,NA,NA,NA,NA,0,NA,NA
"136",2020-06-12,9009,4385.95565686105,11979,2412.916344,1272.5947716,319.9323029,296.98534592,NA,53.85651135,28.911193584,NA,0.0051150902,0,NA,NA,NA,NA,NA,NA,NA,NA,NA,NA,NA,NA,0.648318102849,NA,NA,NA,0,NA,NA,NA,NA,NA,NA,NA,0.105754314,NA,NA
"137",2020-04-22,9001,1994.58698230702,9883,NA,47.57806896,70.31734168,NA,606.92053929,NA,NA,NA,NA,NA,NA,NA,NA,NA,NA,NA,NA,NA,0,NA,0.04927538502,38.464684089,NA,NA,NA,44.575931478,NA,1186.681141425,NA,NA,NA,NA,NA,NA,NA,NA,NA
"138",2020-04-23,9001,1992.99168733145,10008,NA,53.392536236,70.84724471,NA,633.14017824,NA,NA,NA,0,NA,NA,NA,NA,NA,NA,NA,NA,NA,NA,NA,NA,38.44099074,0.08438780245,NA,NA,45.158268585,NA,1151.928081018,NA,NA,NA,NA,NA,NA,NA,NA,NA
"139",2020-04-24,9001,2030.2277790916,10227,NA,55.45950463,73.868373232,NA,651.8930873,NA,NA,NA,NA,NA,NA,NA,NA,NA,NA,0,NA,NA,NA,NA,NA,34.775239482,0.087715896603,NA,NA,47.449948247,NA,1166.693910304,NA,NA,NA,NA,NA,NA,NA,NA,NA
"140",2020-04-27,9001,2064.55084163775,10763,NA,63.999138393,78.834502404,NA,696.484786032,NA,NA,NA,NA,0,NA,NA,NA,NA,NA,NA,NA,NA,NA,NA,0.02822967159,35.12401389,0.102357518979,NA,NA,62.580148875,NA,1127.344541694,NA,NA,NA,NA,NA,NA,0.05312315918,NA,NA
"141",2020-04-28,9001,2486.52734286982,10874,NA,70.667733136,89.8437492,NA,790.45369914,NA,NA,NA,NA,NA,NA,NA,NA,NA,NA,NA,NA,NA,NA,NA,0.083372605,44.178498306,0.524163143,NA,NA,71.53133552,NA,1419.193553085,NA,NA,NA,NA,NA,NA,0.05123873482,NA,NA
"142",2020-04-30,9001,2352.73320723282,11294,NA,70.663459422,88.399665486,NA,791.07185568,NA,NA,NA,NA,0.001754386,NA,NA,NA,NA,NA,NA,NA,NA,NA,NA,0.027895967,47.221072472,NA,NA,NA,64.78069146,NA,1290.513966838,NA,NA,NA,NA,NA,NA,0.05284552182,NA,NA
"143",2020-05-01,9001,2594.61869146448,11612,NA,67.613328828,102.08809026,NA,883.19867,NA,NA,NA,NA,NA,NA,NA,NA,NA,NA,NA,NA,NA,NA,NA,NA,43.676043964,0.117612550481,NA,NA,79.42396572,NA,1418.500980142,NA,NA,NA,NA,NA,NA,NA,NA,NA
"144",2020-05-04,9001,2831.29878357988,12245,NA,89.436930238,124.68770115,NA,967.8641877,NA,NA,NA,0,0,NA,NA,NA,NA,NA,NA,NA,NA,NA,NA,0.06387974604,62.546083352,NA,0.01062417584,NA,90.952809012,NA,1495.736568206,NA,NA,NA,NA,NA,NA,NA,NA,NA
"145",2020-05-05,9001,3002.780875126,12360,NA,91.351170846,112.9524942,NA,1005.25078248,NA,NA,NA,NA,NA,NA,NA,NA,NA,NA,NA,NA,NA,NA,NA,NA,56.779841526,0,NA,NA,94.759422386,NA,1641.687163688,NA,NA,NA,NA,NA,NA,NA,NA,NA
"146",2020-05-06,9001,2946.21994137138,12455,NA,92.49069798,119.2750265,NA,995.16671634,NA,NA,NA,0.0098092614,NA,NA,NA,NA,NA,NA,NA,NA,NA,NA,NA,NA,55.153971096,0.275257416,NA,NA,95.45357848,NA,1588.33775793,NA,NA,NA,NA,NA,NA,0.05712636798,NA,NA
"147",2020-05-07,9001,3087.40036053,12679,NA,98.76980025,127.24688394,NA,1031.14130788,NA,NA,NA,NA,NA,NA,NA,NA,NA,NA,NA,NA,NA,NA,NA,NA,55.874771887,NA,NA,NA,91.071910592,NA,1683.295685981,NA,NA,NA,NA,NA,NA,NA,NA,NA
"148",2020-05-08,9001,3070.90375426898,12879,NA,99.822733624,122.2150709,NA,1063.99616387,NA,NA,NA,0.003224076,0.00167223998,NA,NA,NA,NA,NA,NA,NA,NA,NA,NA,0,60.480564329,NA,NA,NA,104.703769182,NA,1619.680556048,NA,NA,NA,NA,NA,NA,NA,NA,NA
"149",2020-05-11,9001,3126.62502155776,13312,NA,102.135470892,129.60420633,NA,1093.7214722,NA,NA,NA,NA,NA,NA,NA,NA,NA,NA,NA,NA,NA,NA,NA,0.03598486076,51.280110714,NA,0,NA,86.796545346,NA,1663.051231215,NA,NA,NA,NA,NA,NA,NA,NA,NA
"150",2020-05-12,9001,2942.95143133283,13488,NA,98.12864684,120.7730757,NA,1063.5538744,NA,NA,NA,NA,NA,NA,NA,NA,NA,NA,0,NA,NA,NA,NA,NA,52.056755685,NA,0.01117685383,NA,87.792926544,NA,1520.63497531,NA,NA,NA,NA,NA,NA,NA,NA,NA
"151",2020-05-13,9001,3227.228728928,13636,NA,116.161926228,137.95731306,NA,1123.3919631,NA,NA,NA,NA,NA,NA,NA,NA,NA,NA,0.131868132,NA,NA,NA,NA,NA,62.448179904,NA,NA,NA,98.977105944,NA,1688.16037256,NA,NA,NA,NA,NA,NA,0,NA,NA
"152",2020-05-14,9001,3397.51058529573,13836,NA,114.74213136,137.10556113,NA,1194.04640464,NA,NA,NA,NA,NA,NA,NA,NA,NA,NA,0.0652173984,NA,NA,NA,NA,NA,61.052895864,0.156768097329,NA,NA,100.624630075,NA,1789.716976731,NA,NA,NA,NA,NA,NA,NA,NA,NA
"153",2020-05-15,9001,3601.22018162985,14009,NA,116.68712535,142.12120944,NA,1267.60651487,NA,NA,NA,NA,NA,NA,NA,NA,NA,NA,0.200557104,NA,NA,NA,NA,0.03703705085,67.594201158,0,NA,NA,105.435292917,NA,1901.53824374,NA,NA,NA,NA,NA,NA,NA,NA,NA
"154",2020-05-18,9001,3513.90036537001,14439,NA,132.624704654,158.1411584,NA,1318.44731904,NA,NA,NA,NA,0,NA,NA,NA,NA,NA,NA,NA,NA,NA,NA,NA,71.331668928,0,NA,NA,101.626574308,NA,1731.659521398,NA,0.069418642014,NA,NA,NA,NA,0,NA,NA
"155",2020-05-19,9001,3629.24917828575,14522,NA,127.16192105,145.9859847,NA,1305.41076748,NA,NA,NA,0.00373732114,NA,NA,NA,NA,NA,NA,0.032432436,NA,NA,NA,NA,0,78.70780582,0.83757245763,NA,NA,117.17051898,NA,1853.883254053,NA,NA,NA,NA,NA,NA,0.05518398798,NA,NA
"156",2020-05-20,9001,3792.01238771212,14719,NA,138.439581516,164.55360486,NA,1374.40486935,NA,NA,NA,NA,0,NA,NA,NA,NA,NA,NA,NA,NA,NA,NA,0.08491414612,74.42225938,NA,0,NA,117.35885296,NA,1922.7483055,NA,NA,NA,NA,NA,NA,0,0,NA
"157",2020-05-21,9001,3951.64543437406,14751,NA,144.818757616,168.70421807,NA,1422.25599805,NA,NA,NA,NA,NA,NA,NA,NA,NA,NA,NA,NA,NA,NA,NA,NA,79.592795835,0.34321930054,NA,NA,124.73847,NA,2011.125384736,NA,NA,NA,NA,NA,NA,0.05439564702,0.0121951195,NA
"158",2020-05-22,9001,4389.157147392,14889,NA,153.779068206,168.22947064,NA,1535.86623448,NA,NA,NA,NA,0,NA,NA,NA,NA,NA,NA,NA,NA,NA,NA,NA,92.594879112,NA,NA,NA,130.78269853,NA,2307.904796424,NA,NA,NA,NA,NA,NA,NA,NA,NA
"159",2020-05-26,9001,4056.94815873515,15355,NA,158.565907934,183.8460512,NA,1471.67340243,NA,NA,NA,NA,NA,NA,NA,NA,NA,NA,0.350561796,NA,NA,NA,NA,0.08527826715,85.75396614,NA,NA,NA,119.927191202,NA,2036.531745728,0,NA,NA,NA,NA,NA,0.214054038,NA,NA
"160",2020-05-27,9001,4333.953228943,15314,NA,166.009437816,176.7038344,NA,1515.78838836,NA,NA,NA,NA,0,NA,NA,NA,NA,NA,0.150812064,NA,NA,NA,NA,NA,80.277687976,NA,NA,NA,129.32267115,NA,2265.59178497,NA,NA,NA,NA,NA,NA,0.108612207,NA,NA
"161",2020-05-28,9001,4173.4839694999,15353,NA,174.179142268,174.6015053,NA,1473.65724792,NA,NA,NA,NA,NA,NA,NA,NA,NA,NA,0.089041095,NA,NA,NA,NA,0.0857014019,86.216625027,0,0.01253132,NA,124.26174204,NA,2140.380433128,NA,NA,NA,NA,NA,NA,NA,NA,NA
"162",2020-05-29,9001,4270.42929634903,15409,NA,161.501572668,172.615575,NA,1518.62234193,NA,NA,NA,NA,NA,NA,NA,NA,NA,NA,0.086859682,NA,NA,NA,NA,NA,96.877426828,NA,NA,NA,132.66025667,NA,2188.012435392,NA,NA,NA,NA,NA,NA,0.05282817903,NA,NA
"163",2020-06-01,9001,4410.42072541835,15709,NA,170.750629775,194.104806,NA,1637.55499661,NA,NA,NA,NA,NA,NA,NA,NA,NA,NA,0.0900692806,NA,NA,NA,NA,NA,101.066453748,0.604878911754,NA,NA,133.65311442,NA,2172.595776673,NA,NA,NA,NA,NA,NA,NA,NA,NA
"164",2020-06-02,9001,4357.33806034008,15776,NA,163.796849328,170.80372524,NA,1578.538682,NA,NA,NA,NA,0.00082372298,NA,0.2562500041,NA,NA,NA,0.174107141,NA,NA,NA,NA,NA,91.31850624,NA,NA,NA,133.31871484,NA,2219.130401824,NA,NA,NA,NA,NA,NA,NA,NA,NA
"165",2020-06-03,9001,4395.66102503497,15789,NA,167.168959254,180.5617008,NA,1588.28281904,NA,NA,NA,NA,NA,NA,NA,NA,NA,NA,NA,NA,NA,NA,NA,0.04267485997,94.706382681,NA,NA,NA,141.22345888,NA,2223.67502952,NA,NA,NA,NA,NA,NA,NA,NA,NA
"166",2020-06-04,9001,4681.13919733031,15843,NA,187.129018208,191.90305596,NA,1690.5249348,NA,NA,NA,NA,NA,NA,NA,NA,NA,NA,NA,NA,NA,NA,NA,NA,95.138919624,0.400633702308,NA,NA,139.20304344,NA,2376.839591596,NA,NA,NA,NA,NA,NA,NA,NA,NA
"167",2020-06-05,9001,4780.60574442444,15914,NA,185.190878034,193.95664177,NA,1661.791626,NA,NA,NA,0,NA,NA,NA,NA,NA,NA,NA,NA,NA,NA,NA,0.04136458203,101.051996688,1.01106821841,NA,NA,144.2195236,NA,2493.342645532,NA,NA,NA,NA,NA,NA,NA,NA,NA
"168",2020-06-09,9001,4952.53211043292,16108,NA,186.372604358,196.51247216,NA,1758.69901875,NA,NA,NA,NA,0,NA,0.163705601,NA,NA,NA,0.226744167,NA,NA,NA,NA,0.04258125497,112.964208608,0.84257067095,0.013513512,NA,138.1098368,NA,2558.53062465,NA,NA,NA,NA,NA,NA,0.054229901,NA,NA
"169",2020-06-11,9001,4725.06113677993,16155,NA,167.264242365,187.55686775,NA,1634.0872935,NA,NA,NA,NA,NA,NA,NA,NA,NA,NA,0.262385331,NA,NA,NA,NA,0,105.796768139,0.640182935341,NA,NA,141.64755182,NA,2487.716751875,NA,NA,NA,NA,NA,NA,0.05369483099,0.0353982336,NA
"170",2020-06-12,9001,5185.887640865,16178,NA,198.201185214,203.681604,NA,1806.99477552,NA,NA,NA,0,NA,NA,NA,NA,NA,NA,NA,NA,NA,NA,NA,NA,104.55707469,0.864424164,NA,NA,170.4406821,NA,2701.126151164,0.021744013,NA,NA,NA,NA,NA,0,NA,NA
"171",2020-04-22,9007,449.835727697,525,NA,186.379154592,NA,NA,233.587579524,22.2864287,7.582564881,NA,NA,NA,NA,NA,NA,NA,NA,NA,NA,NA,NA,NA,NA,NA,NA,NA,NA,NA,NA,NA,NA,NA,NA,NA,NA,NA,NA,NA,NA
"172",2020-04-23,9007,461.728619667,545,NA,187.776646226,NA,NA,250.38158976,23.570383681,NA,NA,NA,NA,NA,NA,NA,NA,NA,NA,NA,NA,NA,NA,0,NA,0,NA,NA,NA,NA,NA,NA,NA,NA,NA,NA,NA,0,0,NA
"173",2020-04-24,9007,473.476421022,561,NA,204.44700234,NA,NA,238.402131968,22.442534464,8.18475225,NA,NA,NA,NA,NA,NA,NA,NA,NA,NA,NA,NA,NA,NA,NA,NA,NA,NA,NA,NA,NA,NA,NA,NA,NA,NA,NA,NA,NA,NA
"174",2020-04-25,9007,605.207897128,576,NA,266.236348338,NA,NA,307.891796757,31.079752033,NA,NA,NA,NA,NA,NA,NA,NA,NA,NA,NA,NA,NA,NA,NA,NA,0,NA,NA,NA,NA,NA,NA,NA,NA,NA,NA,NA,NA,NA,NA
"175",2020-04-26,9007,383.690731508,588,NA,163.631077908,NA,NA,198.42431501,21.63533859,NA,NA,NA,NA,NA,NA,NA,NA,NA,NA,NA,NA,NA,NA,NA,NA,NA,NA,NA,NA,NA,NA,NA,NA,NA,NA,NA,NA,NA,NA,NA
"176",2020-04-27,9007,495.14673198594,609,NA,205.462589715,NA,NA,263.121422193,26.560934364,NA,NA,NA,0.00178571394,NA,NA,NA,NA,NA,NA,NA,NA,NA,NA,NA,NA,NA,NA,NA,NA,NA,NA,NA,NA,NA,NA,NA,NA,NA,NA,NA
"177",2020-04-28,9007,574.067211040588,618,NA,243.393886296,NA,NA,298.383184068,32.15751839,NA,NA,NA,NA,NA,NA,NA,NA,NA,NA,NA,0,0,NA,0.02779088741,NA,0.104831399178,NA,NA,NA,NA,NA,NA,NA,NA,NA,NA,NA,NA,NA,NA
"178",2020-04-30,9007,577.887108841,657,NA,247.322096775,NA,NA,299.210037312,31.29918282,NA,NA,NA,NA,NA,NA,NA,NA,NA,NA,NA,NA,NA,NA,0.055791934,NA,NA,NA,NA,NA,NA,NA,NA,NA,NA,NA,NA,NA,NA,NA,NA
"179",2020-05-01,9007,678.46031729139,687,NA,294.428451645,NA,NA,339.121483,35.199042615,9.683874904,NA,NA,NA,NA,NA,NA,NA,NA,NA,NA,NA,NA,NA,0.02746512739,NA,0,NA,NA,NA,NA,NA,NA,NA,NA,NA,NA,NA,NA,NA,NA
"180",2020-05-02,9007,800.12734065,707,NA,341.115505696,NA,NA,402.742509688,42.902139301,13.367185965,NA,NA,NA,NA,NA,NA,NA,NA,NA,NA,NA,NA,NA,NA,NA,NA,NA,NA,NA,NA,NA,NA,NA,NA,NA,NA,NA,0,NA,NA
"181",2020-05-03,9007,742.31803102903,707,NA,308.259349536,NA,NA,377.419134792,42.161878864,14.421417822,NA,NA,NA,NA,NA,NA,NA,NA,NA,NA,NA,NA,NA,NA,NA,NA,NA,NA,NA,NA,NA,NA,NA,NA,NA,NA,NA,0.05625001503,NA,NA
"182",2020-05-04,9007,694.162079231,713,NA,289.790460282,NA,NA,360.77008167,43.601537279,NA,NA,NA,NA,NA,NA,NA,NA,NA,NA,NA,NA,NA,NA,NA,NA,NA,NA,NA,NA,NA,NA,NA,NA,NA,NA,NA,NA,NA,NA,NA
"183",2020-05-05,9007,756.155001607,734,NA,322.203199872,NA,NA,376.549633971,44.558809278,12.752886814,NA,NA,NA,NA,NA,NA,NA,NA,NA,NA,NA,NA,NA,0.0321678,NA,0,NA,NA,NA,NA,NA,NA,NA,NA,NA,NA,NA,0.058303872,NA,NA
"184",2020-05-06,9007,746.086933575,742,NA,329.98800603,NA,NA,359.914674672,43.66038336,12.523869513,NA,NA,NA,NA,NA,NA,NA,NA,NA,NA,NA,NA,NA,0,NA,NA,0,NA,NA,NA,NA,NA,NA,NA,NA,NA,NA,NA,NA,NA
"185",2020-05-07,9007,817.945676572,764,NA,342.707328,NA,NA,410.603362286,49.8724541,14.762532186,NA,NA,NA,NA,NA,NA,NA,NA,NA,NA,NA,NA,NA,NA,NA,NA,NA,NA,NA,NA,NA,NA,NA,NA,NA,NA,NA,NA,NA,NA
"186",2020-05-08,9007,851.728398903,775,NA,368.451401664,NA,NA,418.670631359,50.07925721,14.52710867,NA,NA,NA,NA,NA,NA,NA,NA,NA,NA,NA,NA,NA,0,NA,NA,NA,NA,NA,NA,NA,NA,NA,NA,NA,NA,NA,NA,NA,NA
"187",2020-05-09,9007,814.216587167,789,NA,353.16060423,NA,NA,397.091807242,49.768764775,14.19541092,NA,NA,NA,NA,NA,NA,NA,NA,NA,NA,NA,NA,NA,NA,NA,NA,NA,NA,NA,NA,NA,NA,NA,NA,NA,NA,NA,0,NA,NA
"188",2020-05-10,9007,886.305277586,798,NA,382.587574698,NA,NA,433.695147554,55.382052498,14.640502836,NA,NA,NA,NA,NA,NA,NA,NA,NA,NA,NA,NA,NA,NA,NA,NA,NA,NA,NA,NA,NA,NA,NA,NA,NA,NA,NA,NA,NA,NA
"189",2020-05-11,9007,810.292377166,801,NA,347.752272894,NA,NA,412.73609032,49.804013952,NA,NA,NA,NA,NA,NA,NA,NA,NA,NA,NA,NA,NA,NA,NA,NA,NA,NA,NA,NA,NA,NA,NA,NA,NA,NA,NA,NA,NA,NA,NA
"190",2020-05-12,9007,804.871773456,823,NA,347.910682984,NA,NA,398.68448216,46.727777967,11.512999704,NA,NA,NA,NA,NA,NA,NA,NA,NA,NA,NA,NA,NA,0.035830641,NA,NA,NA,NA,NA,NA,NA,NA,NA,NA,NA,NA,NA,NA,NA,NA
"191",2020-05-13,9007,913.775124258,837,NA,383.063166704,NA,NA,463.10193699,52.862277204,14.74774336,NA,NA,NA,NA,NA,NA,NA,NA,NA,NA,NA,NA,NA,NA,NA,NA,NA,NA,NA,NA,NA,NA,NA,NA,NA,NA,NA,0,NA,NA
"192",2020-05-14,9007,970.24141012301,863,NA,417.679586115,NA,NA,478.310095104,57.913153633,16.283848864,NA,0,NA,NA,NA,NA,NA,NA,NA,NA,NA,NA,NA,NA,NA,NA,NA,NA,NA,NA,NA,NA,NA,NA,NA,NA,NA,0.05472640701,NA,NA
"193",2020-05-15,9007,1044.465608498,885,NA,450.503847304,NA,NA,517.40216254,58.148207964,18.41139069,NA,NA,NA,NA,NA,NA,NA,NA,NA,NA,NA,NA,NA,NA,NA,NA,NA,NA,NA,NA,NA,NA,NA,NA,NA,NA,NA,NA,NA,NA
"194",2020-05-16,9007,1183.882804941,898,NA,525.580383832,NA,NA,570.402039025,66.17000218,21.730379904,NA,NA,NA,NA,NA,NA,NA,NA,0,NA,NA,NA,NA,NA,NA,NA,NA,NA,NA,NA,NA,NA,NA,NA,NA,NA,NA,0,NA,NA
"195",2020-05-17,9007,994.69285452101,909,NA,451.443006586,NA,NA,463.27061641,61.273851624,18.650288085,NA,NA,NA,NA,NA,NA,NA,NA,NA,NA,NA,NA,NA,NA,NA,NA,NA,NA,NA,NA,NA,NA,NA,NA,NA,NA,NA,0.05509181601,NA,NA
"196",2020-05-18,9007,973.956837624,936,NA,446.467361652,NA,NA,465.693032712,61.79644326,NA,NA,NA,NA,NA,NA,NA,NA,NA,NA,NA,NA,NA,NA,NA,NA,NA,NA,NA,NA,NA,NA,NA,NA,NA,NA,NA,NA,NA,NA,NA
"197",2020-05-19,9007,1075.49280425798,947,NA,472.2777795,NA,NA,520.18446994,62.06884288,20.90652795,NA,NA,NA,NA,NA,NA,NA,NA,NA,NA,NA,NA,NA,NA,NA,NA,NA,NA,NA,NA,NA,NA,NA,NA,NA,NA,NA,0.05518398798,NA,NA
"198",2020-05-20,9007,1140.820213986,965,NA,506.991818898,NA,NA,568.686517263,65.034152064,NA,NA,NA,NA,NA,NA,NA,NA,NA,NA,NA,NA,NA,NA,NA,NA,NA,NA,NA,NA,NA,NA,NA,NA,NA,NA,NA,NA,0.107725761,NA,NA
"199",2020-05-21,9007,1217.068352413,972,NA,545.774183393,NA,NA,583.328809103,65.043029499,22.922330418,NA,NA,NA,NA,NA,NA,NA,NA,NA,NA,NA,NA,NA,NA,NA,NA,NA,NA,NA,NA,NA,NA,NA,NA,NA,NA,NA,0,NA,NA
"200",2020-05-22,9007,1386.997724441,992,NA,625.492395546,NA,NA,663.824922004,70.7298592,26.897803956,NA,NA,NA,NA,NA,NA,NA,NA,NA,NA,NA,NA,NA,NA,NA,NA,NA,NA,NA,NA,NA,NA,NA,NA,NA,NA,NA,0.052743735,NA,NA
"201",2020-05-23,9007,1111.82836157997,999,NA,511.50517236,NA,NA,514.439638535,65.60787933,20.220364111,NA,0,NA,NA,NA,NA,NA,NA,NA,NA,NA,NA,NA,NA,NA,NA,NA,NA,NA,NA,NA,NA,NA,NA,NA,NA,NA,0.05530724397,NA,NA
"202",2020-05-24,9007,1245.14054178303,1010,NA,577.171285828,NA,NA,558.91719288,80.231779412,28.764129381,NA,NA,NA,NA,NA,NA,NA,NA,NA,NA,NA,NA,NA,NA,NA,NA,NA,NA,NA,NA,NA,NA,NA,NA,NA,NA,NA,0.05615428203,NA,NA
"203",2020-05-25,9007,1041.476049353,1012,NA,470.782979017,NA,NA,474.478459382,73.035092494,23.17951846,NA,NA,0,NA,NA,NA,NA,NA,NA,NA,NA,NA,NA,NA,NA,NA,0,NA,NA,NA,NA,NA,NA,NA,NA,NA,NA,NA,NA,NA
"204",2020-05-26,9007,1188.0957393592,1026,NA,526.727115018,NA,NA,559.850612871,78.31004555,23.19545028,NA,NA,NA,NA,NA,NA,NA,NA,NA,NA,NA,NA,NA,0,NA,NA,0.0125156402,NA,NA,NA,NA,NA,NA,NA,NA,NA,NA,NA,NA,NA
"205",2020-05-27,9007,1332.0645442009,1061,NA,599.239623404,NA,NA,623.277986976,82.916877069,26.544586675,NA,NA,NA,NA,NA,NA,NA,NA,NA,NA,NA,NA,NA,0.0854700769,NA,NA,NA,NA,NA,NA,NA,NA,NA,NA,NA,NA,NA,NA,NA,NA
"206",2020-05-28,9007,1269.32776974101,1082,NA,578.779832262,NA,NA,584.278135584,81.063450281,25.153579764,NA,NA,NA,NA,NA,NA,NA,NA,NA,NA,NA,NA,NA,NA,NA,NA,NA,NA,NA,NA,NA,NA,NA,NA,NA,NA,NA,0.05277185001,NA,NA
"207",2020-05-29,9007,1323.97810257803,1090,NA,601.14476751,NA,NA,617.490465867,81.21502404,24.075016982,NA,NA,NA,NA,NA,NA,NA,NA,NA,NA,NA,NA,NA,NA,NA,0,NA,NA,NA,NA,NA,NA,NA,NA,NA,NA,NA,0.05282817903,NA,NA
"208",2020-05-30,9007,1502.55425365998,1104,NA,697.119553881,NA,NA,686.676463612,90.451091828,28.252986783,NA,NA,NA,NA,NA,NA,NA,NA,NA,NA,NA,NA,NA,NA,NA,NA,NA,NA,NA,NA,NA,NA,NA,NA,NA,NA,NA,0.05415755598,NA,NA
"209",2020-05-31,9007,1348.325793177,1104,NA,593.838644256,NA,NA,635.207595594,91.969469746,27.255628136,NA,NA,NA,NA,NA,NA,NA,NA,NA,NA,NA,NA,NA,NA,NA,NA,NA,NA,NA,NA,NA,NA,NA,NA,NA,NA,NA,0.054455445,NA,NA
"210",2020-06-01,9007,1324.13576222612,1143,NA,584.22615954,NA,NA,625.397867848,87.678624125,26.63148644,NA,NA,NA,NA,NA,NA,NA,NA,NA,NA,NA,NA,NA,NA,NA,0.201624273123,NA,NA,NA,NA,NA,NA,NA,NA,NA,NA,NA,NA,NA,NA
"211",2020-06-02,9007,1362.59877882417,1154,NA,610.569965952,NA,NA,645.78127005,80.99983658,25.047429424,NA,NA,NA,NA,NA,NA,NA,NA,NA,NA,NA,NA,NA,NA,NA,0.200276818173,NA,NA,NA,NA,NA,NA,NA,NA,NA,NA,NA,NA,NA,NA
"212",2020-06-03,9007,1365.518686773,1161,NA,623.326875633,NA,NA,636.120067212,81.324364,24.546969296,NA,NA,NA,NA,NA,NA,NA,NA,NA,NA,NA,NA,NA,NA,NA,0.200410632,NA,NA,NA,NA,NA,NA,NA,NA,NA,NA,NA,NA,0,NA
"213",2020-06-04,9007,1465.21454974429,1171,NA,659.813906852,NA,NA,686.475644874,89.266606032,29.188746985,NA,NA,NA,NA,NA,NA,NA,NA,NA,NA,NA,NA,NA,NA,NA,0.400633702308,NA,NA,NA,NA,NA,NA,NA,NA,NA,NA,NA,0.05345574498,0.015555554,NA
"214",2020-06-05,9007,1402.66166812831,1170,NA,646.266435357,NA,NA,669.732141618,86.419510384,NA,NA,NA,NA,NA,NA,NA,NA,NA,NA,NA,NA,NA,NA,0.04136458203,NA,0.202216187282,NA,NA,NA,NA,NA,NA,NA,NA,NA,NA,NA,NA,NA,NA
"215",2020-06-06,9007,1520.791349707,1174,NA,719.947645043,NA,NA,688.567301838,87.316783144,24.905971584,NA,NA,NA,NA,NA,NA,NA,NA,NA,NA,NA,NA,NA,NA,NA,NA,NA,NA,NA,NA,NA,NA,NA,NA,NA,NA,NA,0.053648098,NA,NA
"216",2020-06-07,9007,1418.508513332,1185,NA,649.988697843,NA,NA,646.221940212,93.39858828,28.8442512,NA,NA,NA,NA,NA,NA,NA,NA,NA,NA,NA,NA,NA,NA,NA,NA,NA,NA,NA,NA,NA,NA,NA,NA,NA,NA,NA,0.055035797,NA,NA
"217",2020-06-08,9007,1455.249270583,1187,NA,649.805543356,NA,NA,679.20242938,99.30008704,26.941210807,NA,NA,NA,NA,NA,NA,NA,NA,NA,NA,NA,NA,NA,NA,NA,NA,NA,NA,NA,NA,NA,NA,NA,NA,NA,NA,NA,NA,NA,NA
"218",2020-06-09,9007,1499.94666742,1194,NA,665.350215584,NA,NA,718.811526875,91.586368038,24.198556923,NA,NA,NA,NA,NA,NA,NA,NA,NA,NA,NA,NA,NA,NA,NA,NA,NA,NA,NA,NA,NA,NA,NA,NA,NA,NA,NA,NA,NA,NA
"219",2020-06-10,9007,1539.967195015,1199,NA,680.625959288,NA,NA,735.872692963,96.31518727,27.153355494,NA,NA,NA,NA,NA,NA,NA,NA,NA,NA,NA,NA,NA,NA,NA,NA,NA,NA,NA,NA,NA,NA,NA,NA,NA,NA,NA,NA,NA,NA
"220",2020-06-11,9007,1402.909197636,1210,NA,651.024742918,NA,NA,642.50382178,82.949654424,26.430978514,NA,NA,NA,NA,NA,NA,NA,NA,NA,NA,NA,NA,NA,NA,NA,NA,NA,NA,NA,NA,NA,NA,NA,NA,NA,NA,NA,NA,NA,NA
"221",2020-06-12,9007,1703.53791728556,1216,NA,786.270658665,NA,NA,789.45383385,97.1309941,30.497039668,NA,NA,NA,NA,NA,NA,NA,NA,NA,NA,NA,NA,NA,0.04152544298,NA,NA,NA,NA,NA,0.14386555958,NA,NA,NA,NA,NA,NA,NA,NA,NA,NA
"222",2020-04-22,9011,206.5456088269,397,NA,62.549301216,NA,40.43671905,56.4534169719,NA,12.9008905,15.28381352,NA,NA,NA,NA,NA,NA,NA,NA,NA,NA,NA,NA,0,NA,NA,NA,NA,NA,NA,NA,NA,NA,NA,NA,NA,18.867508649,0.05395892,NA,NA
"223",2020-04-23,9011,226.32622425745,419,NA,68.610698156,NA,43.500884665,63.162727088,NA,15.040672257,17.3609619,NA,NA,NA,NA,NA,NA,NA,NA,NA,NA,NA,NA,NA,NA,0.08438780245,NA,NA,NA,NA,NA,NA,NA,NA,NA,NA,18.565892389,NA,NA,NA
"224",2020-04-24,9011,213.6800749832,448,NA,64.22347589,NA,39.761504442,54.5198370332,NA,14.92852725,16.69956008,NA,NA,NA,NA,NA,NA,NA,NA,NA,NA,NA,NA,NA,NA,NA,NA,NA,NA,NA,NA,NA,NA,NA,NA,NA,23.547170288,NA,NA,NA
"225",2020-04-25,9011,295.81656552,473,NA,110.250815031,NA,54.141865344,65.008240451,NA,19.038561408,20.07749152,NA,NA,NA,NA,NA,NA,NA,NA,NA,NA,NA,NA,NA,NA,NA,NA,NA,NA,NA,NA,NA,NA,NA,NA,NA,27.299591766,NA,NA,NA
"226",2020-04-26,9011,176.3185711507,498,NA,48.7730492097,NA,39.094864032,40.60243552,NA,10.632400845,13.9747584,NA,NA,NA,NA,NA,NA,NA,NA,NA,NA,NA,NA,NA,NA,NA,NA,NA,NA,NA,NA,NA,NA,NA,NA,NA,23.241063144,NA,NA,NA
"227",2020-04-27,9011,236.50649534284,516,NA,69.702032628,NA,43.765689387,65.6141043159,NA,14.448275602,19.11932664,0,0.00178571394,NA,NA,NA,NA,NA,NA,NA,NA,NA,NA,0,NA,NA,NA,NA,NA,NA,NA,NA,NA,NA,NA,NA,23.855281056,NA,NA,NA
"228",2020-04-28,9011,270.72772982506,530,NA,80.100406944,NA,51.01559409,72.632752671,NA,17.0276156,21.86280228,NA,0.00173611206,NA,NA,NA,NA,NA,NA,NA,NA,NA,NA,NA,NA,NA,NA,NA,NA,NA,NA,NA,NA,NA,NA,NA,28.086822128,NA,NA,NA
"229",2020-04-30,9011,281.054823153,564,NA,81.380188782,NA,50.876279163,80.91844056,NA,15.791857638,23.03145372,NA,NA,NA,NA,NA,NA,NA,NA,NA,NA,NA,NA,0,NA,NA,NA,NA,NA,NA,NA,NA,NA,NA,NA,NA,29.05660329,NA,NA,NA
"230",2020-05-01,9011,325.767613195871,603,NA,98.660269287,NA,56.692166763,89.9222003,NA,20.451260424,26.930224,NA,0,NA,NA,NA,NA,NA,NA,NA,NA,NA,NA,0.02746512739,NA,0.117612550481,NA,NA,NA,NA,NA,NA,NA,NA,NA,NA,32.966414744,0,NA,NA
"231",2020-05-02,9011,396.456546392,623,NA,141.844631168,NA,70.87107279,90.864113008,NA,24.249015822,30.72137845,NA,NA,NA,NA,NA,NA,NA,NA,NA,NA,NA,NA,0.028571398,NA,NA,NA,NA,NA,NA,NA,NA,NA,NA,NA,NA,37.8223965,0.055367256,NA,NA
"232",2020-05-03,9011,375.28594248163,623,NA,139.14744224,NA,68.623033374,77.6164159896,NA,26.416152389,29.76136643,NA,NA,NA,NA,NA,NA,NA,NA,NA,NA,NA,NA,NA,NA,NA,NA,NA,NA,NA,NA,NA,NA,NA,NA,NA,33.665282044,0.05625001503,NA,NA
"233",2020-05-04,9011,343.047291485,641,NA,98.325074904,NA,63.899688153,90.69779572,NA,20.436363568,32.29075878,NA,NA,NA,NA,NA,NA,NA,NA,NA,NA,NA,NA,NA,NA,NA,NA,NA,NA,NA,NA,NA,NA,NA,NA,NA,37.39761036,NA,NA,NA
"234",2020-05-05,9011,359.909871327,681,NA,108.479512998,NA,65.208117398,95.750453337,NA,23.728098256,31.86835689,NA,NA,NA,NA,NA,NA,NA,NA,NA,NA,NA,NA,NA,NA,NA,NA,NA,NA,NA,NA,NA,NA,NA,NA,NA,34.875332448,NA,NA,NA
"235",2020-05-06,9011,359.47993087204,704,NA,110.32259996,NA,64.537910472,91.164333276,NA,24.170269455,34.79288208,NA,0.00168919004,NA,NA,NA,NA,NA,NA,NA,NA,NA,NA,0,NA,0,0,NA,NA,NA,NA,NA,NA,NA,NA,NA,34.490246439,NA,NA,NA
"236",2020-05-07,9011,394.847947516,742,NA,125.25445125,NA,68.936479416,100.863881998,NA,26.400719502,36.1231575,NA,NA,NA,NA,NA,NA,NA,NA,NA,NA,NA,NA,NA,NA,0.1420716,NA,NA,NA,NA,NA,NA,NA,NA,NA,NA,37.12718625,NA,NA,NA
"237",2020-05-08,9011,396.53007749298,755,NA,123.763962256,NA,70.36147345,105.008596486,NA,24.90361403,35.1120876,0.006448146,0.00167223998,NA,NA,NA,NA,NA,NA,NA,NA,NA,NA,NA,NA,0.146333705,0,NA,NA,NA,NA,NA,NA,NA,NA,NA,37.22588958,NA,NA,NA
"238",2020-05-09,9011,396.63173173,775,NA,126.220630515,NA,75.226598259,96.376018296,NA,24.86248236,36.03223498,NA,NA,NA,NA,NA,NA,NA,NA,NA,NA,NA,NA,NA,NA,NA,NA,NA,NA,NA,NA,NA,NA,NA,NA,NA,37.91376732,NA,NA,NA
"239",2020-05-10,9011,394.4101643311,782,NA,137.801966661,NA,73.287652872,80.6156127061,NA,29.199669702,35.1152064,NA,NA,NA,NA,NA,NA,NA,NA,NA,NA,NA,NA,NA,NA,NA,NA,NA,NA,NA,NA,NA,NA,NA,NA,NA,38.39005599,NA,NA,NA
"240",2020-05-11,9011,369.786687015,784,NA,115.097949122,NA,69.819354036,86.692094072,NA,22.825883475,36.39555203,NA,0,NA,NA,NA,NA,NA,NA,NA,NA,NA,NA,NA,NA,0,NA,NA,NA,NA,NA,NA,NA,NA,NA,NA,38.95585428,NA,NA,NA
"241",2020-05-12,9011,381.05113585892,793,NA,120.316237416,NA,68.973454811,96.92924431,NA,22.679744848,35.97169515,NA,0.00171673798,NA,NA,NA,NA,NA,NA,NA,NA,NA,NA,NA,NA,0.31208981094,NA,NA,NA,NA,NA,NA,NA,NA,NA,NA,35.866952775,NA,NA,NA
"242",2020-05-13,9011,439.739538052,804,NA,144.185415892,NA,78.537796641,108.74341236,NA,24.77289472,39.93087252,NA,0.001650166,NA,NA,NA,NA,NA,NA,NA,NA,NA,0.012939003,NA,NA,NA,NA,NA,NA,NA,NA,0,NA,NA,NA,NA,43.55455675,NA,NA,NA
"243",2020-05-14,9011,462.800692586339,821,NA,153.5217777,NA,83.087294366,113.526607856,NA,26.279875816,40.63184112,NA,NA,NA,NA,NA,NA,NA,NA,NA,NA,NA,NA,NA,NA,0.156768097329,NA,NA,NA,NA,NA,NA,NA,NA,NA,NA,45.5307515,0.05472640701,0.011049724,NA
"244",2020-05-15,9011,491.82517204585,844,NA,165.64997268,NA,86.28498483,118.559342439,NA,29.178766386,44.56541586,NA,NA,NA,NA,NA,NA,NA,NA,NA,NA,NA,NA,0.07407410085,NA,NA,NA,NA,NA,NA,NA,NA,NA,NA,NA,NA,47.51261575,NA,NA,NA
"245",2020-05-16,9011,629.882755434,860,NA,261.92855654,NA,97.35777454,135.1663612,NA,40.824015744,45.95348816,0,NA,NA,NA,NA,NA,NA,NA,NA,NA,NA,NA,NA,NA,NA,NA,NA,NA,NA,NA,NA,NA,NA,NA,NA,48.65255925,NA,NA,NA
"246",2020-05-17,9011,451.679158667834,873,NA,157.556055943,NA,78.607975689,94.7017317019,NA,34.589778795,40.28607663,NA,0.00158102798,NA,NA,NA,NA,NA,NA,NA,NA,NA,NA,NA,NA,0.175341880954,NA,NA,NA,NA,NA,NA,NA,NA,NA,NA,45.760617,NA,NA,NA
"247",2020-05-18,9011,469.605952042,876,NA,149.001432658,NA,85.767071832,108.158885232,NA,34.88746002,44.6021198,NA,NA,NA,NA,NA,NA,NA,NA,NA,NA,NA,NA,NA,NA,0,NA,NA,NA,NA,NA,NA,NA,NA,NA,NA,47.1889825,NA,NA,NA
"248",2020-05-19,9011,508.834284487017,880,NA,170.43415215,NA,89.011554718,116.873855217,NA,37.47181053,49.52912458,NA,0.00166250998,NA,NA,NA,NA,NA,NA,NA,NA,NA,NA,NA,NA,0.502546532037,NA,NA,NA,NA,NA,NA,NA,NA,NA,NA,45.00957825,NA,NA,NA
"249",2020-05-20,9011,541.62706205992,896,NA,177.765987096,NA,91.422248165,129.750407745,NA,40.381439322,51.02048434,0.00426439192,NA,NA,NA,NA,NA,NA,NA,NA,NA,NA,NA,NA,NA,NA,NA,NA,NA,NA,NA,NA,NA,NA,NA,NA,51.282231,NA,NA,NA
"250",2020-05-21,9011,582.940445791,903,NA,210.237789855,NA,95.813940636,129.837710273,NA,43.485007393,53.58158064,0.008363824,NA,NA,NA,NA,NA,NA,NA,NA,NA,NA,NA,NA,NA,NA,NA,NA,NA,NA,NA,NA,NA,NA,NA,NA,49.97605317,NA,NA,NA
"251",2020-05-22,9011,727.834617756837,910,NA,284.411468078,NA,108.1106896,170.891725972,NA,51.17142516,57.274884,NA,0,NA,NA,NA,NA,NA,NA,NA,NA,NA,NA,0.04113787894,NA,0.176071733397,0,NA,NA,NA,NA,NA,NA,NA,NA,NA,55.69453124,0.052743735,0.0099403595,NA
"252",2020-05-23,9011,557.180913293379,970,NA,194.789997935,NA,96.243943716,121.203054666,NA,43.988158784,48.61701834,0.00411099984,NA,NA,NA,NA,NA,NA,NA,NA,NA,0.035231002539,NA,NA,NA,NA,NA,NA,NA,NA,NA,NA,NA,NA,NA,NA,52.29939785,NA,NA,NA
"253",2020-05-24,9011,645.898096707,1046,NA,272.66060942,NA,108.7692331,117.997301685,NA,47.672819682,48.05920794,NA,NA,NA,NA,NA,NA,NA,0,NA,NA,NA,NA,NA,NA,NA,NA,NA,NA,NA,NA,NA,NA,NA,NA,NA,50.73892488,NA,NA,NA
"254",2020-05-25,9011,530.56322115875,1043,NA,188.737330834,NA,93.216761088,105.363635444,NA,40.743379712,49.1584555,NA,NA,NA,NA,NA,NA,NA,0.1120689648,NA,NA,0,NA,0.04306435595,NA,NA,NA,NA,NA,NA,NA,NA,NA,NA,NA,NA,53.18852526,NA,NA,NA
"255",2020-05-26,9011,598.951976761,1075,NA,198.063236364,NA,97.298330706,145.41574938,NA,43.060273507,58.21885594,NA,NA,NA,NA,NA,NA,NA,NA,NA,NA,NA,NA,NA,NA,NA,NA,NA,NA,NA,NA,NA,NA,NA,NA,NA,56.8788642,NA,0.016666664,NA
"256",2020-05-27,9011,689.526530832,1053,NA,241.416149286,NA,115.54001408,169.955019396,NA,44.04778829,58.38295295,0,NA,NA,NA,NA,NA,NA,NA,NA,NA,NA,NA,NA,NA,NA,NA,NA,NA,NA,NA,0,NA,NA,NA,NA,60.18460683,NA,NA,NA
"257",2020-05-28,9011,626.864143802,1067,NA,210.048014096,NA,109.70401246,145.903366774,NA,41.171190132,60.2575125,NA,NA,NA,NA,NA,NA,NA,NA,NA,NA,NA,NA,NA,NA,NA,NA,NA,NA,NA,NA,NA,NA,NA,NA,NA,59.78004784,NA,NA,NA
"258",2020-05-29,9011,674.120657089,1068,NA,249.542361462,NA,115.8763086,148.993216245,NA,44.561932372,59.7368854,NA,NA,NA,NA,NA,NA,NA,NA,NA,NA,NA,NA,NA,NA,NA,NA,NA,NA,NA,NA,NA,NA,NA,NA,NA,55.40995301,0,NA,NA
"259",2020-05-30,9011,803.14276245298,1076,NA,315.933065716,NA,136.52319024,179.789136229,NA,50.600638312,60.08690421,0.01062135,NA,NA,NA,NA,NA,NA,NA,NA,NA,NA,NA,NA,NA,NA,NA,NA,NA,NA,NA,NA,NA,NA,NA,NA,60.14504884,0.05415755598,NA,NA
"260",2020-05-31,9011,705.296424511,1078,NA,274.700863008,NA,125.20975152,146.403457343,NA,47.39584542,51.76760064,NA,NA,NA,NA,NA,NA,NA,NA,NA,NA,NA,NA,NA,NA,0,NA,NA,NA,NA,NA,NA,NA,NA,NA,NA,59.70999569,0.10891089,NA,NA
"261",2020-06-01,9011,658.133183803783,1091,NA,212.61014756,NA,116.39321019,157.378088673,NA,43.856440485,62.37985416,NA,NA,NA,NA,NA,NA,NA,NA,NA,NA,NA,NA,0.08731238496,NA,0.201624273123,NA,NA,NA,NA,NA,NA,NA,NA,NA,NA,65.20621622,NA,0.0202898577,NA
"262",2020-06-02,9011,672.711315914443,1094,NA,216.199857888,NA,118.0647014,171.9133079,NA,44.916784288,61.65499542,NA,NA,NA,NA,NA,NA,NA,NA,NA,NA,NA,NA,0.04375282097,NA,0.200276818173,NA,NA,NA,NA,NA,NA,NA,NA,NA,NA,59.6985137,NA,0.0191256793,NA
"263",2020-06-03,9011,691.437997395,1100,NA,226.152340425,NA,124.70096664,172.478641496,NA,44.378018024,61.86343296,NA,NA,NA,NA,NA,NA,NA,NA,NA,NA,NA,NA,NA,NA,NA,NA,NA,NA,NA,NA,NA,NA,NA,NA,NA,61.86459785,NA,NA,NA
"264",2020-06-04,9011,787.281227400308,1104,NA,288.502840136,NA,134.69428671,186.769061928,NA,51.050763422,66.04654373,NA,NA,NA,NA,NA,NA,NA,NA,NA,NA,NA,NA,NA,NA,0.200316854308,NA,NA,NA,NA,NA,NA,NA,NA,NA,NA,60.01741462,NA,NA,NA
"265",2020-06-05,9011,810.863999191,1108,NA,296.656483833,NA,130.5092997,201.621810789,NA,52.494444349,65.1605715,NA,NA,NA,NA,NA,NA,NA,NA,NA,NA,NA,NA,0,NA,NA,NA,NA,NA,NA,NA,NA,NA,NA,NA,NA,64.42138902,NA,0,NA
"266",2020-06-06,9011,869.869451667,1112,NA,348.609455733,NA,142.32234118,202.279411854,NA,51.94673856,64.53918016,NA,NA,NA,NA,NA,NA,NA,NA,NA,NA,NA,NA,NA,NA,NA,NA,NA,NA,NA,NA,NA,NA,NA,NA,NA,60.17232418,NA,NA,NA
"267",2020-06-07,9011,800.204971282235,1119,NA,316.141123977,NA,137.66276535,166.902672508,NA,53.34376176,62.5328802,NA,NA,NA,NA,NA,NA,NA,NA,NA,0.137016437235,NA,NA,0,NA,NA,NA,NA,NA,NA,NA,NA,NA,NA,NA,NA,63.48475105,NA,NA,NA
"268",2020-06-08,9011,776.835676691,1120,NA,266.211654928,NA,135.24835871,184.22011098,NA,51.364553526,73.04771872,NA,NA,NA,NA,NA,NA,NA,NA,NA,NA,NA,NA,0.042358057,NA,NA,NA,NA,NA,0,NA,NA,NA,NA,NA,NA,66.70092177,NA,NA,NA
"269",2020-06-09,9011,846.98546787698,1122,NA,297.57493227,NA,140.7936741,212.102688125,NA,53.459058555,72.3762369,NA,0.00078802201,NA,NA,NA,NA,NA,NA,NA,NA,NA,NA,0.04258125497,NA,NA,NA,NA,NA,NA,NA,NA,NA,NA,NA,NA,70.63550865,NA,0,NA
"270",2020-06-10,9011,811.77224246597,1130,NA,280.917990004,NA,137.17031207,198.912878141,NA,49.947228512,75.71486909,NA,NA,NA,NA,NA,NA,NA,NA,NA,NA,NA,NA,0.04259987897,NA,NA,NA,NA,NA,NA,NA,NA,NA,NA,NA,NA,69.06636477,NA,NA,NA
"271",2020-06-11,9011,749.346129059,1147,NA,252.139961029,NA,135.1355104,186.34020552,NA,42.982417047,70.58455047,NA,NA,NA,NA,NA,NA,NA,NA,NA,NA,NA,NA,0,NA,0,NA,NA,NA,NA,NA,0.025682433,NA,NA,NA,NA,62.13780216,NA,0,NA
"272",2020-06-12,9011,957.01457130998,1150,NA,381.467258802,NA,145.28964992,228.427562979,NA,58.188352126,78.77297634,NA,NA,NA,NA,NA,NA,NA,NA,NA,NA,NA,NA,0.04152544298,NA,NA,NA,NA,NA,NA,NA,NA,NA,NA,NA,NA,64.8272457,NA,NA,NA
"273",2020-04-22,9013,290.07791404798,331,NA,234.464711616,NA,NA,NA,8.752755868,NA,11.541759004,0.002281802,0.00175901398,NA,NA,NA,35.314646744,NA,NA,NA,NA,NA,NA,NA,NA,0,NA,NA,NA,NA,NA,NA,NA,NA,NA,NA,NA,NA,NA,NA
"274",2020-04-23,9013,337.41248666295,359,NA,245.683050977,NA,NA,31.3922552784,9.861459976,NA,13.03796808,NA,NA,NA,NA,NA,37.268979204,NA,NA,NA,NA,NA,NA,NA,NA,0.16877314755,NA,NA,NA,NA,NA,NA,NA,NA,NA,NA,NA,0,NA,NA
"275",2020-04-24,9013,326.06930427592,375,NA,261.41281553,NA,NA,NA,11.666877376,NA,14.23007913,0.00221483992,NA,NA,NA,NA,38.7573174,NA,NA,NA,NA,NA,NA,NA,NA,NA,NA,NA,NA,NA,NA,NA,NA,NA,NA,NA,NA,NA,NA,NA
"276",2020-04-25,9013,405.296267677,384,NA,308.673602775,NA,12.150208512,NA,12.319175737,NA,17.26004292,0.00664084,NA,NA,NA,NA,54.886596893,NA,NA,NA,NA,NA,NA,NA,NA,NA,NA,NA,NA,NA,NA,NA,NA,NA,NA,NA,NA,NA,NA,NA
"277",2020-04-26,9013,286.092471663454,407,NA,220.394253582,NA,9.213438444,NA,9.873846498,NA,14.242930885,NA,NA,NA,NA,NA,32.2599390235,NA,NA,NA,NA,NA,NA,NA,NA,0.108063230954,NA,NA,NA,NA,NA,NA,NA,NA,NA,NA,NA,0,NA,NA
"278",2020-04-27,9013,328.375959567,419,NA,265.659791742,NA,NA,NA,10.5765165,NA,15.637628124,NA,NA,NA,NA,NA,36.502023201,NA,NA,NA,NA,NA,NA,NA,NA,NA,NA,NA,NA,NA,NA,NA,NA,NA,NA,NA,NA,NA,NA,NA
"279",2020-04-28,9013,389.217148254,422,NA,311.58749124,NA,NA,NA,12.74798824,NA,17.74540352,NA,NA,NA,NA,NA,47.136265254,NA,NA,NA,NA,NA,NA,0,NA,0,NA,NA,NA,NA,NA,NA,NA,NA,NA,NA,NA,NA,NA,NA
"280",2020-04-30,9013,393.54969722982,437,NA,306.933926244,NA,11.766174894,NA,11.57711238,NA,17.819956734,NA,NA,NA,NA,NA,45.286679463,NA,NA,NA,NA,NA,NA,0,NA,0.113001993,NA,NA,NA,NA,NA,NA,NA,NA,NA,NA,NA,0.05284552182,NA,NA
"281",2020-05-01,9013,457.70935709,446,NA,367.561252107,NA,NA,NA,14.897954979,NA,22.165906,NA,0,NA,NA,NA,52.9153755,NA,NA,NA,NA,NA,NA,NA,NA,NA,NA,NA,NA,NA,NA,NA,NA,NA,NA,NA,NA,0.168868504,NA,NA
"282",2020-05-02,9013,560.181888137,461,NA,427.888908224,NA,16.047816876,NA,20.006995834,NA,25.17058246,0,NA,NA,NA,NA,71.067584743,NA,NA,NA,NA,NA,NA,NA,NA,NA,NA,NA,NA,NA,NA,NA,NA,NA,NA,NA,NA,NA,NA,NA
"283",2020-05-03,9013,500.44307719103,461,NA,361.446266912,NA,17.612689969,NA,22.828855021,NA,23.99883405,0.00282486,NA,NA,NA,NA,74.106322364,NA,NA,NA,NA,NA,NA,NA,NA,0.391034,NA,NA,NA,NA,NA,NA,NA,NA,NA,NA,NA,0.05625001503,NA,NA
"284",2020-05-04,9013,500.386483076,464,NA,372.746462761,NA,15.952766098,NA,19.678063487,NA,25.80973262,0.00561798,NA,NA,NA,NA,66.076472066,NA,NA,NA,NA,NA,NA,NA,NA,NA,NA,NA,NA,NA,NA,NA,NA,NA,NA,NA,NA,0.117368064,NA,NA
"285",2020-05-05,9013,497.936495738,502,NA,392.619721842,NA,NA,NA,18.957304812,NA,24.64695458,NA,0,NA,NA,NA,61.712514504,NA,NA,NA,NA,NA,NA,NA,NA,NA,0,NA,NA,NA,NA,NA,NA,NA,NA,NA,NA,NA,NA,NA
"286",2020-05-06,9013,509.59090174704,513,NA,403.27512329,NA,NA,NA,18.070723968,NA,26.13772304,0,0.00168919004,NA,NA,NA,62.105642259,NA,NA,NA,NA,NA,NA,NA,NA,0,NA,NA,NA,NA,NA,NA,NA,NA,NA,NA,NA,NA,0,NA
"287",2020-05-07,9013,567.085132305264,522,NA,437.6936115,NA,16.820499804,NA,21.925553146,NA,26.7562875,NA,NA,NA,NA,NA,63.593641147,NA,NA,NA,NA,NA,NA,NA,NA,0.284143195864,NA,NA,NA,NA,NA,NA,NA,NA,NA,NA,NA,0,0.0113960124,NA
"288",2020-05-08,9013,589.017832762,530,NA,454.68038712,NA,18.5210771,NA,20.8607859,NA,30.09607473,0.009672222,NA,NA,NA,NA,64.738724624,NA,NA,NA,NA,NA,NA,NA,NA,NA,NA,NA,NA,NA,NA,NA,NA,NA,NA,NA,NA,0.111111066,NA,NA
"289",2020-05-09,9013,605.113497218,540,NA,469.73790955,NA,17.29234731,NA,21.641561125,NA,30.51337338,NA,NA,NA,NA,NA,65.870207307,NA,NA,NA,NA,NA,NA,NA,NA,NA,NA,NA,NA,NA,NA,NA,NA,NA,NA,NA,NA,0.058098546,NA,NA
"290",2020-05-10,9013,580.0557381,543,NA,457.211965446,NA,NA,NA,23.143724792,NA,31.2903243,NA,NA,NA,NA,NA,68.409723562,NA,NA,NA,NA,NA,NA,NA,NA,NA,NA,NA,NA,NA,NA,NA,NA,NA,NA,NA,NA,NA,NA,NA
"291",2020-05-11,9013,582.574500185,545,NA,415.693579964,NA,NA,47.286598366,20.55403784,NA,28.72809212,NA,NA,NA,NA,NA,70.312191895,NA,NA,NA,NA,NA,NA,NA,NA,NA,NA,NA,NA,NA,NA,NA,NA,NA,NA,NA,NA,NA,NA,NA
"292",2020-05-12,9013,546.43038207612,556,NA,435.288615608,NA,NA,NA,18.272222735,NA,28.17184046,0.00334261812,NA,NA,NA,NA,64.694360655,NA,NA,NA,NA,NA,NA,NA,NA,NA,NA,NA,NA,NA,NA,NA,NA,NA,NA,NA,NA,0,NA,NA
"293",2020-05-13,9013,634.368539649,560,NA,494.931149928,NA,18.680345118,NA,21.0744279,NA,30.78946619,NA,0.001650166,NA,NA,NA,68.891500347,NA,NA,NA,NA,NA,NA,NA,NA,NA,NA,NA,NA,NA,NA,NA,NA,NA,NA,NA,NA,NA,NA,NA
"294",2020-05-14,9013,735.67997888856,568,NA,521.01594054,NA,20.746645998,54.7463390768,24.940700882,NA,36.19839501,0.0112781977,0.00164880406,NA,NA,NA,78.01903038,NA,NA,NA,NA,NA,NA,NA,NA,0,NA,NA,NA,NA,NA,NA,NA,NA,NA,NA,NA,0,NA,NA
"295",2020-05-15,9013,790.35784120606,583,NA,575.885296968,NA,21.74743953,55.2509563041,26.804904904,NA,36.83617833,NA,0.00158982596,NA,NA,NA,73.72123033,NA,NA,NA,NA,NA,NA,NA,NA,NA,NA,NA,NA,NA,NA,NA,NA,NA,NA,NA,NA,0.110245014,NA,NA
"296",2020-05-16,9013,874.505665043,636,NA,624.542099797,NA,22.783726434,63.678374565,28.9887639,NA,37.86683888,0.007364546,0.001584786,NA,NA,NA,96.636912135,NA,NA,NA,NA,NA,NA,NA,NA,NA,NA,NA,NA,NA,NA,NA,NA,NA,NA,NA,NA,NA,NA,NA
"297",2020-05-17,9013,712.27301265698,715,NA,547.772595942,NA,21.121811244,NA,27.588477033,NA,35.50907376,NA,0.00158102798,NA,NA,NA,80.27947365,NA,NA,NA,NA,NA,NA,NA,NA,NA,NA,NA,NA,NA,NA,NA,NA,NA,NA,NA,NA,NA,NA,NA
"298",2020-05-18,9013,733.50669730994,735,NA,567.547801028,NA,21.616092576,NA,27.04577292,NA,38.74240244,0,0.00164608994,NA,NA,NA,78.552982256,NA,NA,NA,NA,NA,NA,NA,NA,NA,NA,NA,NA,NA,NA,NA,NA,NA,NA,NA,NA,NA,NA,NA
"299",2020-05-19,9013,795.56016997612,770,NA,627.3144517,NA,22.108950835,NA,25.67286304,NA,39.6347377,0.00373732114,0.00166250998,NA,NA,NA,80.82376687,NA,NA,NA,NA,NA,NA,NA,NA,NA,NA,NA,NA,NA,NA,NA,NA,NA,NA,NA,NA,0,NA,NA
"300",2020-05-20,9013,803.955017264,786,NA,653.66867322,NA,NA,NA,25.66931584,NA,40.2048199,0.012793176,0,NA,NA,NA,84.399415128,NA,NA,NA,NA,NA,NA,NA,NA,NA,NA,NA,NA,NA,NA,NA,NA,NA,NA,NA,NA,NA,NA,NA
"301",2020-05-21,9013,866.52819652916,787,NA,673.97440984,NA,22.660933896,NA,27.645206841,NA,43.70089248,0.00418191216,NA,NA,NA,NA,98.54257156,NA,NA,NA,NA,NA,NA,NA,NA,NA,0,NA,NA,NA,NA,NA,NA,NA,NA,NA,NA,0,NA,NA
"302",2020-05-22,9013,985.314255056,796,NA,750.27158925,NA,26.605364608,NA,33.56793076,NA,46.86627708,NA,0,NA,NA,NA,127.897605888,NA,NA,NA,NA,NA,NA,NA,NA,NA,NA,NA,NA,NA,NA,NA,NA,NA,NA,NA,NA,0.10548747,NA,NA
"303",2020-05-23,9013,894.008770104,799,NA,684.81306921,NA,25.786112076,NA,30.39554655,NA,44.91789534,0,NA,NA,NA,NA,108.096146928,NA,NA,NA,NA,NA,NA,0,NA,NA,NA,NA,NA,NA,NA,NA,NA,NA,NA,NA,NA,NA,NA,NA
"304",2020-05-24,9013,893.684758866,807,NA,685.818799132,NA,22.91643742,NA,33.187912676,NA,44.70893019,NA,NA,NA,NA,NA,107.052679448,NA,NA,NA,NA,NA,NA,NA,NA,NA,NA,NA,NA,NA,NA,NA,NA,NA,NA,NA,NA,NA,NA,NA
"305",2020-05-25,9013,796.809307549,812,NA,600.445190332,NA,21.794007972,NA,34.873391294,NA,42.277512,NA,0.001552796,NA,NA,NA,97.417653155,NA,NA,NA,NA,NA,NA,NA,NA,0,NA,NA,NA,NA,NA,NA,NA,NA,NA,NA,NA,NA,NA,NA
"306",2020-05-26,9013,893.6528640204,821,NA,682.698289487,NA,25.962397506,NA,35.995144125,NA,47.24634915,NA,0.0066833762,NA,NA,NA,101.731484736,NA,NA,NA,NA,NA,NA,NA,NA,NA,0.0125156402,NA,NA,NA,NA,NA,NA,NA,NA,NA,NA,NA,NA,NA
"307",2020-05-27,9013,1042.2174800844,815,NA,740.878064268,NA,29.644337878,75.9373530444,35.915867208,NA,46.32766411,0.00426212,0.001668056,NA,NA,NA,113.5082634,NA,NA,NA,NA,NA,NA,NA,NA,NA,NA,NA,NA,NA,NA,NA,NA,NA,NA,NA,NA,NA,NA,NA
"308",2020-05-28,9013,1001.2520654786,822,NA,723.11610171,NA,28.0579371,67.4678402596,32.937746897,NA,45.386265,NA,0.005076142,NA,NA,NA,104.28109837,NA,NA,NA,NA,NA,NA,NA,NA,NA,NA,NA,NA,NA,NA,0,NA,NA,NA,NA,NA,NA,NA,NA
"309",2020-05-29,9013,976.44599012103,827,NA,766.291321116,NA,26.57036538,NA,30.601461672,NA,48.536222,NA,NA,NA,NA,NA,104.393791774,NA,NA,NA,NA,NA,NA,NA,NA,NA,NA,NA,NA,NA,NA,NA,NA,NA,NA,NA,NA,0.05282817903,NA,NA
"310",2020-05-30,9013,1053.1391459743,833,NA,812.567991265,NA,32.102043552,NA,37.053282336,NA,51.19649019,0.01062135,NA,NA,NA,NA,120.152932572,NA,NA,NA,NA,NA,NA,0.042166035,NA,0,NA,NA,NA,NA,NA,NA,NA,NA,NA,NA,NA,NA,0.0136186743,NA
"311",2020-05-31,9013,912.88626320026,836,NA,690.481142208,NA,32.434589328,NA,34.640102728,NA,47.54167296,NA,NA,NA,NA,NA,107.306675375,NA,0.0641975334,NA,NA,NA,NA,NA,NA,0.41788306786,NA,NA,NA,NA,NA,NA,NA,NA,NA,NA,NA,NA,0,NA
"312",2020-06-01,9013,1030.30853634405,845,NA,740.22054245,NA,31.998132981,70.6315600211,35.473727534,NA,48.19044584,NA,0.00168776396,NA,NA,NA,103.33415456,NA,NA,NA,NA,NA,NA,NA,NA,0.403254657,0,NA,NA,NA,NA,NA,NA,NA,NA,NA,NA,0.05503053699,NA,NA
"313",2020-06-02,9013,1038.30352059617,848,NA,774.965670984,NA,NA,72.169552305,35.614358252,NA,49.31050386,NA,0,NA,NA,NA,106.043158377,NA,NA,NA,NA,NA,NA,NA,NA,0.200276818173,NA,NA,NA,NA,NA,NA,NA,NA,NA,NA,NA,NA,NA,NA
"314",2020-06-03,9013,1016.3644323112,856,NA,758.188381896,NA,NA,71.9501592852,34.2085832,NA,47.58725552,NA,NA,NA,NA,NA,103.628403648,NA,NA,NA,NA,NA,NA,NA,NA,0.801648762,NA,NA,NA,NA,NA,NA,NA,NA,NA,NA,NA,NA,NA,NA
"315",2020-06-04,9013,1038.222550453,859,NA,797.140089052,NA,28.51750352,NA,36.28087344,NA,53.07311174,0.015789469,NA,NA,NA,NA,123.195183232,NA,NA,NA,NA,NA,NA,NA,NA,NA,NA,NA,NA,NA,NA,NA,NA,NA,NA,NA,NA,0,NA,NA
"316",2020-06-05,9013,1092.17579554,859,NA,832.042412991,NA,32.2135164,NA,39.713263968,NA,54.98728335,0.01010611,NA,NA,NA,NA,133.209212721,NA,NA,NA,NA,NA,NA,NA,NA,NA,NA,NA,NA,NA,NA,NA,NA,NA,NA,NA,NA,NA,NA,NA
"317",2020-06-06,9013,1179.1710936131,864,NA,858.162877583,NA,29.432818656,76.6209931344,34.760393864,NA,53.23160128,0.0051894097,NA,NA,NA,NA,126.957219686,NA,NA,NA,NA,NA,NA,NA,NA,NA,NA,NA,NA,NA,NA,NA,NA,NA,NA,NA,NA,NA,NA,NA
"318",2020-06-07,9013,1041.11905380654,864,NA,789.387009579,NA,31.435835235,NA,41.604827316,NA,52.031175,NA,NA,NA,NA,NA,126.22362755,NA,NA,NA,NA,NA,NA,0,NA,0.436579126542,NA,NA,NA,NA,NA,NA,NA,NA,NA,NA,NA,NA,NA,NA
"319",2020-06-08,9013,1029.769991986,863,NA,781.510304332,NA,31.719923242,NA,40.0096984,NA,57.8418674,0.01071237,0,NA,NA,NA,118.635128185,NA,NA,NA,NA,NA,NA,0.042358057,NA,NA,NA,NA,NA,NA,NA,NA,NA,NA,NA,NA,NA,NA,NA,NA
"320",2020-06-09,9013,1172.79672672901,873,NA,853.586539253,NA,29.739480972,78.03453425,41.638290672,NA,58.1358839,NA,0.00078802201,NA,NA,NA,111.66120966,NA,NA,NA,NA,NA,NA,NA,NA,NA,NA,NA,NA,NA,NA,NA,NA,NA,NA,NA,NA,0,NA,NA
"321",2020-06-10,9013,1149.49131287923,878,NA,824.98228246,NA,32.71706504,77.2578916951,36.4634954,NA,60.28870791,0.0052659301,0.00079113903,NA,NA,NA,117.775813305,NA,NA,NA,NA,NA,NA,0,NA,0,0,NA,NA,NA,NA,NA,NA,NA,NA,NA,NA,NA,NA,NA
"322",2020-06-11,9013,1023.689519063,883,NA,791.240689338,NA,32.37032656,NA,34.609379569,NA,58.53914262,0.026001041,NA,NA,NA,NA,106.903979935,NA,NA,NA,NA,NA,NA,NA,NA,NA,NA,NA,NA,NA,NA,NA,NA,NA,NA,NA,NA,0,NA,NA
"323",2020-06-12,9013,1283.5381543012,886,NA,931.88778051,NA,33.055315968,82.383715755,38.88680955,NA,62.08816641,0.0051150902,NA,NA,NA,NA,135.125496704,NA,NA,NA,NA,NA,NA,NA,NA,NA,NA,NA,NA,NA,NA,NA,NA,NA,NA,NA,NA,0.105754314,NA,NA
"324",2020-04-22,9015,178.7131167504,122,NA,31.5918349824,NA,NA,NA,25.228531783,26.960228702,NA,NA,NA,NA,NA,NA,NA,NA,NA,53.369445888,NA,0,NA,NA,NA,NA,NA,NA,NA,NA,NA,NA,NA,NA,NA,41.563075395,NA,NA,NA,NA
"325",2020-04-23,9015,200.2190402047,129,NA,35.8529613247,NA,NA,NA,27.978157674,30.904739375,NA,0,NA,NA,NA,NA,NA,NA,NA,63.337852134,NA,NA,NA,NA,NA,NA,NA,NA,NA,NA,NA,NA,NA,NA,NA,42.145329697,NA,NA,NA,NA
"326",2020-04-24,9015,235.16183775692,139,NA,40.944175117,NA,NA,NA,29.572295872,33.718873875,NA,0.00221483992,NA,NA,NA,NA,NA,NA,NA,68.382935004,NA,NA,NA,NA,NA,NA,NA,NA,NA,NA,NA,NA,NA,NA,NA,62.541343049,NA,NA,NA,NA
"327",2020-04-25,9015,277.9022687124,151,NA,46.1648432034,NA,NA,NA,31.401821517,36.574078464,NA,0.004427228,NA,NA,NA,NA,NA,NA,NA,88.14051362,NA,NA,NA,NA,NA,NA,NA,NA,NA,NA,NA,NA,NA,NA,NA,75.61658468,NA,NA,NA,NA
"328",2020-04-26,9015,201.66889740906,157,NA,22.9716055401,NA,NA,NA,25.701039972,33.139949359,NA,0.00229489196,NA,NA,NA,NA,NA,NA,NA,58.921453404,NA,NA,NA,NA,NA,0,NA,NA,NA,NA,NA,NA,NA,NA,NA,60.932554242,NA,NA,NA,NA
"329",2020-04-27,9015,225.642981913899,164,NA,40.078667214,NA,NA,NA,31.6816905,32.727026159,NA,0.00227014792,NA,NA,NA,NA,NA,NA,NA,67.664815304,NA,NA,NA,NA,NA,0.102357518979,NA,NA,NA,NA,NA,NA,NA,NA,NA,53.38615507,NA,NA,NA,NA
"330",2020-04-28,9015,264.3217593684,164,NA,46.5448296784,NA,NA,NA,36.08734808,40.076404004,NA,NA,NA,NA,NA,NA,NA,NA,NA,80.137539286,NA,NA,NA,NA,NA,NA,NA,NA,NA,NA,NA,NA,NA,NA,NA,61.47563832,NA,NA,NA,NA
"331",2020-04-30,9015,279.3365262971,186,NA,47.8903988901,NA,NA,NA,35.550952092,36.617801015,NA,NA,NA,NA,NA,NA,NA,NA,NA,91.97648145,NA,NA,NA,NA,NA,NA,NA,NA,NA,NA,NA,NA,NA,NA,NA,67.30089285,NA,NA,NA,NA
"332",2020-05-01,9015,336.190361407681,200,NA,58.1267666862,NA,NA,NA,42.070986792,45.30428306,NA,NA,NA,NA,NA,NA,NA,NA,NA,104.313377529,NA,NA,NA,NA,NA,0.117612550481,NA,NA,NA,NA,NA,NA,NA,NA,NA,86.25733479,NA,NA,NA,NA
"333",2020-05-02,9015,386.6897422142,211,NA,59.9624183712,NA,NA,NA,48.205832997,47.42328206,NA,NA,NA,NA,NA,NA,NA,NA,NA,121.71673035,NA,NA,NA,NA,NA,0,NA,NA,NA,NA,NA,NA,NA,NA,NA,109.381478436,NA,NA,NA,NA
"334",2020-05-03,9015,355.06262798583,211,NA,44.3848483168,NA,NA,NA,46.34628453,45.27492986,NA,NA,NA,NA,NA,NA,NA,NA,NA,113.756830512,NA,NA,NA,0,NA,NA,NA,NA,NA,NA,NA,NA,NA,NA,NA,105.243484752,NA,0.05625001503,NA,NA
"335",2020-05-04,9015,363.03755565978,217,NA,55.5508862608,NA,NA,NA,51.289177838,46.61818208,NA,NA,NA,NA,NA,NA,NA,NA,NA,118.323574497,NA,NA,NA,NA,NA,NA,NA,NA,NA,NA,NA,NA,NA,NA,NA,91.19705095,NA,0.05868403398,NA,NA
"336",2020-05-05,9015,367.1444117384,223,NA,57.6654312804,NA,NA,NA,51.934481247,48.460968588,NA,NA,0,NA,NA,NA,NA,NA,NA,119.726149275,NA,NA,NA,NA,NA,NA,NA,NA,NA,NA,NA,NA,NA,NA,NA,89.357381348,NA,0,NA,NA
"337",2020-05-06,9015,367.901155740706,242,NA,62.117694614,NA,NA,NA,49.978819264,48.340538397,NA,NA,0.003378378,NA,NA,NA,NA,NA,NA,121.41611496,NA,NA,NA,0.03178257369,NA,0.137626712016,NA,NA,NA,NA,NA,NA,NA,NA,NA,85.875200842,NA,NA,NA,NA
"338",2020-05-07,9015,379.837300199,250,NA,61.93025505,NA,NA,NA,54.65025888,48.66167781,NA,NA,NA,NA,NA,NA,NA,NA,NA,125.792080785,NA,NA,NA,NA,NA,0.4262148,NA,NA,NA,NA,NA,NA,NA,NA,NA,88.376812874,NA,NA,NA,NA
"339",2020-05-08,9015,415.607678414765,249,NA,69.388976488,NA,NA,NA,57.099717575,54.2771092,NA,0.003224076,NA,NA,NA,NA,NA,NA,NA,133.01902185,NA,NA,NA,NA,NA,0.292671677765,NA,NA,NA,NA,NA,NA,NA,NA,NA,101.526957548,NA,NA,NA,NA
"340",2020-05-09,9015,415.3150152175,266,NA,61.0745025555,NA,NA,NA,58.30250135,54.8943912,NA,NA,NA,NA,NA,NA,NA,NA,NA,137.579830506,NA,NA,NA,NA,NA,NA,NA,NA,NA,NA,NA,NA,NA,NA,NA,103.463789606,NA,NA,NA,NA
"341",2020-05-10,9015,410.5379619046,270,NA,55.0327329576,NA,NA,NA,51.445581798,52.13645994,NA,NA,NA,NA,NA,NA,NA,NA,NA,149.994445917,NA,NA,NA,NA,NA,NA,NA,NA,NA,NA,NA,NA,NA,NA,NA,101.928741292,NA,NA,NA,NA
"342",2020-05-11,9015,402.512350241,271,NA,69.729249564,NA,NA,NA,52.750570544,48.643921045,NA,NA,NA,NA,NA,NA,NA,NA,NA,124.83344592,NA,NA,NA,NA,NA,NA,NA,NA,NA,NA,NA,NA,NA,NA,NA,106.555163168,NA,NA,NA,NA
"343",2020-05-12,9015,408.92511020767,281,NA,70.2226022752,NA,NA,NA,50.844443975,48.648918024,NA,NA,NA,NA,NA,NA,NA,NA,NA,128.11928619,NA,NA,NA,0,NA,0.15604490547,NA,NA,NA,NA,NA,NA,NA,NA,NA,110.933814838,NA,NA,NA,NA
"344",2020-05-13,9015,434.9916641284,287,NA,72.3187119864,NA,NA,NA,55.399665024,48.96582376,NA,NA,NA,NA,NA,NA,NA,NA,NA,145.345379742,NA,NA,NA,NA,NA,NA,NA,NA,NA,NA,NA,NA,NA,NA,NA,112.962083616,NA,NA,NA,NA
"345",2020-05-14,9015,481.672931815,291,NA,82.805954355,NA,NA,NA,60.026771336,58.04144352,NA,NA,NA,NA,NA,NA,NA,NA,NA,160.813493665,NA,NA,NA,NA,NA,0.470299635,NA,NA,NA,NA,NA,NA,NA,NA,NA,119.514969304,NA,NA,NA,NA
"346",2020-05-15,9015,531.10830439834,301,NA,83.968972746,NA,NA,NA,66.232232396,61.89186883,NA,NA,NA,NA,NA,NA,NA,NA,NA,173.193664774,NA,NA,NA,NA,NA,NA,0.01044867634,NA,NA,NA,NA,NA,NA,NA,NA,145.811116976,NA,NA,NA,NA
"347",2020-05-16,9015,634.653700346,304,NA,93.299748112,NA,NA,NA,69.81110802,71.1919956,NA,0.007364546,NA,NA,NA,NA,NA,NA,NA,210.285119053,NA,NA,NA,NA,NA,NA,NA,NA,NA,NA,NA,NA,NA,NA,15.996375903,174.061989112,NA,NA,NA,NA
"348",2020-05-17,9015,531.3779482114,313,NA,67.7572702664,NA,NA,NA,58.835094696,68.74583001,NA,NA,NA,NA,NA,NA,NA,NA,NA,165.512136672,NA,NA,NA,NA,NA,NA,NA,NA,NA,NA,NA,NA,NA,NA,13.791976999,156.735639568,NA,NA,NA,NA
"349",2020-05-18,9015,498.3898046613,322,NA,81.3467296733,NA,NA,NA,63.997843524,72.7009668,NA,NA,NA,NA,NA,NA,NA,NA,NA,160.577148096,NA,NA,NA,NA,NA,NA,NA,NA,NA,NA,NA,NA,0,NA,NA,119.767116568,NA,NA,NA,NA
"350",2020-05-19,9015,531.992026066214,326,NA,92.915807,NA,NA,NA,66.45201464,77.4569719,NA,0.00373732114,0,NA,NA,NA,NA,NA,NA,174.698726958,NA,NA,NA,NA,NA,0.167515519074,NA,NA,NA,NA,NA,NA,NA,NA,NA,120.297252728,NA,NA,NA,NA
"351",2020-05-20,9015,594.914044042,329,NA,105.756152472,NA,NA,NA,71.138436992,80.64783654,NA,NA,NA,NA,NA,NA,NA,NA,NA,191.80910574,NA,NA,NA,NA,NA,NA,NA,NA,NA,NA,NA,NA,NA,NA,15.040418938,130.52209336,NA,0,0,NA
"352",2020-05-21,9015,620.84237580752,336,NA,104.195648362,NA,NA,NA,72.107916384,85.62164139,NA,0,NA,NA,NA,NA,NA,NA,NA,212.439898905,NA,NA,NA,NA,NA,NA,NA,NA,NA,NA,NA,NA,NA,NA,NA,146.41068,NA,0.05439564702,0.0121951195,NA
"353",2020-05-22,9015,703.49133080444,348,NA,116.797597965,NA,NA,NA,77.84597366,95.78241732,NA,NA,NA,NA,NA,NA,NA,NA,NA,232.008666981,NA,NA,NA,0.04113787894,NA,NA,NA,NA,NA,NA,NA,NA,NA,NA,NA,181.00559664,NA,NA,0.0099403595,NA
"354",2020-05-23,9015,647.95509552384,354,NA,101.314018475,NA,NA,NA,72.41781089,89.63178804,NA,0.00411099984,NA,NA,NA,NA,NA,NA,NA,205.330994838,NA,NA,NA,NA,NA,NA,NA,NA,NA,NA,NA,NA,NA,NA,NA,179.256372281,NA,NA,NA,NA
"355",2020-05-24,9015,648.52189789585,359,NA,82.4530465058,NA,NA,NA,70.773220858,86.29238895,NA,NA,NA,NA,NA,NA,NA,NA,NA,205.282382499,NA,NA,NA,0.04290874405,NA,0,NA,NA,NA,NA,NA,NA,NA,NA,15.567260279,188.11069006,NA,NA,0,NA
"356",2020-05-25,9015,533.946016008,365,NA,67.254712694,NA,NA,NA,67.410350987,73.839909388,NA,NA,NA,NA,NA,NA,NA,NA,NA,160.395308865,NA,NA,NA,NA,NA,NA,NA,NA,NA,NA,NA,NA,NA,NA,NA,165.031120293,NA,NA,0.014613781,NA
"357",2020-05-26,9015,618.9255890272,371,NA,94.8512417032,NA,NA,NA,84.72139715,80.76774688,NA,NA,0,NA,NA,NA,NA,NA,NA,202.062827475,NA,NA,NA,NA,NA,NA,NA,NA,NA,NA,NA,NA,NA,NA,NA,156.522375819,NA,NA,NA,NA
"358",2020-05-27,9015,653.63978272895,371,NA,110.0995259,NA,NA,NA,86.996210652,85.0817783,NA,NA,NA,NA,NA,NA,NA,NA,NA,215.448933609,NA,NA,NA,0.04273508595,NA,NA,NA,NA,NA,NA,NA,0,NA,NA,NA,155.970599182,NA,NA,NA,NA
"359",2020-05-28,9015,639.16660977095,375,NA,107.893515988,NA,NA,NA,86.919051318,82.22373114,NA,NA,0,NA,NA,NA,NA,NA,NA,216.466706592,NA,NA,NA,0.04285070095,NA,NA,NA,NA,NA,NA,NA,NA,NA,NA,NA,145.620754032,NA,NA,NA,NA
"360",2020-05-29,9015,660.63076625695,380,NA,122.808492834,NA,NA,NA,85.0738629,90.86004208,NA,NA,0.003215434,NA,NA,NA,NA,NA,NA,211.861579904,NA,NA,NA,0.04166662095,NA,NA,NA,NA,NA,NA,NA,NA,NA,NA,NA,149.981906484,NA,NA,NA,NA
"361",2020-05-30,9015,752.375350611,381,NA,118.105819627,NA,NA,NA,87.284870368,98.30650333,NA,NA,NA,NA,NA,NA,NA,NA,NA,253.953740271,NA,NA,NA,0.042166035,NA,NA,NA,NA,NA,NA,NA,NA,NA,NA,NA,194.68225098,NA,0,NA,NA
"362",2020-05-31,9015,717.1001836448,384,NA,89.4953061288,NA,NA,NA,82.7032437,87.31448176,NA,NA,NA,NA,NA,NA,NA,NA,NA,238.073869978,NA,NA,NA,0.044206635,NA,NA,NA,NA,NA,NA,NA,NA,NA,NA,NA,219.305709108,NA,0.163366335,NA,NA
"363",2020-06-01,9015,643.830791169,388,NA,100.282121205,NA,NA,NA,87.95290698,84.6588093,NA,NA,NA,NA,NA,NA,NA,NA,NA,204.232197312,NA,NA,NA,0.130968576,NA,NA,NA,NA,NA,NA,NA,NA,NA,NA,NA,166.573787796,NA,NA,0,NA
"364",2020-06-02,9015,652.38628520027,393,NA,109.896601416,NA,NA,NA,84.56126606,85.61885424,NA,NA,NA,NA,NA,NA,NA,NA,NA,220.70970684,NA,NA,NA,0.04375282097,NA,NA,NA,NA,NA,NA,NA,NA,NA,NA,NA,151.536978144,NA,NA,0.0191256793,NA
"365",2020-06-03,9015,665.273592276,392,NA,108.481991409,NA,NA,NA,88.0036124,88.39327352,NA,NA,NA,NA,NA,NA,NA,NA,NA,232.733297435,NA,NA,NA,NA,NA,NA,NA,NA,NA,NA,NA,NA,NA,NA,NA,147.661417512,NA,0,NA,NA
"366",2020-06-04,9015,708.351965074,397,NA,116.697777196,NA,NA,NA,90.310662144,93.00220341,NA,NA,NA,NA,NA,NA,NA,NA,NA,239.238140652,NA,NA,NA,NA,NA,NA,NA,NA,NA,NA,NA,NA,NA,NA,NA,169.103181672,NA,NA,NA,NA
"367",2020-06-05,9015,767.93032622503,405,NA,129.019234419,NA,NA,NA,89.182169884,99.51829394,NA,0,NA,NA,NA,NA,NA,NA,NA,267.0020024,NA,NA,NA,0.04136458203,NA,NA,NA,NA,NA,NA,NA,NA,NA,NA,NA,183.154053456,NA,NA,0.013207544,NA
"368",2020-06-06,9015,783.8133822487,416,NA,120.400801147,NA,NA,NA,84.073586216,96.5402928,NA,0.0051894097,NA,NA,NA,NA,NA,NA,NA,260.66927832,NA,NA,NA,NA,NA,NA,NA,NA,NA,NA,NA,NA,NA,NA,NA,222.124234356,NA,NA,NA,NA
"369",2020-06-07,9015,715.9283633594,420,NA,97.5465944244,NA,NA,NA,78.794448783,88.46375904,NA,NA,NA,NA,NA,NA,NA,NA,NA,227.85585368,NA,NA,NA,0,NA,NA,NA,NA,NA,NA,NA,NA,NA,NA,NA,223.267707432,NA,NA,NA,NA
"370",2020-06-08,9015,688.48845203077,428,NA,115.825425484,NA,NA,NA,92.23955328,92.15404831,NA,0.0053561898,NA,NA,NA,NA,NA,NA,NA,222.845270458,NA,NA,NA,0.08471611497,NA,NA,NA,NA,NA,NA,NA,NA,NA,NA,NA,165.227529194,NA,0.106553,NA,NA
"371",2020-06-09,9015,727.252083595,430,NA,117.104118399,NA,NA,NA,92.92665426,100.74501189,NA,NA,NA,NA,NA,NA,NA,NA,NA,227.759434023,NA,NA,NA,NA,NA,NA,NA,NA,NA,NA,NA,NA,NA,NA,NA,177.305975686,11.410889337,NA,NA,NA
"372",2020-06-10,9015,779.67125123,437,NA,126.584581,NA,NA,NA,93.0003221,99.27166704,NA,0.01053186,0,NA,NA,NA,NA,NA,NA,243.84407052,NA,NA,NA,0,NA,NA,NA,NA,NA,NA,NA,NA,NA,NA,18.036036525,187.575814772,11.348227413,NA,NA,NA
"373",2020-06-11,9015,720.695936351,441,NA,123.738226326,NA,NA,NA,86.805595438,96.10098712,NA,0.015600621,NA,NA,NA,NA,NA,NA,NA,229.902952715,NA,NA,NA,0.042461048,NA,NA,NA,NA,NA,NA,NA,NA,NA,NA,NA,184.090113083,NA,NA,0,NA
"374",2020-06-12,9015,815.93887611418,453,NA,135.971612655,NA,NA,NA,93.6896835,99.05438358,NA,NA,NA,NA,NA,NA,NA,NA,NA,283.51055409,NA,NA,NA,0.04152544298,NA,NA,NA,NA,NA,NA,NA,NA,NA,NA,NA,203.655180591,NA,NA,0.0159362552,NA
"375",2020-04-25,9001,2311.10255936345,10373,NA,NA,77.148170034,NA,686.77415823,NA,NA,NA,NA,NA,NA,NA,NA,NA,NA,0.118032786,NA,NA,NA,NA,NA,39.13126798,0.095676813454,NA,NA,74.94170619,NA,1432.89354733,NA,NA,NA,NA,NA,NA,NA,NA,NA
"376",2020-04-26,9001,1586.797256336,10529,NA,NA,57.267330048,NA,524.62013243,NA,NA,NA,NA,NA,NA,NA,NA,NA,NA,NA,NA,NA,NA,NA,NA,32.297436642,NA,0,NA,61.314026,NA,911.298331216,NA,NA,NA,NA,NA,NA,0,NA,NA
"377",2020-05-02,9001,2843.3648039866,11801,NA,NA,102.385464048,NA,925.9944744,NA,NA,NA,NA,NA,NA,NA,NA,NA,NA,NA,NA,NA,NA,NA,NA,45.401704663,0.124663507598,NA,NA,88.631772016,NA,1680.826725352,NA,NA,NA,NA,NA,NA,NA,NA,NA
"378",2020-05-03,9001,2517.971137328,11801,NA,NA,101.402536256,NA,848.57314512,NA,NA,NA,NA,NA,NA,NA,NA,NA,NA,NA,NA,NA,NA,NA,0,47.889004728,NA,NA,NA,79.678734652,NA,1440.427716572,NA,NA,NA,NA,NA,NA,NA,NA,NA
"379",2020-05-09,9001,3007.04540574534,13030,NA,NA,106.685162644,NA,998.80607887,NA,NA,NA,NA,NA,NA,NA,NA,NA,NA,NA,NA,NA,NA,NA,NA,66.523188298,0.307315487337,NA,NA,102.97728072,NA,1731.746379726,NA,NA,NA,NA,NA,NA,NA,NA,NA
"380",2020-05-10,9001,2986.324881378,13236,NA,NA,112.568560295,NA,1042.94696909,NA,NA,NA,NA,NA,NA,NA,NA,NA,NA,NA,NA,NA,NA,NA,NA,52.785556376,NA,NA,NA,86.407893099,NA,1691.615902518,NA,NA,NA,NA,NA,NA,NA,NA,NA
"381",2020-05-16,9001,3751.756780789,14140,NA,NA,147.32663066,NA,1302.1024705,NA,NA,NA,NA,NA,NA,0.0865052,NA,NA,NA,0.166666668,NA,NA,NA,NA,NA,69.808669496,NA,0.010778436,NA,102.435143125,NA,2129.819916704,NA,NA,NA,NA,NA,NA,NA,NA,NA
"382",2020-05-17,9001,3148.488857476,14248,NA,NA,138.76351299,NA,1146.33881707,NA,NA,NA,NA,NA,NA,NA,NA,NA,NA,NA,NA,NA,NA,NA,0,53.943170583,NA,NA,NA,97.577695824,NA,1711.865661009,NA,NA,NA,NA,NA,NA,NA,NA,NA
"383",2020-05-23,9001,3796.67934590695,14989,NA,NA,144.41175384,NA,1315.05318326,NA,NA,NA,NA,NA,NA,NA,NA,NA,NA,NA,NA,NA,NA,NA,0.04175820095,93.662756526,NA,NA,NA,140.220156,NA,2103.28973808,NA,NA,NA,NA,NA,NA,NA,NA,NA
"384",2020-05-24,9001,3622.4610926198,15114,NA,NA,148.18496836,NA,1309.5387024,NA,NA,NA,NA,NA,NA,0.1677419328,NA,NA,NA,NA,NA,NA,NA,NA,NA,75.822450516,NA,NA,NA,114.150885328,NA,1974.596344083,NA,NA,NA,NA,NA,NA,NA,NA,NA
"385",2020-05-25,9001,3320.96173171795,15213,NA,NA,149.23836916,NA,1178.49917649,NA,NA,NA,NA,NA,NA,0.353260882,NA,NA,NA,0.168103442,NA,NA,NA,NA,0.04306435595,79.290211275,NA,0.02386634,NA,101.81935758,NA,1809.651769632,NA,NA,NA,NA,NA,NA,0.108137601,NA,1.76641496
"386",2020-05-30,9001,4631.565734769,15502,NA,NA,173.99520058,NA,1554.12620656,NA,NA,NA,NA,NA,NA,NA,NA,NA,NA,NA,NA,NA,NA,NA,NA,110.077749397,0.612008696,NA,NA,136.5753168,NA,2656.179252736,NA,NA,NA,NA,NA,NA,NA,NA,NA
"387",2020-05-31,9001,4030.51923051564,15549,NA,NA,170.69765581,NA,1429.72667604,NA,NA,NA,NA,NA,NA,NA,NA,NA,NA,0.0320987667,NA,NA,NA,NA,NA,95.880491442,0.20894153393,NA,NA,131.15722884,NA,2202.80227056,NA,NA,0.01386752301,NA,NA,NA,NA,NA,NA
"388",2020-06-06,9001,4964.3849784926,16020,NA,NA,186.13239876,NA,1682.59686894,NA,NA,NA,NA,NA,NA,0.2204724396,NA,NA,NA,NA,NA,NA,NA,NA,NA,124.992352015,NA,NA,NA,153.45098132,NA,2816.991905018,NA,NA,NA,NA,NA,NA,NA,0,NA
"389",2020-06-07,9001,4373.82204822556,16056,NA,NA,175.09049514,NA,1565.58909088,NA,NA,NA,NA,0.000795545,NA,NA,NA,NA,NA,0.1044176783,NA,0.137016437235,NA,NA,0.04371334003,116.815992,NA,0,NA,134.77957307,NA,2381.150882635,NA,0,NA,NA,NA,NA,0.1100715,NA,NA
"390",2020-06-08,9001,4569.766881499,16092,NA,NA,195.1277795,NA,1781.3770998,NA,NA,NA,NA,NA,NA,NA,NA,NA,NA,0.180198018,NA,NA,NA,NA,NA,120.746985204,0,NA,NA,147.07238906,NA,2325.262429917,NA,NA,NA,NA,NA,NA,NA,NA,NA
"391",2020-06-10,9001,4864.90904665308,16134,NA,NA,201.235606,NA,1783.57362692,NA,NA,NA,0,NA,NA,0.486486504,NA,NA,NA,0.0493358567,NA,NA,NA,NA,NA,112.937872616,0.630518025384,0.027090688,NA,142.69088188,NA,2623.260637875,NA,NA,NA,NA,NA,NA,NA,0.016990288,NA
"392",2020-04-25,9003,1190.75960729054,4761,NA,NA,106.50544458,118.76495616,542.998295719,25.161716041,110.22325632,6.091780316,NA,NA,4.461641925,NA,NA,264.541782505,11.21312796,NA,NA,NA,NA,NA,0.02524543254,NA,0.669737733,NA,NA,NA,NA,NA,NA,NA,NA,NA,NA,NA,0.102622599,NA,NA
"393",2020-04-26,9003,913.201874335954,4989,NA,NA,90.05941152,96.45059256,390.196260825,20.764116972,97.21051736,4.588726449,NA,NA,4.462317728,NA,NA,201.037093625,8.324774066,NA,NA,NA,NA,NA,NA,NA,0.108063230954,NA,NA,NA,NA,NA,NA,NA,NA,NA,NA,NA,NA,NA,NA
"394",2020-05-02,9003,1551.709637421,6112,NA,NA,146.95897244,151.76184149,680.155210544,33.607552461,148.71834184,8.727663896,0.00552181,NA,NA,NA,NA,367.656303576,13.74424245,NA,NA,NA,NA,NA,NA,NA,0.373986914,NA,NA,NA,NA,NA,NA,NA,NA,NA,NA,NA,NA,NA,NA
"395",2020-05-03,9003,1485.53058216922,6112,NA,NA,144.61524,150.62174036,650.19246316,43.909794453,138.39013472,9.311407423,0.00282486,NA,5.961424436,NA,NA,329.908563628,12.465425531,NA,NA,NA,NA,NA,NA,NA,0.13034343742,NA,NA,NA,NA,NA,NA,NA,NA,NA,NA,NA,NA,0.0212201608,NA
"396",2020-05-09,9003,1689.63771880438,7105,NA,NA,142.90981148,168.03863208,717.0262611,36.3195907,173.3809482,11.676268968,NA,NA,5.145152112,NA,NA,418.991787357,15.077487037,NA,NA,NA,NA,NA,0.07109450248,NA,0.768290876,NA,NA,NA,NA,NA,NA,NA,NA,NA,NA,NA,0.2323943919,NA,NA
"397",2020-05-10,9003,1659.79370891345,7263,NA,NA,151.60886934,169.54888944,724.136122516,44.183473892,163.81095852,10.27649835,NA,NA,6.853496175,NA,NA,373.68811372,15.197454116,NA,NA,NA,NA,NA,0,NA,0.313780649453,NA,NA,NA,NA,NA,NA,NA,NA,NA,NA,NA,0.176052195,NA,NA
"398",2020-05-16,9003,2154.63521504533,8299,NA,NA,171.18347862,206.15759568,943.160798125,59.93811968,218.75853456,13.606881312,NA,NA,7.41808485,NA,NA,511.750177911,22.169206082,0.0333333372,NA,NA,NA,NA,0.126038822,NA,0.332966066133,0,NA,NA,NA,NA,NA,NA,NA,NA,NA,NA,NA,0,NA
"399",2020-05-17,9003,1930.39125886058,8723,NA,NA,167.73612813,205.88321871,798.245995227,60.206896341,220.33363495,12.950991923,NA,0.00158102798,7.99463763,NA,NA,437.683687425,18.353904257,NA,NA,NA,NA,NA,0.086997592,NA,0.876719288,NA,NA,NA,NA,NA,NA,NA,NA,NA,NA,NA,NA,0.0368663596,NA
"400",2020-05-22,9003,2621.19338977594,9463,NA,NA,196.7553181,250.95615008,1144.41936188,65.48262539,300.2494488,21.643298328,NA,NA,NA,NA,NA,614.03575488,26.459971664,NA,NA,NA,NA,NA,0.08227575694,NA,1.056441162,NA,NA,NA,NA,NA,NA,NA,NA,NA,NA,NA,0.052743735,NA,NA
"401",2020-05-23,9003,2350.48274081034,9545,NA,NA,176.22052576,233.52775848,968.277695502,55.47602854,275.63549641,17.086416402,0.00411099984,0,NA,NA,NA,596.41626121,26.744915106,NA,NA,NA,NA,NA,0.1252747045,NA,0.968257696,NA,NA,NA,NA,NA,NA,NA,NA,NA,NA,NA,NA,NA,NA
"402",2020-05-24,9003,2147.97382816443,9686,NA,NA,172.90712208,208.4836748,878.534575035,63.55485017,251.88667461,14.787450171,NA,0.0045146718,8.26437872,NA,NA,527.616776467,21.53861869,NA,NA,NA,NA,NA,NA,NA,0.395192749626,NA,NA,NA,NA,NA,NA,NA,NA,NA,NA,NA,0,NA,NA
"403",2020-05-25,9003,2133.58062213095,9841,NA,NA,173.97927592,220.54588864,854.540171132,82.900025341,250.43437664,16.055537145,NA,0,12.407908793,NA,7.001982084,474.1225673,26.32196574,NA,NA,NA,0,NA,0.04306435595,NA,0.1939425057,NA,NA,NA,NA,NA,0,NA,NA,NA,NA,14.827868748,0.162206451,0.0438413353,NA
"404",2020-05-30,9003,2728.06430769785,10207,NA,NA,203.94645287,270.3015936,1139.75822661,74.70558248,291.90894803,18.823140789,NA,NA,8.595936032,NA,NA,684.73118532,34.992279765,NA,NA,NA,NA,NA,0.08433197595,NA,NA,NA,NA,NA,NA,NA,NA,NA,NA,NA,NA,NA,0.2166302259,NA,NA
"405",2020-05-31,9003,2482.69614497693,10296,NA,NA,210.05205386,255.56009136,1015.992476538,84.088853156,268.09405612,17.152290432,NA,0.001668056,10.356573536,NA,NA,592.18732008,28.812423555,0.0320987667,NA,NA,NA,NA,NA,NA,0.20894153393,NA,NA,NA,NA,NA,NA,NA,NA,NA,NA,NA,0.10891089,0.0483870933,NA
"406",2020-06-06,9003,2945.86803785796,10747,NA,NA,225.97292286,288.97677758,1194.26584329,78.002992512,310.49443584,22.020028992,0.0051894097,NA,9.774289581,NA,NA,772.22941817,42.311112512,NA,NA,NA,0,NA,0.04245078997,NA,1.71892822329,NA,NA,NA,NA,NA,NA,NA,NA,NA,NA,NA,0.053648098,NA,NA
"407",2020-06-07,9003,2782.07077586336,10809,NA,NA,209.68433871,281.74366845,1116.073970264,97.643982522,295.20100512,21.27618108,NA,NA,13.41741646,NA,NA,699.79298774,33.68212167,NA,NA,NA,NA,NA,0.08742677706,NA,NA,NA,NA,NA,NA,NA,NA,NA,NA,NA,NA,13.38746142,0.055035797,0.0251798533,NA
"408",2020-06-12,9003,3182.2758696557,11103,NA,NA,234.6062271,313.89736448,1364.09724495,87.3232605,352.30179252,28.127933757,0,NA,9.407535325,NA,NA,753.85796181,38.077057368,NA,NA,NA,NA,NA,0.04152544298,NA,0.432212088717,NA,NA,NA,NA,NA,NA,NA,NA,NA,NA,NA,0.105754314,NA,NA
