"","local_date","next_area_fip","inflow_cases","next_area_active_cases","next_area_cmi","23001","23005","23007","23011","23013","23015","23017","23019","23023","23025","23027","23031","25009","25017","25019","26115","33003","33015","33017","36019","36029","36033","36063","36089","39043","39123","50011"
"1",2020-04-22,23005,45.146863722122,377,3.11291655573703,4.8095236,NA,0.41898864,4.059652955,0.393939377,0.988606452,1.69426754,NA,5.27246381,NA,NA,26.63480083,NA,NA,NA,NA,0.72396276,NA,NA,NA,0.150657758122,NA,NA,NA,NA,NA,0
"2",2020-04-23,23005,45.0194632295,391,3.34888767097763,5.087979,NA,0.517453804,3.943000704,0.313374802,0.936241596,1.63481948,NA,5.49615117,NA,NA,26.9929656,NA,NA,NA,NA,NA,NA,NA,NA,NA,NA,NA,NA,NA,NA,0.0974770735
"3",2020-04-24,23005,47.87264701051,402,3.39256161347799,5.56616234,NA,0.826941076,4.03467375,0.305882356,1.184339316,1.70357894,NA,5.52413351,NA,NA,28.70432384,NA,NA,NA,NA,NA,NA,NA,0.02261188251,0,NA,NA,NA,NA,NA,NA
"4",2020-04-25,23005,43.992326085275,402,3.44605386509531,5.51833725,NA,0.846292928,3.97137544,0.322981347,1.173002328,1.7660167,NA,5.32005701,NA,NA,24.89657264,NA,NA,NA,NA,NA,NA,NA,NA,0.177690442275,NA,NA,NA,NA,NA,NA
"5",2020-04-26,23005,37.076699481247,430,2.12516338120612,4.4140532,NA,0.77973116,2.982154752,0.3269896,0.995442156,1.67803545,0.4509038865,4.59050688,NA,NA,20.75839164,NA,NA,NA,NA,NA,NA,NA,NA,0.100490756747,0,NA,NA,NA,NA,0
"6",2020-04-27,23005,42.857850810466,435,1.75541144003439,5.0457036,NA,0.788702928,4.32874272,0.243781076,0.994652424,1.75223745,NA,5.06336958,0.341757613,NA,24.15335517,NA,NA,NA,NA,NA,NA,NA,0,0.095343945186,NA,NA,NA,NA,NA,0.05020430428
"7",2020-04-28,23005,46.13883242445,442,3.0292060000746,5.4974628,NA,0.867542988,3.964240038,0.328733775,1.11111108,1.9003608,NA,5.45953554,NA,NA,26.15379477,NA,NA,NA,NA,0.608621419,NA,NA,0.05181346445,0.19561575,NA,NA,NA,NA,NA,NA
"8",2020-04-30,23005,52.573526042,460,3.04578280633679,6.80954514,NA,0.919449908,4.729447072,0.364227648,1.256629634,1.96524075,NA,6.25756488,NA,NA,29.1216024,NA,NA,NA,NA,0.738095244,NA,NA,NA,0.311839526,NA,NA,NA,NA,NA,0.09988384
"9",2020-05-01,23005,50.014754467,477,3.27075673819384,7.3275865,NA,0.702000027,4.027957584,0.280925776,1.17667235,1.92986235,NA,5.59999977,NA,NA,28.96975011,NA,NA,NA,0,NA,NA,NA,NA,NA,NA,NA,NA,NA,NA,NA
"10",2020-05-02,23005,52.108893420332,500,3.58540111853354,8.31362272,NA,0.593123229,4.317969768,0.437158464,1.22980389,2.03106315,NA,6.15363317,NA,NA,28.91707189,NA,NA,NA,NA,NA,NA,NA,NA,0.115447139332,0,NA,NA,NA,NA,NA
"11",2020-05-03,23005,50.923311888888,521,3.31669552933682,6.66459468,NA,1.087649444,4.159485495,0.224237424,1.105697775,2.0961777,0.875927892,5.39644973,0.317502659,NA,28.85117664,NA,NA,NA,0.023414391,NA,NA,NA,NA,0.120998058888,NA,NA,NA,NA,NA,NA
"12",2020-05-04,23005,61.248803156,530,3.33498662294725,9.16321642,NA,1.121149876,5.317135758,0.358113504,1.30337077,2.2707327,NA,6.40390003,0.478491758,NA,33.69251552,NA,NA,NA,0,0.895504269,NA,NA,NA,0.244672551,NA,NA,NA,NA,NA,NA
"13",2020-05-05,23005,60.547485832,541,3.47687835031724,9.4029852,NA,0.853658568,4.319338511,0.32348368,1.039096396,1.900572,NA,6.31541703,NA,NA,35.9688666,NA,NA,NA,NA,NA,NA,NA,NA,0.368708615,NA,NA,NA,NA,NA,0.055359232
"14",2020-05-06,23005,66.06827891465,553,3.49966108838721,10.85905405,NA,0.920318756,5.196506546,0.480519484,1.63529408,2.20856768,NA,7.097643,NA,NA,36.58736046,NA,NA,NA,NA,0.800000008,NA,NA,0.02994010565,0.253074745,0,NA,NA,NA,NA,NA
"15",2020-05-07,23005,69.61940926706,601,3.51366630977069,11.7151488,NA,0.81325305,4.920395832,0.513953486,1.327181156,2.35564121,NA,7.1360218,NA,NA,39.81145575,NA,NA,NA,NA,0.81196584,NA,NA,0.02988505,0.13097655,NA,NA,NA,NA,NA,0.05353074306
"16",2020-05-08,23005,73.257403014,628,3.67913750279035,13.1377856,NA,0.84057972,4.9058869,0.439359246,1.53635655,2.57809913,NA,6.985392,NA,NA,41.60366371,NA,NA,NA,NA,0.826972992,NA,NA,NA,0.403307166,NA,NA,NA,NA,NA,NA
"17",2020-05-09,23005,61.074784653,655,3.08767357786161,11.1337408,NA,0.81846804,3.400600512,0.35121951,1.401028305,2.17005289,NA,6.8126888,NA,NA,34.06608848,NA,NA,NA,NA,0.920897316,NA,NA,0,NA,0,NA,NA,NA,NA,NA
"18",2020-05-10,23005,63.2340330887,672,3.54315582569776,11.74479194,NA,1.1584158,4.133415203,0.291441798,1.10311746,2.26097875,NA,6.25628157,NA,NA,36.1933198,NA,NA,NA,NA,NA,NA,NA,0.07000488,NA,0.0222658877,NA,NA,NA,NA,NA
"19",2020-05-11,23005,77.288913923,683,3.33986150494691,14.8272111,NA,1.66163139,5.31972789,0.526558913,1.66945605,2.49293304,NA,6.77930085,NA,NA,42.96389172,NA,NA,NA,NA,1.04820297,NA,NA,NA,NA,NA,NA,NA,NA,NA,NA
"20",2020-05-12,23005,73.723825139,690,3.41920135107594,14.63975935,NA,1.07692311,4.68779265,0.453425709,1.266722385,2.26067802,NA,6.46811382,0.380394227,NA,41.420288,NA,NA,NA,NA,1.069727868,NA,NA,NA,0,NA,NA,NA,NA,NA,NA
"21",2020-05-13,23005,81.742211195794,712,3.55132943704653,16.21944961,NA,0.77380953,5.788497208,0.52384501,1.5802269,2.38812974,NA,7.66666682,NA,NA,45.62896743,NA,NA,NA,NA,0.889492062,NA,NA,NA,0.283126885794,NA,NA,NA,NA,NA,0
"22",2020-05-14,23005,88.121908402729,744,3.65773155461392,19.85544002,NA,1.08674928,6.258136815,0.455089843,1.73212875,2.62893865,NA,8.58306225,NA,NA,46.38619053,NA,NA,NA,NA,0.992828967,NA,NA,NA,0.143343297729,NA,NA,NA,NA,NA,NA
"23",2020-05-15,23005,86.600178149258,764,3.62154752330361,18.10539537,NA,0.857670976,5.911306452,0.3648036,1.451133728,2.43936961,NA,8.38393972,NA,NA,47.74033446,NA,NA,NA,NA,0.914920188,NA,NA,NA,0.431304045258,NA,NA,NA,NA,NA,0
"24",2020-05-16,23005,85.589888623,786,3.69256066331295,19.02816552,NA,1.0008688,6.02126392,0.596412558,1.527097267,2.50566893,NA,9.456083,0.54027978,0.600000048,44.3140488,NA,NA,NA,NA,NA,NA,NA,NA,NA,NA,NA,NA,NA,NA,NA
"25",2020-05-17,23005,81.171303674,802,3.50734720236143,19.11529998,NA,1.673579808,5.329968971,0.40816326,1.388845243,2.31458502,1.144902832,8.79732576,0.69138274,NA,40.30725006,NA,NA,NA,NA,NA,NA,NA,NA,0,NA,NA,NA,NA,NA,NA
"26",2020-05-18,23005,99.409633425,816,3.5974927388969,23.66469226,NA,1.501466272,6.91931205,0.43906134,2.09827039,2.50398661,NA,9.47612898,NA,NA,51.35555838,NA,NA,NA,NA,0.984825468,NA,NA,NA,0.466331675,NA,NA,NA,NA,NA,0
"27",2020-05-19,23005,99.618900166588,825,3.64367394961282,25.30188668,NA,1.0991168,5.980360064,0.43543544,1.71865206,2.34704159,NA,9.52638246,NA,NA,51.45322065,NA,NA,NA,NA,1.194261332,NA,NA,NA,0.457749352588,NA,NA,NA,NA,NA,0.104793738
"28",2020-05-20,23005,107.373340882,853,3.69780979870243,30.39816477,NA,0.963276831,5.763453695,0.56574926,1.97981371,2.72144628,NA,10.23244208,NA,NA,53.59405436,NA,NA,NA,NA,1.154939896,NA,NA,NA,NA,NA,NA,NA,NA,NA,NA
"29",2020-05-21,23005,114.7563442,881,3.73628418833258,35.889002,NA,0.98018022,6.77519372,0.56975894,1.82916054,2.7616824,NA,9.99373844,0.54676258,NA,54.35853072,NA,NA,NA,NA,1.05233464,NA,NA,NA,NA,NA,NA,NA,NA,NA,NA
"30",2020-05-22,23005,123.712664108,930,3.87020453638775,39.6651744,NA,NA,6.84318862,0.61737258,1.86036966,3.06823856,NA,10.96019316,NA,NA,59.58495988,NA,NA,NA,NA,1.113167248,NA,NA,NA,0,NA,NA,NA,NA,NA,NA
"31",2020-05-23,23005,119.5251061258,969,3.68869526612984,38.25402075,NA,0.724482465,6.80096196,0.62931694,1.598259575,2.94357063,NA,10.61337032,NA,NA,56.26084898,NA,NA,NA,NA,1.158415838,NA,NA,NA,0.530729008,0.0111296598,NA,NA,0,NA,NA
"32",2020-05-24,23005,109.064930375146,992,3.5730521707781,37.55068548,NA,1.61698957,6.444921476,0.48817694,1.35642142,3.21877122,NA,9.16183772,0.672663432,NA,48.3737253,NA,NA,NA,NA,NA,NA,NA,NA,0.180737817146,NA,NA,NA,NA,NA,NA
"33",2020-05-25,23005,97.95970878033,1000,3.40287620468247,29.23666412,NA,2.877470365,6.583482815,0.41252862,1.65151522,3.09179283,1.578283238,8.48424052,0.808075989,NA,43.13113266,NA,NA,NA,NA,NA,NA,NA,0.04125111991,NA,0.0119331806,NA,NA,NA,NA,0.05133810282
"34",2020-05-26,23005,134.076344871109,1015,3.65738489712448,45.81385585,NA,3.03773589,7.865418764,0.63798218,1.83194548,4.06237194,NA,9.78776484,NA,NA,59.3573785,NA,NA,NA,NA,1.28044542,NA,NA,0.04084380209,0.348086564819,0.0125156402,NA,NA,NA,NA,NA
"35",2020-05-27,23005,140.22137295982,1022,3.71842516700094,47.832035,NA,1.525974065,7.370232156,0.67516878,2.4580152,4.43086826,NA,11.05193973,NA,NA,64.12838396,NA,NA,NA,NA,NA,NA,NA,NA,0.697192482,NA,NA,NA,NA,NA,0.05156332682
"36",2020-05-28,23005,141.73581643282,1046,3.73507990300831,47.73015654,NA,0.979477625,6.686711388,0.62093862,2.1091444,4.59371223,NA,11.4569127,NA,NA,65.77857893,NA,NA,NA,NA,1.0740494,NA,NA,0,0.70613459982,NA,NA,NA,NA,NA,NA
"37",2020-05-29,23005,148.04662726608,1070,3.78480206969406,51.52726467,NA,1.161572055,6.647291924,0.551124,1.9067797,4.59209056,NA,11.0246139,0.540245552,NA,68.70403904,NA,NA,NA,NA,1.221708986,NA,NA,0.1197367899,NA,NA,NA,NA,NA,NA,0.05016008918
"38",2020-05-30,23005,141.167058855,1096,3.75505109734414,50.04048525,NA,1.03298615,6.690301261,0.36258158,1.99039116,5.13143301,NA,11.252313,0.581093612,NA,62.55253662,NA,NA,NA,NA,1.532937212,NA,NA,NA,NA,NA,NA,NA,NA,NA,NA
"39",2020-05-31,23005,127.996814003892,1125,3.61244281920701,44.22466144,NA,1.88271608,5.936938917,0.54814816,2.0211162,4.81951938,NA,10.1589498,0.576086962,NA,57.4463175,NA,NA,NA,NA,NA,NA,NA,NA,0.382359564892,NA,NA,NA,NA,NA,NA
"40",2020-06-01,23005,153.12823730294,1139,3.67927727961651,53.25319416,NA,1.73638129,7.326712904,0.67448684,2.173913,5.68440906,NA,10.8218319,NA,NA,70.02162018,NA,NA,NA,NA,1.383436752,NA,NA,NA,0,NA,NA,NA,NA,NA,0.05225121694
"41",2020-06-02,23005,156.577866363702,1149,3.7252774819453,57.64434,NA,1.52173917,6.574779932,0.65671646,2.044776,5.5363638,NA,10.91549308,NA,NA,70.01691442,NA,NA,NA,NA,1.300185552,NA,NA,NA,0.366557949702,NA,NA,NA,NA,NA,NA
"42",2020-06-03,23005,162.39649244918,1172,3.72187784008258,61.32279636,NA,1.31123923,6.17174102,0.46647228,2.2857142,5.54552988,NA,11.37109605,NA,NA,72.09977408,NA,NA,NA,NA,1.403208576,NA,NA,NA,0.36713016,NA,NA,NA,NA,NA,0.05179061318
"43",2020-06-04,23005,167.90206756559,1190,3.81640220783285,63.7567488,NA,1.12903224,6.723545101,0.5937726,2.5366568,4.98734176,NA,11.6772705,0.58845611,NA,73.33881821,NA,NA,NA,NA,1.29024,NA,NA,NA,1.28018544459,NA,NA,NA,NA,NA,NA
"44",2020-06-05,23005,172.97305079107,1210,3.8770920758556,68.07486425,NA,1.634695615,7.9299018,0.57063326,1.99468092,5.52046784,NA,11.5345125,NA,NA,74.45098609,NA,NA,NA,NA,1.1724648,NA,NA,0.03965882607,NA,NA,NA,NA,NA,NA,0.05018489
"45",2020-06-06,23005,154.945587429,1235,3.75633112848063,58.46835281,NA,1.222961705,7.549631287,0.50384882,1.73462778,4.73053888,1.512544275,10.5539184,0.589840064,NA,66.68993672,NA,NA,NA,NA,1.389386688,NA,NA,NA,NA,NA,NA,NA,NA,NA,NA
"46",2020-06-07,23005,143.05937829623,1251,3.6690597921856,54.56456824,NA,1.520443015,7.452816041,0.65040648,1.55826554,4.13717444,1.420511994,10.0319694,0.74576271,NA,60.76448352,NA,NA,NA,NA,NA,NA,NA,NA,0.19943953,0.01353738623,NA,NA,NA,NA,NA
"47",2020-06-08,23005,184.494342672029,1255,3.78672398421767,68.7145822,NA,1.712834795,8.77340552,0.65734268,2.4186706,5.4154396,1.694652795,11.547897,0.871208304,NA,80.75883042,NA,NA,NA,NA,1.49326488,NA,NA,NA,0.385601203029,NA,NA,NA,NA,NA,0.050612675
"48",2020-06-09,23005,189.90390137195,1267,3.80395553090089,72.65636658,NA,1.307471235,7.919007556,0.79111726,2.2865208,4.80493707,1.496586465,11.8143957,NA,NA,85.61944497,NA,NA,NA,NA,NA,NA,NA,0,1.15653533,NA,NA,NA,NA,NA,0.05151840595
"49",2020-06-10,23005,186.835517722004,1282,3.80621964549832,74.91852117,NA,1.19025732,8.081692245,0.66620402,2.4118478,5.26462274,NA,11.6037735,0.641658425,NA,80.24337464,NA,NA,NA,NA,1.187583061,NA,NA,NA,0.575242865964,NA,NA,0,NA,NA,0.05073993504
"50",2020-06-11,23005,182.541976276821,1304,3.7307573797956,74.42399566,NA,1.378205185,7.115347044,0.63037246,2.0472442,4.91236509,NA,11.2297539,NA,0.75070426,78.2186244,NA,NA,NA,NA,1.514176489,NA,NA,0.040727944,0.194807627921,0.013561329,NA,0.0720906879,NA,NA,0
"51",2020-06-12,23005,217.28023110449,1331,3.94743381109149,87.1553864,NA,1.21445784,7.76940075,0.84181942,2.34815742,5.37578533,NA,11.7790371,0.741239925,NA,82.4147432,NA,NA,NA,NA,1.26775691,15.709524952,NA,NA,0.59166145161,NA,NA,0.07126040588,NA,NA,NA
"52",2020-04-22,23011,23.412315323,95,3.50814343321893,2.42857146,7.28974363,1.112487082,NA,0.692055702,1.59859764,0.24203823,0.877801469,1.92173916,3.5044248,3.74485615,NA,NA,NA,NA,NA,NA,NA,NA,NA,NA,NA,NA,NA,NA,NA,NA
"53",2020-04-23,23011,24.885382673,96,3.60658986185838,3.01829274,7.591496081,1.264887092,NA,0.555987562,1.59060396,0.315074312,1.086813336,1.93911826,3.7677984,3.75531093,NA,NA,NA,NA,NA,NA,NA,NA,NA,NA,NA,NA,NA,NA,NA,NA
"54",2020-04-24,23011,27.876078426,95,3.69075264025109,3.177285312,8.769230814,2.140317998,NA,0.703529398,1.58564436,0.306526304,1.1829787,1.9068662,3.90610336,4.19759598,NA,NA,NA,NA,NA,NA,NA,NA,NA,NA,NA,NA,NA,NA,NA,NA
"55",2020-04-25,23011,33.674234755,95,3.71343500080164,3.692598261,10.611614502,2.93851714,NA,0.857919218,1.80605112,0.445682454,1.209334,2.58748228,3.8980632,5.62697258,NA,NA,NA,NA,NA,NA,NA,NA,NA,NA,NA,NA,NA,NA,NA,NA
"56",2020-04-26,23011,26.747556544,96,2.87698721527699,3.08417828,7.44830563,2.473629808,NA,0.787197222,1.57520508,NA,0.967564714,2.05631532,3.62985904,4.72530145,NA,NA,NA,NA,NA,NA,NA,NA,NA,NA,NA,NA,NA,NA,NA,NA
"57",2020-04-27,23011,24.162486344,96,3.13927427839322,2.5868374,7.48069152,2.01255223,NA,0.638474284,1.28342244,0.211964205,1.15377779,1.710973746,3.75933359,3.324459139,NA,NA,NA,NA,NA,NA,NA,NA,NA,NA,NA,NA,NA,NA,NA,NA
"58",2020-04-28,23011,27.950456596,97,3.55364761116484,2.84138532,9.359795094,2.024266946,NA,0.65746755,1.47089952,0.351668175,1.301324421,1.92540474,4.2433461,3.77489873,NA,NA,NA,NA,NA,NA,NA,NA,NA,NA,NA,NA,NA,NA,NA,NA
"59",2020-04-30,23011,31.507640210947,98,3.56087948119619,3.40477257,10.74597582,2.24754413,NA,0.949593488,1.75705738,0.28743315,1.592116812,2.31315975,4.40162147,3.600474662,NA,NA,NA,NA,NA,NA,NA,NA,NA,0.207890978947,NA,NA,NA,NA,NA,NA
"60",2020-05-01,23011,31.785951859215,98,3.65772702217824,3.57758625,10.226076732,2.322000081,NA,0.970470848,1.94511142,0.316265055,1.880317315,2.19999993,3.89319856,4.34630046,NA,NA,NA,NA,NA,NA,NA,NA,NA,0.108625208215,NA,NA,NA,NA,NA,NA
"61",2020-05-02,23011,37.481383612,98,3.7611488774905,4.646517668,11.8590685,2.96561601,NA,1.199063184,2.1631372,0.4181601,2.33333337,2.60346018,4.295934,4.9970934,NA,NA,NA,NA,NA,NA,NA,NA,NA,NA,NA,NA,NA,NA,NA,NA
"62",2020-05-03,23011,33.498491396,99,3.56336172925845,4.57891218,9.891066212,2.95617532,NA,0.94971144,1.76052851,0.29593095,2.078472984,1.98150886,3.75560294,5.250582,NA,NA,NA,NA,NA,NA,NA,NA,NA,NA,NA,NA,NA,NA,NA,NA
"63",2020-05-04,23011,34.830981309,99,3.72993003509305,4.537372016,11.58725485,2.587269048,NA,0.86970424,1.75280898,0.39491004,1.861848925,2.09052934,4.48698867,4.6622952,NA,NA,NA,NA,NA,NA,NA,NA,NA,NA,NA,NA,NA,NA,NA,NA
"64",2020-05-05,23011,35.232723663,97,3.6743918309821,4.97805072,12.134970289,2.10569114,NA,0.746500784,1.73935697,0.31016277,2.21064413,2.33804804,4.5987295,4.07056932,NA,NA,NA,NA,NA,NA,NA,NA,NA,NA,NA,NA,NA,NA,NA,NA
"65",2020-05-06,23011,38.52963355,98,3.79187158872614,5.26116981,13.669307274,2.398406444,NA,1.038961018,1.89411768,0.38078752,2.409642654,2.4781146,4.66244703,4.33667952,NA,NA,NA,NA,NA,NA,NA,NA,NA,NA,NA,NA,NA,NA,NA,NA
"66",2020-05-07,23011,42.27030811,99,3.8082311097747,6.649978248,15.15317527,3.1024098,NA,1.067441883,1.80872482,0.50321751,2.243312729,2.4470266,4.50764333,4.78737792,NA,NA,NA,NA,NA,NA,NA,NA,NA,NA,NA,NA,NA,NA,NA,NA
"67",2020-05-08,23011,48.577242581,100,3.88134632301783,6.82586628,17.036046136,3.0144927,NA,1.304347788,2.28694275,0.463636359,2.630614385,2.6029218,4.74751996,5.0938416,2.571012823,NA,NA,NA,NA,NA,NA,NA,NA,NA,NA,NA,NA,NA,NA,NA
"68",2020-05-09,23011,36.411303229,101,3.27135232301134,6.35437904,11.44480321,2.7387198,NA,0.863414622,2.17223655,NA,2.358460217,2.1299094,4.29885069,4.0505297,NA,NA,NA,NA,NA,NA,NA,NA,NA,NA,NA,NA,NA,NA,NA,NA
"69",2020-05-10,23011,40.349525051808,101,3.60891848448832,7.420572698,13.557544224,3.207921,NA,0.777178116,2.2901679,NA,2.34715014,2.41206021,3.9115045,4.281116,NA,NA,NA,NA,NA,NA,NA,NA,NA,0.144310263808,NA,NA,NA,NA,NA,0
"70",2020-05-11,23011,44.827105176126,102,3.7650483716126,7.94175201,15.483627075,3.0513594,NA,1.023864514,2.27196645,0.390459349,2.63747628,2.57642217,4.7207487,4.5849202,NA,NA,NA,NA,NA,NA,NA,NA,NA,0.144509028126,NA,NA,NA,NA,NA,NA
"71",2020-05-12,23011,42.847682492,103,3.64303012437972,7.457193815,16.00173204,2.8923078,NA,0.936104673,2.1321069,0.389255834,2.26759329,2.57869731,4.08470968,4.10798115,NA,NA,NA,NA,NA,NA,NA,NA,NA,NA,NA,NA,NA,NA,NA,NA
"72",2020-05-13,23011,48.20551649388,104,3.79023623497451,8.637449199,18.841226664,2.73809529,NA,0.962742198,2.2244733,0.479077731,2.573604,2.97808784,4.6884573,4.02934525,NA,NA,NA,NA,NA,NA,NA,NA,NA,NA,NA,NA,NA,NA,NA,0.05295772188
"73",2020-05-14,23011,52.073300465,105,3.87486991985207,10.543305776,18.412155624,3.8322213,NA,1.18038925,2.1681069,0.429933655,2.54459781,3.28990225,5.08138326,4.59130464,NA,NA,NA,NA,NA,NA,NA,NA,NA,NA,NA,NA,NA,NA,NA,NA
"74",2020-05-15,23011,54.494477219,108,3.86639233693779,10.050815679,19.93458978,3.66728288,NA,1.586102784,2.31430816,0.439773646,2.65922514,3.5069008,5.21158467,5.12389368,NA,NA,NA,NA,NA,NA,NA,NA,NA,NA,NA,NA,NA,NA,NA,NA
"75",2020-05-16,23011,60.244171868,112,3.830865856764,11.518383206,22.43184264,3.6976544,NA,1.695067269,2.73867841,0.391912339,3.020941624,3.70461962,5.5668116,5.47826076,NA,NA,NA,NA,NA,NA,NA,NA,NA,NA,NA,NA,NA,NA,NA,NA
"76",2020-05-17,23011,54.496849305534,113,3.71291897839186,11.480490837,17.987323368,4.09738496,NA,1.61753594,2.39041624,0.428626848,2.650528372,3.40112574,5.2204406,5.0625,NA,NA,NA,NA,NA,NA,NA,NA,NA,0.160476400534,NA,NA,NA,NA,NA,NA
"77",2020-05-18,23011,58.277943284,113,3.89209943225091,12.151354466,21.038814576,3.4721408,NA,1.332324,2.39229559,NA,2.654293932,3.84967728,6.075567,5.31147564,NA,NA,NA,NA,NA,NA,NA,NA,NA,0,NA,NA,NA,NA,NA,0
"78",2020-05-19,23011,61.249847058,112,3.88541897131521,14.280230924,23.008891125,3.23454368,NA,1.20120124,2.31818188,0.342425492,2.700458577,3.6904005,5.7566464,4.71686724,NA,NA,NA,NA,NA,NA,NA,NA,NA,NA,NA,NA,NA,NA,NA,NA
"79",2020-05-20,23011,64.513315385,113,3.89540489002714,17.261268942,22.988318439,3.076271154,NA,1.23853214,2.49456521,0.5028759,2.76516792,3.91547548,5.7808626,4.4899776,NA,NA,NA,NA,NA,NA,NA,NA,NA,NA,NA,NA,NA,NA,NA,NA
"80",2020-05-21,23011,74.687840613642,115,3.94428657301491,20.637206,26.244559191,4.01261268,NA,1.3148284,2.67746688,0.539719632,3.205958834,4.55854728,5.8896882,5.29327624,NA,NA,NA,NA,NA,NA,NA,NA,NA,0.313977276642,NA,NA,NA,NA,NA,NA
"81",2020-05-22,23011,88.902241989,115,4.04815312506566,24.46440264,32.9403582,3.9931087,NA,1.40703514,2.93223816,0.509110415,2.956103033,3.98552476,5.63211327,5.78811868,4.294128991,NA,NA,NA,NA,NA,NA,NA,NA,NA,NA,NA,NA,NA,NA,NA
"82",2020-05-23,23011,89.291539613,117,3.87040368100145,24.9329745,33.473225148,3.69735905,NA,1.580967,2.93473544,0.383378941,3.262846618,4.129566,5.21385543,5.81994645,3.862685036,NA,NA,NA,NA,NA,NA,NA,NA,NA,NA,NA,NA,NA,NA,NA
"83",2020-05-24,23011,71.674020995,119,3.71926674656212,21.412329246,25.769911136,3.8599106,NA,1.15942032,2.857143,0.475016871,3.016231102,3.64098952,4.7547171,4.7283521,NA,NA,NA,NA,NA,NA,NA,NA,NA,0,NA,NA,NA,NA,NA,NA
"84",2020-05-25,23011,66.226384701,119,3.72606288795842,19.936424264,21.444369,3.8458497,NA,1.00840338,2.8636364,0.529157685,3.416901712,3.14899704,5.21757726,4.81506826,NA,NA,NA,NA,NA,NA,NA,NA,NA,NA,NA,NA,NA,NA,NA,NA
"85",2020-05-26,23011,75.205936928,119,3.89065173925877,22.334254635,25.592911365,4.16037755,NA,1.23145402,3.1491294,0.631924524,3.423366184,3.51310848,6.4072995,4.76211127,NA,NA,NA,NA,NA,NA,NA,NA,NA,NA,NA,NA,NA,NA,NA,NA
"86",2020-05-27,23011,80.185057424,119,3.92386387268223,23.94232725,28.672241682,4.1233766,NA,1.3653414,3.4351146,0.700160734,2.978126508,4.11952424,6.19057068,4.65827373,NA,NA,NA,NA,NA,NA,NA,NA,NA,NA,NA,NA,NA,NA,NA,NA
"87",2020-05-28,23011,80.821643247,119,3.90747178111723,25.304041744,28.460669438,3.7546642,NA,1.32851988,2.758112,0.666263603,3.168131472,4.4451333,6.30128818,4.63481943,NA,NA,NA,NA,NA,NA,NA,NA,NA,NA,NA,NA,NA,NA,NA,NA
"88",2020-05-29,23011,88.342999634,119,4.01100141067136,28.84877328,30.38088664,4.40174665,NA,1.60986214,3.3898306,0.80753296,3.128990634,4.2072126,6.4629378,5.10522633,NA,NA,NA,NA,NA,NA,NA,NA,NA,NA,NA,NA,NA,NA,NA,NA
"89",2020-05-30,23011,100.540110805,119,3.91485512285252,34.61538465,35.642275104,4.2838544,NA,1.88542426,3.5415238,0.745279524,3.255605397,4.9228872,5.90268778,5.74518869,NA,NA,NA,NA,NA,NA,NA,NA,NA,NA,NA,NA,NA,NA,NA,NA
"90",2020-05-31,23011,80.303445472,119,3.7686745759412,29.288284472,23.67298575,4.10493825,NA,1.4814815,3.0769232,0.97443847,2.58376833,3.5867313,5.70652148,5.82737272,NA,NA,NA,NA,NA,NA,NA,NA,NA,0,NA,NA,NA,NA,NA,0
"91",2020-06-01,23011,83.417919631,119,3.89897926222394,25.741152106,29.892307816,4.18774335,NA,1.085044,2.8185908,NA,3.414353679,3.5947302,7.15403392,5.52996376,NA,NA,NA,NA,NA,NA,NA,NA,NA,NA,NA,NA,NA,NA,NA,NA
"92",2020-06-02,23011,87.521164154,118,3.91210105378353,28.691161512,30.774941241,4.2674856,NA,1.22388058,2.835821,0.709090899,3.025590162,4.25229635,6.93359744,4.80729937,NA,NA,NA,NA,NA,NA,NA,NA,NA,NA,NA,NA,NA,NA,NA,NA
"93",2020-06-03,23011,87.362520942,118,3.92077299531837,30.661397856,29.725759472,3.463016305,NA,1.38483972,2.8270676,0.819536421,2.871155588,3.9675443,6.47879078,5.1634129,NA,NA,NA,NA,NA,NA,NA,NA,0,NA,NA,NA,NA,NA,NA,NA
"94",2020-06-04,23011,95.81419123521,119,3.97618797626706,34.40207904,33.31432846,3.7948029,NA,1.3323678,2.7272728,0.848101248,3.286057992,4.2857145,6.98920728,4.75419031,NA,NA,NA,NA,NA,NA,NA,NA,0.08006890521,NA,0,NA,NA,NA,NA,NA
"95",2020-06-05,23011,107.269030556,120,4.0555482130015,37.35492205,39.8458929,4.02835685,NA,1.6562283,3.4308512,0.935672512,3.193048584,4.7062179,6.64604204,5.47179822,NA,NA,NA,NA,NA,NA,NA,NA,NA,NA,NA,NA,NA,NA,NA,NA
"96",2020-06-06,23011,112.354547572,121,3.86941377842615,37.54585359,41.20511304,4.484193,NA,1.74947516,3.210356,0.706586848,3.582341532,4.2427812,5.99153302,5.2243502,4.411963982,NA,NA,NA,NA,NA,NA,NA,NA,NA,NA,NA,NA,NA,NA,NA
"97",2020-06-07,23011,102.51708858615,121,3.82861870913091,36.45511688,37.366945911,4.1439524,NA,1.44863262,3.3197832,0.818215612,3.744986256,3.893862,5.95544796,5.31786174,NA,NA,NA,NA,NA,NA,NA,NA,NA,NA,NA,NA,NA,NA,NA,0.05228400715
"98",2020-06-08,23011,102.764015802,122,3.96383575662266,37.284593235,35.593487975,4.16897495,NA,1.34265736,2.8712872,0.974532399,3.405445263,4.1004672,7.68572832,5.3368419,NA,NA,NA,NA,NA,NA,NA,NA,NA,NA,NA,NA,NA,NA,NA,NA
"99",2020-06-09,23011,99.59522777879,122,3.95608338994013,34.731766818,36.582936089,3.821839,NA,1.30464956,2.9357796,NA,3.2667426,4.2653181,7.4319528,5.06671347,NA,NA,NA,NA,NA,NA,NA,NA,0.04082532693,NA,0,NA,0.14670441486,NA,NA,0
"100",2020-06-10,23011,104.50681133204,123,3.96591215342196,36.827038422,40.027560372,3.442095475,NA,1.34628728,3.03244,NA,2.532707298,4.4044815,7.72458025,5.1188808,NA,NA,NA,NA,NA,NA,NA,NA,NA,0,NA,NA,NA,NA,NA,0.05073993504
"101",2020-06-11,23011,99.993393206,124,3.89323709114305,35.694770416,35.885791816,3.4615385,NA,1.504298,2.9491768,0.645057982,2.984127003,4.1211756,7.2516225,5.28380284,NA,NA,NA,NA,NA,NA,NA,NA,0.040727944,NA,0.027122635,NA,0.14418117,NA,NA,NA
"102",2020-06-12,23011,116.45419556364,125,4.05906927718099,42.17196156,43.761917056,3.73012056,NA,1.38492868,3.54891999,0.876133966,3.2068163,4.5722379,7.288859,5.76977953,NA,NA,NA,NA,NA,NA,NA,NA,NA,NA,NA,NA,0.14252102164,NA,NA,NA
"103",2020-04-22,23031,81.591672345,179,3.32350989208573,0.746031755,49.03667652,NA,NA,NA,NA,0.573248424,NA,NA,NA,NA,NA,NA,NA,NA,NA,1.06689246,16.205587006,13.96323618,NA,NA,NA,NA,NA,NA,NA,NA
"104",2020-04-23,23031,86.467574324,184,3.4361767942404,0.917247348,50.93894042,NA,NA,NA,NA,0.594479816,NA,NA,NA,NA,NA,NA,NA,NA,NA,1.20247935,17.90123335,14.91319404,NA,0,NA,NA,NA,NA,NA,NA
"105",2020-04-24,23031,92.831369015,184,3.53649094485469,0.953973997,54.46154094,NA,NA,NA,NA,0.618947378,NA,NA,NA,NA,NA,NA,NA,NA,NA,1.04000007,19.923509655,15.5902635,NA,0.243133475,NA,NA,NA,NA,NA,NA
"106",2020-04-25,23031,98.520489629,184,3.49361148028595,0.953989759,56.46180048,NA,NA,NA,NA,0.735376054,NA,NA,NA,NA,NA,NA,NA,NA,NA,1.28846805,20.859059616,18.22179567,NA,NA,NA,NA,NA,NA,NA,NA
"107",2020-04-26,23031,79.473050087747,189,2.07827736347164,0.6036312,44.8760427,NA,NA,NA,NA,0.661664415,NA,NA,NA,NA,NA,NA,NA,NA,NA,1.13636367,16.868394666,15.22646268,NA,0.100490756747,NA,NA,NA,NA,NA,NA
"108",2020-04-27,23031,85.11274096883,189,2.35531963192402,0.81352828,48.15415635,NA,NA,NA,NA,0.60763071,NA,NA,NA,NA,NA,NA,NA,NA,NA,0.970030827,19.655710182,14.83516452,0.02631579555,NA,NA,NA,NA,NA,NA,0.05020430428
"109",2020-04-28,23031,94.32787524317,193,3.45576283806725,0.80300024,54.11267654,NA,NA,NA,NA,0.676284975,NA,NA,NA,NA,NA,NA,NA,NA,NA,1.190781052,21.290805627,16.17999663,0.02590675945,NA,NA,0,NA,NA,NA,0.04842341972
"110",2020-04-30,23031,105.988115307,198,3.39080294410458,1.26027396,61.631329,NA,NA,NA,NA,0.695187165,NA,NA,NA,NA,NA,NA,NA,NA,NA,1.120323105,23.37107084,17.49414622,0,0.415785017,NA,NA,NA,NA,NA,NA
"111",2020-05-01,23031,109.05025798586,201,3.50101053569834,1.1961207,61.86776337,NA,NA,NA,NA,0.677710845,NA,NA,NA,NA,NA,NA,NA,NA,NA,1.164518592,26.643300005,17.44951626,0.05132821386,NA,NA,NA,NA,NA,NA,NA
"112",2020-05-02,23031,131.218992222,203,3.66659191117696,1.68550148,74.844995,NA,NA,NA,NA,0.85424133,NA,NA,NA,NA,NA,NA,NA,NA,NA,1.57599472,31.541791652,20.71646804,NA,0,NA,NA,NA,NA,NA,NA
"113",2020-05-03,23031,119.772471063,208,3.44316042690625,1.282574898,68.33827792,NA,NA,NA,NA,0.856966725,NA,NA,NA,NA,NA,NA,NA,NA,NA,1.78486048,27.32827032,19.81852312,NA,0.3629976,NA,NA,NA,NA,NA,NA
"114",2020-05-04,23031,127.657956967958,212,3.5946835523018,1.541948154,72.5892187,NA,NA,NA,NA,0.88854762,NA,NA,NA,NA,NA,NA,NA,NA,NA,1.550425239,30.469091588,20.43626903,0.06012211392,0.122334523038,NA,NA,NA,NA,NA,0
"115",2020-05-05,23031,135.791265429,219,3.65107313653893,1.44863916,76.41893336,NA,NA,NA,NA,0.692916855,NA,NA,NA,NA,NA,NA,NA,NA,NA,1.404958642,33.384954256,22.08433656,NA,0.245808132,NA,NA,NA,NA,NA,0.110718464
"116",2020-05-06,23031,139.92788167837,222,3.68629316547945,1.82387231,78.42698535,NA,NA,NA,NA,0.754651664,NA,0.48484846,NA,NA,NA,NA,NA,NA,NA,1.655172428,34.017990719,22.63782521,NA,0.12653553737,NA,NA,NA,NA,NA,NA
"117",2020-05-07,23031,152.66635648406,235,3.7007597509887,2.082002688,88.58340936,NA,NA,NA,NA,0.758472748,NA,NA,NA,NA,NA,NA,NA,NA,NA,1.695156645,35.68360338,23.81018092,NA,NA,NA,NA,NA,NA,NA,0.05353074306
"118",2020-05-08,23031,161.605195815,241,3.82127381535778,2.344885836,95.50687428,NA,NA,NA,NA,0.716528937,NA,NA,NA,NA,NA,NA,NA,NA,NA,1.760652144,36.922689222,24.248066,NA,NA,NA,NA,NA,NA,NA,0.105499396
"119",2020-05-09,23031,152.217891826,248,3.43600502608612,1.7017424,89.4414683,NA,NA,NA,NA,0.803445228,NA,NA,NA,NA,NA,NA,NA,NA,NA,1.643447412,33.647726736,24.98006175,NA,0,NA,NA,NA,NA,NA,NA
"120",2020-05-10,23031,159.192539398808,253,3.54541826311993,1.993055592,96.30530784,NA,NA,NA,NA,0.952739398,NA,NA,NA,NA,NA,NA,NA,NA,NA,1.688266895,32.04021585,26.03364112,0.03500244,0.144310263808,NA,NA,NA,NA,NA,NA
"121",2020-05-11,23031,165.938919009126,254,3.60436172961497,2.67985215,96.80576313,0.57401814,NA,NA,NA,0.961130751,NA,NA,NA,NA,NA,NA,NA,NA,NA,1.720930236,37.48148103,25.42672552,NA,0.289018052126,NA,NA,NA,NA,NA,NA
"122",2020-05-12,23031,163.146016741,256,3.55941879763612,2.851901235,96.8735574,NA,NA,NA,NA,0.78599738,NA,NA,NA,NA,NA,NA,NA,NA,NA,1.588860586,35.784200786,25.20672076,NA,0,NA,NA,NA,NA,NA,0.054778594
"123",2020-05-13,23031,174.947299939086,261,3.75702688354796,2.994028547,105.31253232,NA,NA,NA,NA,0.863791624,NA,NA,NA,NA,NA,NA,NA,NA,NA,1.57813103,37.753907664,26.25038548,0,0.141565552206,NA,NA,NA,NA,NA,0.05295772188
"124",2020-05-14,23031,191.375968258,269,3.78671014475505,3.424895483,113.58675528,NA,NA,NA,NA,0.944444452,NA,NA,NA,NA,NA,NA,NA,NA,NA,1.901756844,40.364508933,30.5802426,NA,0.573364666,NA,NA,NA,NA,NA,NA
"125",2020-05-15,23031,196.28070217,273,3.82172348472444,2.785445433,115.238322,NA,NA,NA,NA,0.817704148,NA,NA,NA,NA,NA,NA,NA,NA,NA,1.720049994,43.053596355,31.6592052,NA,1.00637904,NA,NA,NA,NA,NA,NA
"126",2020-05-16,23031,382.725543049094,280,3.76714985964437,3.145989976,122.63724558,NA,NA,NA,NA,0.918745297,NA,NA,NA,NA,NA,95.0606439416,79.3387270906,NA,NA,1.849450222,45.151586594,34.47103581,NA,0.152118537894,NA,NA,NA,NA,NA,NA
"127",2020-05-17,23031,179.886735322,287,3.58218361648348,3.534633927,107.45470284,NA,NA,NA,NA,1.055081472,NA,NA,NA,NA,NA,NA,NA,NA,NA,1.822723144,35.569204251,29.64799864,NA,0.802391048,NA,NA,NA,NA,NA,NA
"128",2020-05-18,23031,198.586401887,294,3.75659839663174,4.495131112,118.42940928,NA,NA,NA,NA,0.891733113,NA,NA,NA,NA,NA,NA,NA,NA,NA,2.169954512,41.6537971,30.94637677,NA,NA,NA,NA,NA,NA,NA,NA
"129",2020-05-19,23031,210.370823891,299,3.80170621158917,4.696183341,124.07814375,NA,NA,NA,NA,0.920268565,NA,NA,NA,NA,NA,NA,NA,NA,NA,2.1326096,44.744574315,33.79904432,NA,NA,NA,NA,NA,NA,NA,NA
"130",2020-05-20,23031,219.222257132682,308,3.82098598569057,5.38459932,126.86727004,NA,NA,NA,NA,0.990961362,NA,NA,NA,NA,NA,NA,NA,NA,NA,2.165512272,48.169661134,35.49047271,0,0.153780294682,NA,NA,NA,NA,NA,NA
"131",2020-05-21,23031,327.298298580179,312,3.8634217735234,6.824255,135.38734903,NA,NA,NA,NA,1.037383164,NA,NA,NA,NA,NA,94.076079592,NA,NA,NA,2.03259165,49.966889455,37.77612762,0.04063203,0.156991039179,NA,NA,NA,NA,NA,NA
"132",2020-05-22,23031,503.10374982428,323,3.96837016734684,8.505695619,151.1381223,NA,NA,NA,NA,1.02500896,NA,NA,NA,NA,NA,127.388835259,116.1859009678,NA,NA,2.139027278,56.615226555,39.46023368,NA,0.64569920548,NA,NA,NA,NA,NA,NA
"133",2020-05-23,23031,468.9327226378,329,3.76190538125844,9.249329475,153.84984513,NA,NA,NA,NA,1.111149127,NA,NA,NA,NA,NA,106.8728344638,105.67031904,NA,NA,2.306930636,50.962746676,38.90956809,NA,NA,NA,NA,NA,NA,NA,NA
"134",2020-05-24,23031,232.015744563146,335,3.68527060286669,8.543835993,135.45722304,NA,NA,NA,NA,1.325793336,NA,NA,NA,NA,NA,NA,NA,NA,NA,2.157322582,47.163538683,37.0065553,0,0.361475629146,NA,NA,NA,NA,NA,NA
"135",2020-05-25,23031,217.850616906,341,3.46107816268371,6.37143478,128.85855,1.245059235,2.083980241,NA,NA,1.13390928,NA,NA,NA,NA,NA,NA,NA,NA,NA,2.084105164,41.232942736,33.95257775,NA,0.88805772,NA,NA,NA,NA,NA,NA
"136",2020-05-26,23031,248.214968249897,350,3.83068347891502,8.329791505,150.31198945,NA,NA,NA,NA,1.28190403,NA,NA,NA,NA,NA,NA,NA,NA,NA,2.496868408,47.447057564,37.72105454,0.04084380209,0.522132454727,0.0125156402,NA,NA,NA,NA,0.05081085588
"137",2020-05-27,23031,265.149522022,356,3.91014331106419,9.62955125,159.81098826,NA,NA,NA,NA,1.47347265,NA,NA,NA,NA,NA,NA,NA,NA,NA,2.990232254,51.731517408,39.5137602,NA,NA,NA,NA,NA,NA,NA,NA
"138",2020-05-28,23031,274.609589168,361,3.91285703076227,10.751503002,166.44325422,NA,NA,NA,NA,1.659814652,NA,NA,NA,NA,NA,NA,NA,NA,NA,2.577718514,53.59852944,39.57876934,NA,NA,NA,NA,NA,NA,NA,0
"139",2020-05-29,23031,282.6129460766,364,3.93365406404998,9.526048695,172.9302328,NA,NA,NA,NA,1.62711872,NA,NA,NA,NA,NA,NA,NA,NA,NA,2.536374174,54.868427593,41.02442392,NA,0,NA,NA,NA,NA,NA,0.1003201746
"140",2020-05-30,23031,523.7657897458,371,3.84621656289135,10.506072705,185.82039936,NA,NA,NA,NA,2.125879404,NA,NA,NA,NA,NA,109.671197689,106.0410842488,NA,NA,2.543012112,61.170948727,45.8871955,NA,NA,NA,NA,NA,NA,NA,NA
"141",2020-05-31,23031,263.244868069892,375,3.70038458177422,8.507240096,162.08530875,0.83333334,NA,NA,NA,2.251742718,NA,NA,NA,NA,NA,NA,NA,NA,NA,2.639108327,48.053579434,38.49219584,NA,0.382359564892,NA,NA,NA,NA,NA,0
"142",2020-06-01,23031,290.288998893,381,3.84140033425525,9.803141668,182.24,NA,NA,NA,NA,1.977787119,NA,NA,NA,NA,NA,NA,NA,NA,NA,2.731849728,52.233387738,41.30283264,NA,NA,NA,NA,NA,NA,NA,NA
"143",2020-06-02,23031,293.226117531,386,3.87339945362387,10.087760592,184.95945921,NA,NA,NA,NA,2.018181825,NA,NA,NA,NA,NA,NA,NA,NA,NA,1.85231904,54.922060104,39.38633676,NA,0,NA,NA,NA,NA,NA,NA
"144",2020-06-03,23031,294.78873479918,388,3.89621299401756,10.647254304,184.54742124,NA,NA,NA,NA,2.07615903,NA,NA,NA,NA,NA,NA,NA,NA,NA,2.464171152,53.88318558,40.9351878,NA,0.18356508,NA,NA,NA,NA,NA,0.05179061318
"145",2020-06-04,23031,317.413290788759,391,3.95392811051841,13.415483224,196.341908,NA,NA,NA,NA,1.746835456,NA,NA,NA,NA,NA,NA,NA,NA,NA,2.304,59.174194845,44.06510365,NA,0.365765613759,NA,NA,NA,NA,NA,0
"146",2020-06-05,23031,626.54336062142,397,4.00197844866735,15.26044796,208.4548675,NA,NA,NA,NA,2,NA,NA,NA,NA,NA,152.81521052,133.5461559208,NA,NA,2.4396744,65.369994469,46.10274165,NA,0.55426820162,NA,NA,NA,NA,NA,NA
"147",2020-06-06,23031,642.3088567195,409,3.83125278852614,12.610821006,204.76738425,NA,NA,NA,NA,1.84431136,NA,NA,NA,NA,NA,149.024645616,153.6327609735,NA,NA,2.436939936,70.973685258,46.428756,0,0.58955232,NA,NA,NA,NA,NA,NA
"148",2020-06-07,23031,298.423503672222,416,3.72360000697121,10.944408384,185.47592463,0.89437817,NA,NA,NA,1.993680184,NA,NA,NA,NA,NA,NA,NA,NA,NA,2.28740736,57.066174816,39.23691288,0.12573228,0.398884968222,NA,NA,NA,NA,NA,NA
"149",2020-06-08,23031,329.312201782029,417,3.91988469395925,12.556588448,212.7919266,NA,NA,NA,NA,2.023079871,NA,NA,NA,NA,NA,NA,NA,NA,NA,2.801796,57.77540422,40.97780544,NA,0.385601203029,NA,NA,NA,NA,NA,NA
"150",2020-06-09,23031,335.890978554195,417,3.9386616216462,12.148331832,216.5314403,NA,NA,NA,NA,2.095103101,NA,NA,NA,NA,NA,NA,NA,NA,NA,2.237837808,60.54249102,41.81709576,0.08165055621,0.385509771035,0,NA,NA,NA,NA,0.05151840595
"151",2020-06-10,23031,344.64361154604,421,3.9463567736158,13.987951299,217.35635668,NA,NA,NA,NA,1.900766395,NA,NA,NA,NA,NA,NA,NA,NA,NA,2.163678692,64.502720295,44.68139825,NA,NA,NA,NA,NA,NA,NA,0.05073993504
"152",2020-06-11,23031,327.502603103,420,3.90741509269843,12.856506438,205.33402096,NA,NA,NA,NA,1.525810297,NA,NA,NA,NA,NA,NA,NA,NA,NA,1.935648323,62.593763341,43.2161258,0.040727944,0,NA,NA,NA,NA,NA,NA
"153",2020-06-12,23031,704.5476444022,422,4.04237916177613,17.752388252,241.35026993,NA,NA,NA,NA,1.687369153,NA,NA,NA,NA,NA,172.26413309,148.1926472562,NA,NA,1.87771528,74.787043441,46.636078,NA,NA,NA,NA,NA,NA,NA,0
"154",2020-04-22,23001,39.310062437122,35,3.51725747623219,NA,23.710454404,1.80598558,6.51193061,NA,0.368098164,2.19745218,NA,2.42681154,NA,NA,2.162388199,NA,NA,NA,NA,NA,NA,NA,NA,0.075328880122,NA,NA,NA,NA,NA,0.05161288
"155",2020-04-23,23001,42.147946686,36,3.5661009916615,NA,25.507425362,1.6817248,7.242246144,NA,0.211409388,2.25307852,NA,2.58152548,NA,NA,2.670536992,NA,NA,NA,NA,NA,NA,NA,NA,NA,NA,NA,NA,NA,NA,NA
"156",2020-04-24,23001,48.783978567,37,3.64071080878999,NA,28.692308604,3.47801688,7.776980155,NA,0.44045676,2.52884212,NA,2.92386128,NA,NA,2.943512768,NA,NA,NA,NA,NA,NA,NA,NA,NA,NA,NA,NA,NA,NA,NA
"157",2020-04-25,23001,47.993866251,37,3.62351691916075,NA,27.910548852,3.620253,8.392709735,NA,0.46547712,2.35654594,NA,2.90184934,NA,NA,2.346482264,NA,NA,NA,NA,NA,NA,NA,NA,0,NA,NA,NA,NA,NA,NA
"158",2020-04-26,23001,40.9188440478,40,3.10255959985513,NA,23.78802699,3.5491209,7.106411232,NA,NA,2.2373808,NA,2.53419156,NA,NA,1.7037125658,NA,NA,NA,NA,NA,NA,NA,NA,NA,NA,NA,NA,NA,NA,NA
"159",2020-04-27,23001,41.504192462,40,3.10413924917726,NA,24.59221518,3.20920496,6.674366688,NA,0.203208564,2.2185585,NA,2.39258106,NA,NA,2.21405751,NA,NA,NA,NA,NA,NA,NA,NA,NA,NA,NA,NA,NA,NA,NA
"160",2020-04-28,23001,46.215083732,40,3.52817852073438,NA,28.16645442,3.68048538,6.689655149,NA,0.296296296,2.4887286,NA,2.62209726,NA,NA,2.271366627,NA,NA,NA,NA,NA,NA,NA,NA,NA,NA,NA,NA,NA,NA,NA
"161",2020-04-30,23001,50.25743983,46,3.49303603178817,NA,31.01884374,3.4990176,7.491778462,NA,NA,2.6604279,NA,2.87473629,NA,NA,2.712635838,NA,NA,NA,NA,NA,NA,NA,NA,NA,NA,NA,NA,NA,NA,NA
"162",2020-05-01,23001,53.06618252293,50,3.61134078909336,NA,34.071430275,3.807,6.890465064,NA,0.420240128,2.39457825,NA,2.74666679,NA,NA,2.682384396,NA,NA,NA,NA,NA,NA,NA,NA,NA,NA,NA,NA,NA,NA,0.05341761993
"163",2020-05-02,23001,56.950437577,52,3.71539894143825,NA,36.216907,3.68767917,7.919594228,NA,0.461176478,2.47311825,NA,3.18200695,NA,NA,3.009955501,NA,NA,NA,NA,NA,NA,NA,NA,NA,NA,NA,NA,NA,NA,NA
"164",2020-05-03,23001,55.77295341518,54,3.62260001536391,NA,33.851777541,4.15537836,8.276527512,NA,0.332782827,2.57089995,NA,3.38683436,NA,NA,3.14534376,NA,NA,NA,NA,NA,NA,NA,0,NA,NA,NA,NA,NA,NA,0.05340910518
"165",2020-05-04,23001,58.90054889664,58,3.67177698263163,NA,36.99607919,4.71457896,7.933503897,NA,0.382022459,2.8894251,NA,3.003482,0.442379202,NA,2.509017032,NA,NA,NA,NA,NA,NA,NA,0.03006105664,0,NA,NA,NA,NA,NA,NA
"166",2020-05-05,23001,59.011481962,60,3.70313797780925,NA,38.183311494,4.41056896,7.589694772,NA,0.338835796,2.5274967,NA,2.94271582,NA,NA,2.865651354,NA,NA,NA,NA,NA,NA,NA,0.030303,0.122904066,NA,NA,NA,NA,NA,NA
"167",2020-05-06,23001,63.500668767,65,3.69968756476199,NA,41.535695621,4.12749008,7.947597924,NA,0.470588202,2.98398976,NA,3.084175,NA,NA,3.35113218,NA,NA,NA,NA,NA,NA,NA,NA,NA,NA,NA,NA,NA,NA,NA
"168",2020-05-07,23001,69.13672524806,72,3.74283426780621,NA,45.630427973,4.3975902,8.677046961,NA,0.387583896,3.14328606,NA,3.239918,NA,NA,3.607341415,NA,NA,NA,NA,NA,NA,NA,NA,NA,NA,NA,NA,NA,NA,0.05353074306
"169",2020-05-08,23001,73.782349494,76,3.8190567750753,NA,48.132663104,4.9855074,9.1509812,NA,0.551211885,3.36487596,NA,3.5458168,NA,NA,4.051293145,NA,NA,NA,NA,NA,NA,NA,NA,NA,NA,NA,NA,NA,NA,NA
"170",2020-05-09,23001,68.07875604,80,3.48010297780862,NA,46.10998915,4.6904514,7.602616632,NA,0.42416454,2.99602475,NA,3.26284,NA,NA,2.992669568,NA,NA,NA,NA,NA,NA,NA,NA,0,NA,NA,NA,NA,NA,NA
"171",2020-05-10,23001,68.507991518,82,3.68472825706553,NA,45.414430656,4.3663368,8.948844016,NA,0.40767387,3.10706824,NA,3.03015069,NA,NA,3.233487246,NA,NA,NA,NA,NA,NA,NA,NA,NA,NA,NA,NA,NA,NA,NA
"172",2020-05-11,23001,74.822270669,90,3.67245486822396,NA,49.362332645,5.3474319,9.14656746,NA,NA,3.37146635,NA,3.0945852,NA,NA,4.499887114,NA,NA,NA,NA,NA,NA,NA,NA,NA,NA,NA,NA,NA,NA,NA
"173",2020-05-12,23001,69.62148624,95,3.61019205188751,NA,46.41165975,4.5846153,8.061250092,NA,0.301003365,2.82210472,NA,2.82089577,0.362280217,NA,4.202898432,NA,NA,NA,NA,NA,NA,NA,NA,NA,NA,NA,NA,NA,NA,0.054778594
"174",2020-05-13,23001,77.178263827,101,3.77615216364653,NA,52.75542996,5.0297619,8.70418484,NA,0.486223635,2.86720759,NA,3.45152743,NA,NA,3.883928472,NA,NA,NA,NA,NA,NA,NA,NA,NA,NA,NA,NA,NA,NA,NA
"175",2020-05-14,23001,83.84788042306,107,3.82917959920538,NA,56.590300608,4.9475691,9.846420045,NA,0.53024349,3.18573795,NA,4.13680775,NA,NA,4.558839033,NA,NA,NA,NA,NA,NA,NA,NA,NA,NA,NA,NA,NA,NA,0.05196244706
"176",2020-05-15,23001,83.882548789,111,3.76016957735572,NA,57.892234464,4.87985216,9.082701072,NA,NA,3.40137428,NA,4.19196986,NA,NA,4.329739869,NA,NA,NA,NA,NA,NA,NA,NA,NA,NA,NA,NA,NA,NA,0.104677084
"177",2020-05-16,23001,85.3302092,118,3.75014613556628,NA,58.293275778,4.8653344,9.975526176,NA,0.454342986,3.16742266,NA,4.871828,NA,NA,3.7024792,NA,NA,NA,NA,NA,NA,NA,NA,NA,NA,NA,NA,NA,NA,NA
"178",2020-05-17,23001,85.282543306534,129,3.71472305114828,NA,57.403024888,5.6555456,9.79876449,NA,0.494108383,3.11908469,NA,4.38916266,NA,NA,4.262376195,NA,NA,NA,NA,NA,NA,NA,NA,0.160476400534,NA,NA,NA,NA,NA,0
"179",2020-05-18,23001,96.210371391,137,3.77334676149951,NA,65.105566944,6.31867072,10.969075997,NA,NA,3.36718422,NA,4.68580653,NA,NA,5.76406698,NA,NA,NA,NA,NA,NA,NA,NA,NA,NA,NA,NA,NA,NA,NA
"180",2020-05-19,23001,91.658897507176,149,3.82300565975926,NA,62.077678575,5.33856736,10.448445056,NA,0.373040775,3.33864887,NA,4.84043229,NA,NA,5.089501456,NA,NA,NA,NA,NA,NA,NA,NA,0.152583125176,NA,NA,NA,NA,NA,NA
"181",2020-05-20,23001,95.942345072,183,3.81438637994387,NA,65.748162661,5.09604513,10.596586413,NA,0.541149032,3.49055064,NA,5.06401476,NA,NA,5.405836436,NA,NA,NA,NA,NA,NA,NA,NA,NA,NA,NA,NA,0,NA,NA
"182",2020-05-21,23001,100.01016047312,200,3.88365107860691,NA,70.168833443,4.62522536,11.03197691,NA,NA,3.56074776,NA,5.08453344,NA,NA,5.487195168,NA,NA,NA,NA,NA,NA,NA,NA,NA,NA,NA,NA,NA,NA,0.05164839212
"183",2020-05-22,23001,114.17979807,207,4.00366924720666,NA,81.70500771,4.98468635,11.6205085,NA,NA,3.5366201,NA,5.38721372,NA,NA,6.89568178,NA,NA,NA,NA,NA,NA,NA,NA,NA,NA,NA,NA,NA,NA,0.05007991
"184",2020-05-23,23001,108.150406767,225,3.831778199266,NA,75.745648596,4.84653855,11.81960325,NA,NA,3.03454168,NA,5.88559608,NA,NA,6.818478611,NA,NA,NA,NA,NA,NA,NA,NA,NA,NA,NA,NA,NA,NA,NA
"185",2020-05-24,23001,98.37618836,231,3.77418200459184,NA,68.436579104,4.95529055,10.992846935,NA,NA,3.45982434,NA,4.4522968,0.552874056,NA,5.526476575,NA,NA,NA,NA,NA,NA,NA,NA,NA,NA,NA,NA,NA,NA,NA
"186",2020-05-25,23001,92.55218343682,236,3.5917500798603,NA,61.159726,5.56126515,11.130348341,0.4278075,NA,3.50755944,NA,4.57306556,0.648456081,NA,5.492617262,NA,NA,NA,NA,NA,NA,NA,NA,NA,NA,NA,NA,NA,NA,0.05133810282
"187",2020-05-26,23001,113.10361405609,245,3.85567142873931,NA,78.44783562,6.96698135,11.96396488,NA,0.57532172,4.58596622,NA,4.6491886,NA,NA,5.77189025,NA,NA,NA,NA,NA,NA,NA,0.04084380209,NA,NA,NA,NA,NA,NA,0.101621614
"188",2020-05-27,23001,122.125973861,250,3.90253288094976,NA,86.200519482,6.4935066,11.792370807,NA,0.65648854,4.93247612,NA,5.15394264,NA,NA,6.773862624,NA,NA,NA,NA,NA,NA,NA,0.122807048,NA,NA,NA,NA,NA,NA,0
"189",2020-05-28,23001,122.87940097406,262,3.82785441560275,NA,85.945582654,6.5951494,11.449526809,NA,0.6342183,5.62232976,NA,5.3192808,NA,NA,7.263206646,NA,NA,NA,NA,NA,NA,NA,NA,NA,NA,NA,NA,NA,NA,0.05010660506
"190",2020-05-29,23001,127.46058912,267,3.93048142726271,NA,89.10491768,6.08296955,11.92470321,NA,0.55084746,6.21920928,NA,5.5466514,NA,NA,8.03129054,NA,NA,NA,NA,NA,NA,NA,NA,NA,NA,NA,NA,NA,NA,NA
"191",2020-05-30,23001,127.44996507,285,3.83495741505633,NA,90.407232696,4.8611115,13.35761196,NA,0.50789292,6.2432436,NA,6.1258485,NA,NA,5.947023894,NA,NA,NA,NA,NA,NA,NA,NA,NA,NA,NA,NA,NA,NA,NA
"192",2020-05-31,23001,111.10780288,296,3.695947499227,NA,75.071091375,5.06172835,12.27758938,NA,0.57315234,6.58404356,NA,5.4526605,NA,NA,6.087537375,NA,NA,NA,NA,NA,NA,NA,NA,NA,NA,NA,NA,NA,NA,NA
"193",2020-06-01,23001,129.767079601599,302,3.79332482493308,NA,92.356922108,6.0262643,11.675471871,NA,NA,6.63872583,NA,5.0815557,0.6562347,NA,7.147535616,NA,NA,NA,NA,NA,NA,NA,NA,0.184369476599,NA,NA,NA,NA,NA,NA
"194",2020-06-02,23001,126.145175221649,312,3.82790643992279,NA,91.188836148,6.6493385,9.781427572,NA,NA,6.73636359,NA,5.27740342,NA,NA,6.32852983,NA,NA,NA,NA,NA,NA,NA,NA,0.183276161649,NA,NA,NA,NA,NA,NA
"195",2020-06-03,23001,131.211963456,324,3.82970182425843,NA,95.989428796,5.58117175,11.007806056,NA,0.51127822,6.3787251,NA,5.37232077,NA,NA,6.371232764,NA,NA,NA,NA,NA,NA,NA,NA,NA,NA,NA,NA,NA,NA,0
"196",2020-06-04,23001,139.48196453288,332,3.93803498116112,NA,102.17069513,5.6765233,11.805555769,NA,0.58651026,6.96202528,NA,5.5696932,NA,NA,6.660205634,NA,NA,NA,NA,NA,NA,NA,0,NA,NA,NA,NA,NA,NA,0.05075595988
"197",2020-06-05,23001,140.00609497638,335,3.99205129502419,NA,101.08687028,6.04253545,11.98247556,NA,0.7180851,6.28070176,NA,5.8699371,NA,NA,7.840731738,NA,NA,NA,NA,NA,NA,NA,NA,0.18475798838,NA,NA,NA,NA,NA,NA
"198",2020-06-06,23001,128.401704867,343,3.84001601276489,NA,92.5804412,5.357737,11.553223627,NA,0.56957926,6,NA,5.8868592,NA,NA,6.45386458,NA,NA,NA,NA,NA,NA,NA,0,NA,NA,NA,NA,NA,NA,NA
"199",2020-06-07,23001,118.24914302407,364,3.75184866646411,NA,83.566080675,5.6643951,11.031079345,NA,0.501355,4.9553903,NA,5.5242969,NA,NA,6.964634976,NA,NA,NA,NA,NA,NA,NA,0.04191072807,NA,NA,NA,NA,NA,NA,NA
"200",2020-06-08,23001,141.54745348407,373,3.88852436165765,NA,101.06793108,6.36657455,12.65167694,NA,0.67892506,6.06923983,NA,5.4147198,NA,NA,9.184836162,NA,NA,NA,NA,NA,NA,NA,0.040611333,NA,0,NA,0.07293872907,NA,NA,0
"201",2020-06-09,23001,144.103108601,378,3.90249418566378,NA,107.112201539,6.43678175,10.992056162,NA,0.66337332,6.24767273,NA,4.9256394,NA,NA,7.7253837,NA,NA,NA,NA,NA,NA,NA,NA,NA,NA,NA,NA,NA,NA,NA
"202",2020-06-10,23001,148.562271077,387,3.91055657440021,NA,110.578927948,6.5625,11.271202539,NA,NA,6.26502622,NA,5.2535376,NA,NA,8.63107677,NA,NA,NA,NA,NA,NA,NA,NA,NA,NA,NA,NA,NA,NA,NA
"203",2020-06-11,23001,140.01892079104,394,3.85091347999957,NA,104.29308544,5.8012822,11.55339434,NA,0.51539012,6.28931596,NA,5.3089383,NA,NA,6.20647776,NA,NA,NA,NA,NA,NA,NA,NA,NA,NA,NA,NA,NA,0,0.05103667104
"204",2020-06-12,23001,163.682402788,412,4.05790133441553,NA,123.039160002,5.75421696,11.9759105,NA,0.680432004,6.67376122,NA,6.0509916,NA,NA,9.507930502,NA,NA,NA,NA,NA,NA,NA,NA,NA,NA,NA,0,NA,NA,NA
"205",2020-04-24,23019,14.9979007354,50,3.66508901048547,NA,2.8846154004,NA,3.001641375,NA,NA,NA,NA,NA,2.49556592,6.61607804,NA,NA,NA,NA,NA,NA,NA,NA,NA,NA,NA,NA,NA,NA,NA,NA
"206",2020-05-05,23019,15.7567184621,85,3.61509768052222,NA,3.3998842581,NA,3.167514824,0.335925344,NA,NA,NA,NA,2.46585493,6.26463504,NA,NA,NA,NA,NA,NA,NA,NA,0,0.122904066,NA,NA,NA,NA,NA,NA
"207",2020-05-12,23019,16.574512674827,90,3.52280760324658,NA,4.448614092,NA,3.482986097,0.321785995,NA,NA,NA,NA,2.56313267,5.5594679,NA,NA,NA,NA,NA,NA,NA,NA,NA,0.143747326827,NA,NA,NA,NA,NA,0.054778594
"208",2020-05-15,23019,21.89385414574,90,3.77455472189701,NA,6.1442233808,NA,4.379544504,0.539274918,NA,NA,NA,NA,3.26519864,7.51327416,NA,NA,NA,NA,NA,NA,NA,NA,NA,NA,NA,NA,NA,NA,NA,0.05233854294
"209",2020-05-21,23019,24.3560639053,97,3.8520884985964,NA,8.3291117003,NA,4.769379705,0.39444848,NA,NA,NA,NA,3.6642686,7.19885542,NA,NA,NA,NA,NA,NA,NA,NA,NA,NA,NA,NA,NA,NA,NA,NA
"210",2020-05-22,23019,29.707476615,97,4.01814038473112,NA,11.14159251,NA,6.305201945,0.55994258,NA,NA,NA,NA,3.71460075,7.98613883,NA,NA,NA,NA,NA,NA,NA,NA,NA,NA,NA,NA,NA,NA,NA,NA
"211",2020-06-02,23019,24.80891699886,98,3.8534636483258,NA,8.5715448258,NA,5.052199382,NA,NA,NA,NA,NA,3.65213068,7.48102223,NA,NA,NA,NA,NA,NA,NA,NA,NA,NA,NA,NA,NA,NA,NA,0.05201988106
"212",2020-06-03,23019,24.7100270432,98,3.86281635994356,NA,8.7732276252,NA,4.836065508,NA,NA,NA,NA,NA,3.74353958,7.35719433,NA,NA,NA,NA,NA,NA,NA,NA,NA,NA,NA,NA,NA,NA,NA,NA
"213",2020-06-05,23019,29.191029932,99,4.01506310083992,NA,10.403114392,NA,5.62979172,0.5567154,NA,NA,NA,NA,4.10373062,8.4976778,NA,NA,NA,NA,NA,NA,NA,NA,NA,NA,NA,NA,NA,NA,NA,NA
"214",2020-06-06,23019,29.439510587,99,3.84042477885346,NA,10.904151414,NA,5.948194593,0.58782366,NA,NA,NA,NA,4.09783638,7.90150454,NA,NA,NA,NA,NA,NA,NA,NA,NA,NA,NA,NA,NA,NA,NA,NA
"215",2020-06-09,23019,28.3936443177,99,3.91835497032323,NA,10.9858663502,NA,5.082348102,0.5829285,NA,NA,NA,NA,4.27218936,7.36727511,NA,NA,NA,NA,NA,NA,NA,NA,NA,NA,NA,NA,NA,NA,NA,0.1030368955
"216",2020-06-10,23019,27.9692684372,99,3.94150789297691,NA,10.2864117322,NA,4.820237775,0.65232478,NA,NA,NA,NA,3.87462975,8.3356644,NA,NA,NA,NA,NA,NA,NA,NA,NA,NA,NA,NA,NA,NA,NA,NA
"217",2020-06-11,23019,29.8459051304,99,3.86163197396835,NA,11.5507395464,NA,5.33048038,0.58739256,NA,NA,NA,NA,3.8442335,8.4309858,NA,NA,NA,NA,NA,NA,NA,NA,NA,NA,NA,NA,NA,NA,NA,0.102073344
"218",2020-06-12,23019,32.649865355,100,4.03538878935875,NA,13.634366031,NA,6.114380375,0.59742022,NA,NA,NA,NA,4.492363,7.71076545,NA,NA,NA,NA,NA,NA,NA,NA,NA,NA,NA,NA,NA,NA,NA,0.100570279
"219",2020-05-22,23027,17.089325205,37,4.11525824544053,NA,3.95607213,NA,4.97099552,2.2972002,0.443531826,NA,4.717511386,NA,0.704014143,NA,NA,NA,NA,NA,NA,NA,NA,NA,NA,NA,NA,NA,NA,NA,NA,NA
"220",2020-05-23,23027,19.35392660141,37,3.97319199606327,NA,4.5356670021,NA,5.769092043,1.99539528,0.427121102,NA,5.328769496,NA,0.759036117,NA,NA,NA,NA,NA,NA,NA,NA,NA,0.08000001191,0.353817648,NA,NA,NA,NA,NA,0.1050279014
"221",2020-06-07,23027,15.860769485,38,4.00384150240148,NA,4.302860787,NA,4.695046235,1.83296382,NA,NA,4.390673463,NA,0.63922518,NA,NA,NA,NA,NA,NA,NA,NA,NA,NA,NA,NA,NA,NA,NA,NA,NA
"222",2020-06-09,23027,16.5094902987,39,4.05526344216949,NA,4.0647705217,NA,4.396822416,2.2206802,0.50811574,NA,4.538036349,NA,0.781065072,NA,NA,NA,NA,NA,NA,NA,NA,NA,NA,NA,NA,NA,NA,NA,NA,NA
"223",2020-06-12,23027,18.93459579994,41,4.12559415372233,NA,5.057910473,NA,5.355829375,2.2403258,0.613722984,NA,4.7405113,NA,0.876010775,NA,NA,NA,NA,NA,NA,NA,NA,NA,NA,NA,NA,NA,NA,NA,NA,0.05028509294
"224",2020-05-06,23019,13.798483842,87,3.70202129863295,NA,NA,0.613545828,3.525473168,0.324675316,NA,NA,NA,NA,2.66297469,6.67181484,NA,NA,NA,NA,NA,NA,NA,NA,NA,NA,NA,NA,NA,NA,NA,NA
"225",2020-05-14,23019,15.977449259,90,3.79664616508228,NA,NA,0.71496663,4.16497158,0.440868267,NA,NA,NA,NA,3.03967458,7.5130434,NA,NA,NA,NA,NA,NA,NA,NA,NA,NA,NA,NA,NA,NA,NA,0.103924802
"226",2020-05-20,23019,16.182182517,94,3.82942562907772,NA,NA,0.590395476,4.765060501,0.42813458,NA,NA,NA,NA,3.529995,6.86859696,NA,NA,NA,NA,NA,NA,NA,NA,NA,NA,NA,NA,NA,NA,NA,NA
"227",2020-05-23,23019,19.041249692,97,3.87981921265987,NA,NA,0.57458961,5.487672762,0.8749041,NA,NA,NA,NA,3.46084326,8.64323996,NA,NA,NA,NA,NA,NA,NA,NA,NA,NA,NA,NA,NA,NA,NA,NA
"228",2020-05-24,23019,16.873395035146,97,3.70044938628502,NA,NA,1.12146048,4.474964298,0.62547676,NA,NA,NA,NA,3.26195688,7.2087988,NA,NA,NA,NA,NA,NA,NA,NA,NA,0.180737817146,NA,NA,NA,NA,NA,NA
"229",2020-04-22,23019,10.92643875853,47,3.3989308532433,NA,NA,NA,2.575921865,0.255528247,NA,NA,NA,NA,2.37168144,5.64609045,NA,NA,NA,NA,NA,NA,NA,NA,0.02560387653,NA,NA,NA,NA,NA,NA,0.05161288
"230",2020-04-23,23019,11.1143676915,49,3.48085084574551,NA,NA,NA,2.735959776,0.272939342,NA,NA,NA,NA,2.50602416,5.50196734,NA,NA,NA,NA,NA,NA,NA,NA,NA,NA,NA,NA,NA,NA,NA,0.0974770735
"231",2020-04-25,23019,12.888023575,50,3.64759034700223,NA,NA,NA,2.87582366,0.262422355,NA,NA,NA,NA,2.39755344,7.35222412,NA,NA,NA,NA,NA,NA,NA,NA,NA,NA,NA,NA,NA,NA,NA,NA
"232",2020-04-26,23019,10.567717496,53,3.29263596597502,NA,NA,NA,2.199603456,0.15743945,NA,NA,NA,NA,2.35605618,5.85461841,NA,NA,NA,NA,NA,NA,NA,NA,NA,NA,NA,NA,NA,NA,NA,NA
"233",2020-04-27,23019,10.575449456,55,3.24259517859335,NA,NA,NA,2.452243584,0.232172472,NA,NA,NA,NA,2.41183216,5.47920124,NA,NA,NA,NA,NA,NA,NA,NA,NA,NA,NA,NA,NA,NA,NA,NA
"234",2020-04-28,23019,10.793747644,57,3.49289826728589,NA,NA,NA,2.931885819,0.194805195,NA,NA,NA,NA,2.4541011,5.21295553,NA,NA,NA,NA,NA,NA,NA,NA,NA,NA,NA,NA,NA,NA,NA,NA
"235",2020-04-30,23019,11.98109167372,78,3.52575324132667,NA,NA,NA,2.69955161,0.338211392,NA,NA,NA,NA,2.45351344,6.43987331,NA,NA,NA,NA,NA,NA,NA,NA,NA,NA,NA,NA,NA,NA,NA,0.04994192172
"236",2020-05-01,23019,12.380226040215,79,3.55653000940024,NA,NA,NA,3.066972622,0.29369512,NA,NA,NA,NA,2.44792775,6.46300534,NA,NA,NA,NA,0,NA,NA,NA,NA,0.108625208215,NA,NA,NA,NA,NA,NA
"237",2020-05-02,23019,13.466965352,82,3.68824037957571,NA,NA,NA,3.561827248,0.399687744,NA,NA,NA,NA,2.5723108,6.93313956,NA,NA,NA,NA,NA,NA,NA,NA,NA,NA,NA,NA,NA,NA,NA,NA
"238",2020-05-03,23019,12.215119946,84,3.45254098950137,NA,NA,NA,3.24694557,0.316570496,NA,NA,NA,NA,2.36766276,6.28394112,NA,NA,NA,NA,NA,NA,NA,NA,NA,NA,NA,NA,NA,NA,NA,NA
"239",2020-05-04,23019,12.308443893,85,3.59102933287304,NA,NA,NA,3.059462835,0.204636288,NA,NA,NA,NA,2.58204993,6.46229484,NA,NA,NA,NA,NA,NA,NA,NA,NA,NA,NA,NA,NA,NA,NA,NA
"240",2020-05-07,23019,12.436399951,89,3.70627631452704,NA,NA,NA,3.307486149,0.263565892,NA,NA,NA,NA,2.50922499,6.35612292,NA,NA,NA,NA,NA,NA,NA,NA,NA,NA,NA,NA,NA,NA,NA,0
"241",2020-05-08,23019,14.230752078,89,3.81533462750171,NA,NA,NA,3.8045656,0.370709388,NA,NA,NA,NA,2.85019841,7.20527868,NA,NA,NA,NA,NA,NA,NA,NA,NA,NA,NA,NA,NA,NA,NA,NA
"242",2020-05-09,23019,11.976364223,89,3.22002228754105,NA,NA,NA,3.097362253,NA,NA,NA,NA,NA,2.68910777,6.1898942,NA,NA,NA,NA,NA,NA,NA,NA,NA,NA,NA,NA,NA,NA,NA,NA
"243",2020-05-10,23019,11.788792295,90,3.64639817337399,NA,NA,NA,3.327399045,0.36083268,NA,NA,NA,NA,2.44247772,5.65808285,NA,NA,NA,NA,NA,NA,NA,NA,NA,NA,NA,NA,NA,NA,NA,NA
"244",2020-05-11,23019,14.097683078126,90,3.67622743655325,NA,NA,NA,3.889919634,0.365665906,NA,NA,NA,NA,2.79355186,6.90403665,NA,NA,NA,NA,NA,NA,NA,NA,NA,0.144509028126,NA,NA,NA,NA,NA,NA
"245",2020-05-13,23019,12.78618796688,90,3.76025171390411,NA,NA,NA,3.666048152,0.410581203,NA,NA,NA,NA,2.94177744,5.71482345,NA,NA,NA,NA,NA,NA,NA,NA,NA,NA,NA,NA,NA,NA,NA,0.05295772188
"246",2020-05-16,23019,15.330077817,92,3.67775920802806,NA,NA,NA,4.583350016,0.455156961,NA,NA,NA,NA,3.482875,6.80869584,NA,NA,NA,NA,NA,NA,NA,NA,NA,NA,NA,NA,NA,NA,NA,NA
"247",2020-05-17,23019,14.934540080534,92,3.71537619106322,NA,NA,NA,4.32914526,0.55933482,NA,NA,NA,NA,3.4168336,6.46875,NA,NA,NA,NA,NA,NA,NA,NA,NA,0.160476400534,NA,NA,NA,NA,NA,NA
"248",2020-05-18,23019,15.00403178212,92,3.78371914799653,NA,NA,NA,4.188613488,0.5904618,NA,NA,NA,NA,3.5465994,6.62593104,NA,NA,NA,NA,NA,NA,NA,NA,NA,0,NA,NA,NA,NA,NA,0.05242605412
"249",2020-05-19,23019,15.433582652,93,3.80296598227423,NA,NA,NA,4.399345552,0.5105105,NA,NA,NA,NA,3.3128834,7.2108432,NA,NA,NA,NA,NA,NA,NA,NA,NA,NA,NA,NA,NA,NA,NA,NA
"250",2020-05-25,23019,14.305637283,98,3.69256646065614,NA,NA,NA,3.741691653,0.62643238,NA,NA,NA,NA,2.94299292,6.99452033,NA,NA,NA,NA,NA,NA,NA,NA,NA,NA,NA,NA,NA,NA,NA,NA
"251",2020-05-26,23019,16.53432774529,98,3.80176053925659,NA,NA,NA,4.738204079,0.41543026,NA,NA,NA,NA,3.62773719,7.59797516,NA,NA,NA,NA,NA,NA,NA,NA,0.04084380209,NA,0.0125156402,NA,NA,NA,NA,0.101621614
"252",2020-05-27,23019,15.268991553,98,3.87681272126619,NA,NA,NA,4.492331753,0.45011252,NA,NA,NA,NA,3.51215886,6.81438842,NA,NA,NA,NA,NA,NA,NA,NA,NA,NA,NA,NA,NA,NA,NA,NA
"253",2020-05-28,23019,16.08258827,99,3.8561692473459,NA,NA,NA,4.55165599,0.50541516,NA,NA,NA,NA,3.6412288,7.38428832,NA,NA,NA,NA,NA,NA,NA,NA,NA,NA,NA,NA,NA,NA,NA,NA
"254",2020-05-29,23019,17.428094314,99,3.94169075013115,NA,NA,NA,5.075297164,0.551124,NA,NA,NA,NA,3.91177798,7.88989517,NA,NA,NA,NA,NA,NA,NA,NA,NA,NA,NA,NA,NA,NA,NA,NA
"255",2020-05-30,23019,18.074213729,99,3.85879678596964,NA,NA,NA,5.540765069,0.56562726,NA,NA,NA,NA,3.91473588,8.05308552,NA,NA,NA,NA,NA,NA,NA,NA,NA,NA,NA,NA,NA,NA,NA,NA
"256",2020-05-31,23019,16.201979386,99,3.74312446831113,NA,NA,NA,4.274595906,0.45925926,NA,NA,NA,NA,3.63043494,7.83768928,NA,NA,NA,NA,NA,NA,NA,NA,NA,0,NA,NA,NA,NA,NA,NA
"257",2020-06-01,23019,17.846557508,99,3.8564716976838,NA,NA,NA,5.223237488,0.52785926,NA,NA,NA,NA,3.84058686,8.2548739,NA,NA,NA,NA,NA,NA,NA,NA,NA,NA,NA,NA,NA,NA,NA,NA
"258",2020-06-04,23019,16.58891571488,98,3.93154088046233,NA,NA,NA,5.509259105,0.4344678,NA,NA,NA,NA,3.90239344,6.69203941,NA,NA,NA,NA,NA,NA,NA,NA,NA,NA,NA,NA,NA,NA,NA,0.05075595988
"259",2020-06-07,23019,16.740326998,99,3.77533856285475,NA,NA,NA,5.219250058,NA,NA,NA,NA,NA,3.77142876,7.74964818,NA,NA,NA,NA,NA,NA,NA,NA,NA,NA,NA,NA,NA,NA,NA,NA
"260",2020-06-08,23019,17.643551184,99,3.89247924921162,NA,NA,NA,5.037022784,0.3776224,NA,NA,NA,NA,4.04574816,8.18315784,NA,NA,NA,NA,NA,NA,NA,NA,NA,NA,NA,NA,NA,NA,NA,NA
"261",2020-04-22,23027,6.109590737,35,3.52878858720509,NA,NA,NA,2.76138818,1.01146604,NA,NA,1.805763077,NA,0.53097344,NA,NA,NA,NA,NA,NA,NA,NA,NA,NA,NA,NA,NA,NA,NA,NA,NA
"262",2020-04-23,23027,6.213035192,37,3.44505869695282,NA,NA,NA,2.675607744,1.142301693,0.241610724,NA,1.706636631,NA,0.4468784,NA,NA,NA,NA,NA,NA,NA,NA,NA,NA,NA,NA,NA,NA,NA,NA,NA
"263",2020-04-24,23027,6.824245245,37,3.88460503130598,NA,NA,NA,3.17706201,1.111372561,NA,NA,2.08510645,NA,0.450704224,NA,NA,NA,NA,NA,NA,NA,NA,NA,NA,NA,NA,NA,NA,NA,NA,NA
"264",2020-04-25,23027,8.423359825,37,3.81462843085595,NA,NA,NA,4.264826925,1.231366474,NA,NA,2.48679945,NA,0.440366976,NA,NA,NA,NA,NA,NA,NA,NA,NA,NA,NA,NA,NA,NA,NA,NA,NA
"265",2020-04-26,23027,6.182979953,37,2.84297247401339,NA,NA,NA,3.23595504,0.884083046,NA,NA,1.766040454,NA,0.296901413,NA,NA,NA,NA,NA,NA,NA,NA,NA,NA,NA,NA,NA,NA,NA,NA,NA
"266",2020-04-27,23027,5.724870492,37,2.7917400239639,NA,NA,NA,2.77210128,0.870646756,NA,NA,1.681777845,NA,0.400344611,NA,NA,NA,NA,NA,NA,NA,NA,NA,NA,0,NA,NA,NA,NA,NA,NA
"267",2020-04-28,23027,6.447844567764,37,3.60396198440704,NA,NA,NA,2.787356304,1.25405844,NA,NA,1.937086176,NA,0.371537208,NA,NA,NA,NA,NA,NA,NA,NA,NA,NA,0.097806439764,NA,NA,NA,NA,NA,NA
"268",2020-04-30,23027,7.636988241,37,3.7818512352716,NA,NA,NA,2.92974577,1.287804848,NA,NA,2.978356524,NA,0.441081099,NA,NA,NA,NA,NA,NA,NA,NA,NA,NA,NA,NA,NA,NA,NA,NA,NA
"269",2020-05-01,23027,8.139529009,37,3.8333708877685,NA,NA,NA,3.169205144,1.366320848,NA,NA,3.107191107,NA,0.49681191,NA,NA,NA,NA,NA,NA,NA,NA,NA,NA,NA,NA,NA,NA,NA,NA,NA
"270",2020-05-02,23027,9.926898321,36,3.81642349440178,NA,NA,NA,4.118984786,1.561280256,NA,NA,3.791666716,NA,0.454966563,NA,NA,NA,NA,NA,NA,NA,NA,NA,NA,NA,NA,NA,NA,NA,NA,NA
"271",2020-05-03,23027,8.679485631,36,3.61567715299569,NA,NA,NA,3.607717113,1.35861504,NA,NA,3.295864236,NA,0.417289242,NA,NA,NA,NA,NA,NA,NA,NA,NA,NA,NA,NA,NA,NA,NA,NA,NA
"272",2020-05-04,23027,8.000024475,36,3.84915285702182,NA,NA,NA,3.122762346,1.330135936,0.258426961,NA,2.873404515,NA,0.415294717,NA,NA,NA,NA,NA,NA,NA,NA,NA,NA,NA,NA,NA,NA,NA,NA,NA
"273",2020-05-05,23027,7.750506377,36,3.84150554349383,NA,NA,NA,2.838422342,1.35614312,NA,NA,3.132965785,NA,0.42297513,NA,NA,NA,NA,NA,NA,NA,NA,NA,NA,NA,NA,NA,NA,NA,NA,NA
"274",2020-05-06,23027,8.911386821,36,3.90907288391481,NA,NA,NA,3.219796272,1.688311718,NA,NA,3.554966595,NA,0.448312236,NA,NA,NA,NA,NA,NA,NA,NA,NA,NA,NA,NA,NA,NA,NA,NA,NA
"275",2020-05-07,23027,9.476724592,36,3.93695669994906,NA,NA,NA,3.552485013,1.502325632,0.293624142,NA,3.509945065,NA,0.61834474,NA,NA,NA,NA,NA,NA,NA,NA,NA,NA,NA,NA,NA,NA,NA,NA,NA
"276",2020-05-08,23027,10.083218487,36,3.997782481314,NA,NA,NA,3.8446136,1.66132728,NA,NA,3.95326964,NA,0.624007967,NA,NA,NA,NA,NA,NA,NA,NA,NA,NA,NA,NA,NA,NA,NA,NA,NA
"277",2020-05-09,23027,7.796935582,35,2.37043161001809,NA,NA,NA,2.815783848,1.2585366,NA,NA,3.378334891,NA,0.344280243,NA,NA,NA,NA,NA,NA,NA,NA,NA,NA,NA,NA,NA,NA,NA,NA,NA
"278",2020-05-10,23027,9.665129903,35,3.82468890089837,NA,NA,NA,3.534069891,1.54047807,NA,NA,4.16580318,NA,0.424778762,NA,NA,NA,NA,NA,NA,NA,NA,NA,NA,NA,NA,NA,NA,NA,NA,NA
"279",2020-05-11,23027,9.556023174,35,3.78911199097045,NA,NA,NA,3.511440984,1.682063141,NA,NA,3.83209785,NA,0.530421199,NA,NA,NA,NA,NA,NA,NA,NA,NA,NA,NA,NA,NA,NA,NA,NA,NA
"280",2020-05-12,23027,8.251499303,35,3.72488019780024,NA,NA,NA,3.176308026,1.72594309,NA,NA,2.98696797,NA,0.362280217,NA,NA,NA,NA,NA,NA,NA,NA,NA,NA,NA,NA,NA,NA,NA,NA,NA
"281",2020-05-13,23027,8.795906158,35,3.91523944616607,NA,NA,NA,3.344465176,1.656482928,NA,NA,3.28934007,NA,0.505617984,NA,NA,NA,NA,NA,NA,NA,NA,NA,NA,NA,NA,NA,NA,NA,NA,NA
"282",2020-05-14,23027,10.394595154,36,3.96877204201693,NA,NA,NA,3.994100775,1.791916201,NA,NA,4.0592394,NA,0.549338778,NA,NA,NA,NA,NA,NA,NA,NA,NA,NA,NA,NA,NA,NA,NA,NA,NA
"283",2020-05-15,23027,10.133818194,36,4.0204057922473,NA,NA,NA,3.7754694,1.887462255,NA,NA,3.98883771,NA,0.482048829,NA,NA,NA,NA,NA,NA,NA,NA,NA,NA,NA,NA,NA,NA,NA,NA,NA
"284",2020-05-16,23027,11.654882825,36,3.96806359948227,NA,NA,NA,4.785556832,2.040358677,NA,NA,4.269391836,NA,0.55957548,NA,NA,NA,NA,NA,NA,NA,NA,NA,NA,NA,NA,NA,NA,NA,NA,NA
"285",2020-05-17,23027,11.265978455,36,3.79941844559119,NA,NA,NA,4.678269947,1.84429332,NA,NA,4.062052448,NA,0.68136274,NA,NA,NA,NA,NA,NA,NA,NA,NA,NA,NA,NA,NA,NA,NA,NA,NA
"286",2020-05-18,23027,10.270104336,36,3.9173337679671,NA,NA,NA,3.887773927,1.89250574,0.414308173,NA,3.632191556,NA,0.44332494,NA,NA,NA,NA,NA,NA,NA,NA,NA,NA,NA,NA,NA,NA,NA,NA,NA
"287",2020-05-19,23027,10.594620454,36,4.05983942786811,NA,NA,NA,3.918166672,2.1771772,NA,NA,3.916454502,NA,0.58282208,NA,NA,NA,NA,NA,NA,NA,NA,NA,NA,NA,NA,NA,NA,NA,NA,NA
"288",2020-05-20,23027,10.596699019,36,3.96129786914324,NA,NA,NA,4.175100383,2.1253822,NA,NA,3.770683476,NA,0.52553296,NA,NA,NA,NA,NA,NA,NA,NA,NA,NA,NA,NA,NA,NA,NA,NA,NA
"289",2020-05-21,23027,11.918511032,37,4.00022602936556,NA,NA,NA,4.947674325,1.9868517,NA,NA,4.485184067,NA,0.49880094,NA,NA,NA,NA,NA,NA,NA,NA,NA,NA,NA,NA,NA,NA,NA,NA,NA
"290",2020-05-24,23027,12.115016771,37,3.86642744958661,NA,NA,NA,4.791129924,1.87643022,NA,NA,4.756364057,NA,0.69109257,NA,NA,NA,NA,NA,NA,NA,NA,NA,NA,NA,NA,NA,NA,NA,NA,NA
"291",2020-05-25,23027,11.378954236,37,3.83440031909331,NA,NA,NA,3.883781342,1.72650874,0.54545454,NA,4.604682292,NA,0.618527322,NA,NA,NA,NA,NA,NA,NA,NA,NA,NA,NA,NA,NA,NA,NA,NA,NA
"292",2020-05-26,23027,10.569008668,37,3.98173125870443,NA,NA,NA,4.240692925,1.884273,NA,NA,3.881998932,NA,0.562043811,NA,NA,NA,NA,NA,NA,NA,NA,NA,NA,NA,NA,NA,NA,NA,NA,NA
"293",2020-05-27,23027,11.176345537,37,4.00950875571609,NA,NA,NA,4.234958672,1.9054763,NA,NA,4.483553214,NA,0.552357351,NA,NA,NA,NA,NA,NA,NA,NA,NA,NA,NA,NA,NA,NA,NA,NA,NA
"294",2020-05-28,23027,11.527081563,37,3.99331438682716,NA,NA,NA,4.199723962,1.935018,NA,NA,4.661913465,NA,0.730426136,NA,NA,NA,NA,NA,NA,NA,NA,NA,NA,NA,NA,NA,NA,NA,NA,NA
"295",2020-05-29,23027,11.512301515,37,4.07010512484936,NA,NA,NA,4.401584971,1.8419145,NA,NA,4.558479156,NA,0.710322888,NA,NA,NA,NA,NA,NA,NA,NA,NA,NA,NA,NA,NA,NA,NA,NA,NA
"296",2020-05-30,23027,14.669798178,37,4.05064111364642,NA,NA,NA,5.471792788,2.3350254,0.65888814,NA,5.327354142,NA,0.876737708,NA,NA,NA,NA,NA,NA,NA,NA,NA,NA,NA,NA,NA,NA,NA,NA,NA
"297",2020-05-31,23027,12.822265735,37,3.93331614795114,NA,NA,NA,5.22450579,1.92592592,NA,NA,4.867486173,NA,0.804347852,NA,NA,NA,NA,NA,NA,NA,NA,NA,NA,NA,NA,NA,NA,NA,NA,NA
"298",2020-06-01,23027,12.527607269,37,4.00887579437097,NA,NA,NA,4.608738743,2.111437,0.59970014,NA,4.42240128,NA,0.785330106,NA,NA,NA,NA,NA,NA,NA,NA,NA,NA,NA,NA,NA,NA,NA,NA,NA
"299",2020-06-02,23027,11.383896466,37,4.03421878276917,NA,NA,NA,4.175562042,2.1044776,NA,NA,4.417038164,NA,0.68681866,NA,NA,NA,NA,NA,NA,NA,NA,NA,NA,NA,NA,NA,NA,NA,NA,NA
"300",2020-06-03,23027,11.639538404,37,4.0097923515706,NA,NA,NA,4.053083352,1.92419826,0.58646616,NA,4.346390356,NA,0.729400276,NA,NA,NA,NA,NA,NA,NA,NA,NA,NA,NA,NA,NA,NA,NA,NA,NA
"301",2020-06-04,23027,11.636827831,37,4.014540845754,NA,NA,NA,4.250000153,2.1144098,NA,NA,4.59104765,NA,0.681370228,NA,NA,NA,NA,NA,NA,NA,NA,NA,NA,NA,NA,NA,NA,NA,NA,NA
"302",2020-06-05,23027,12.678382108,38,4.19166283973006,NA,NA,NA,4.92880632,2.3242866,NA,NA,4.634570358,NA,0.79071883,NA,NA,NA,NA,NA,NA,NA,NA,NA,NA,NA,NA,NA,NA,NA,NA,NA
"303",2020-06-06,23027,12.628003463,38,3.95702005003032,NA,NA,NA,4.964454792,2.113366,NA,NA,4.887906111,NA,0.66227656,NA,NA,NA,NA,NA,NA,NA,NA,NA,NA,NA,NA,NA,NA,NA,NA,NA
"304",2020-06-08,23027,11.850732868,39,4.04025607273129,NA,NA,NA,4.232990812,2.06993,0.50919376,NA,4.406097168,NA,0.632521128,NA,NA,NA,NA,NA,NA,NA,NA,NA,NA,NA,NA,NA,NA,NA,NA,NA
"305",2020-06-10,23027,13.10244547,40,4.06376998455513,NA,NA,NA,5.084031939,1.9708535,0.57827928,NA,4.568491026,NA,0.900789725,NA,NA,NA,NA,NA,NA,NA,NA,NA,NA,NA,NA,NA,NA,NA,NA,NA
"306",2020-06-11,23027,11.370831816,41,3.97385991372236,NA,NA,NA,4.172729332,1.64756448,0.57265568,NA,4.253968224,NA,0.7239141,NA,NA,NA,NA,NA,NA,NA,NA,NA,NA,NA,NA,NA,NA,NA,NA,0
