"","local_date","next_area_fip","inflow_cases","next_area_active_cases","next_area_cmi","15007","23031","25007","25009","25011","25017","25019","25027","26115","33001","33003","33005","33009","33011","33013","33015","33017","33019","36019","36029","36033","36063","36089","39043","39095","50011","50021","50023","50025","50027"
"1",2020-05-02,33015,1518.72631291533,812,3.51216630752846,0,12.7708112,NA,994.6875688,NA,341.23725875,NA,NA,NA,1.58263179,1.158512704,NA,NA,123.85272874,18.37819984,NA,24.83806916,NA,NA,0.115447139332,NA,NA,NA,NA,NA,0.105084792,NA,NA,NA,NA
"2",2020-04-22,33015,749.373581952,518,2.73892299094759,NA,10.687187661,NA,447.174128076,NA,186.72648309,NA,NA,NA,1.246496328,0.81287049,NA,NA,73.66661799,9.215564505,NA,19.6182493,NA,NA,0.225984512,NA,NA,NA,NA,NA,NA,NA,NA,NA,NA
"3",2020-04-23,33015,851.75953381485,550,3.19626743009291,NA,11.360053648,NA,521.096559288,NA,201.33266868,NA,NA,NA,1.320207224,1.01652894,NA,NA,83.16189113,9.769413644,NA,22.63091637,NA,0.0225564,NA,NA,NA,NA,NA,NA,0.04873849085,NA,NA,NA,NA
"4",2020-04-24,33015,954.126684752405,567,3.15121134535151,NA,11.266548896,NA,613.171725612,NA,210.206366337,NA,NA,NA,1.4256825,1.01714283,NA,NA,83.52932163,10.741381455,NA,22.6874718,NA,NA,0.081043692405,NA,NA,NA,NA,NA,NA,NA,NA,NA,NA
"5",2020-04-25,33015,1137.573100103,592,3.42477407558399,NA,11.81195268,NA,724.0795866,NA,273.76862236,NA,NA,NA,1.340502589,1.05512346,NA,NA,90.71226372,12.589083039,NA,21.94942998,NA,NA,0.266535675,NA,NA,NA,NA,NA,NA,NA,NA,NA,NA
"6",2020-04-26,33015,858.90304381086,618,1.59362237348629,NA,8.832403755,NA,579.220805831,NA,170.194767166,NA,NA,NA,1.358565793,1.44736839,NA,NA,70.270283586,9.266186664,NA,17.95827,NA,NA,0.301469515,NA,NA,NA,NA,NA,0.05292311086,NA,NA,NA,NA
"7",2020-04-27,33015,880.673768613736,642,1.71093745455827,NA,11.629392831,NA,550.793109215,NA,196.776881958,NA,NA,NA,1.565712715,1.202291786,NA,NA,86.75791508,10.200430848,NA,21.62637444,NA,0.02631579555,0.095343945186,NA,NA,NA,NA,NA,NA,NA,NA,NA,NA
"8",2020-04-28,33015,1049.33446700717,663,3.25919052905522,NA,12.702010711,NA,647.196939825,NA,245.766867508,NA,NA,NA,1.5512959,0.97908664,NA,NA,104.43365598,13.33880136,NA,23.0868715,NA,0.02590675945,0.19561575,0.008991654,NA,NA,NA,NA,0.04842341972,NA,NA,NA,NA
"9",2020-04-30,33015,1157.863604576,676,2.84316565392742,NA,13.406250528,NA,722.09497395,NA,269.165884512,NA,NA,NA,1.741709364,1.357567996,NA,NA,108.03411327,16.293248466,NA,25.61796322,NA,0.05200943,NA,NA,NA,NA,NA,NA,0.09988384,NA,NA,NA,NA
"10",2020-05-01,33015,1308.44386619443,763,3.37144694409629,NA,13.277802318,NA,831.589096968,NA,300.109800288,NA,NA,NA,1.411368811,1.006823296,NA,NA,118.60043769,17.091316424,NA,25.1713035,NA,0.02566413543,0,NA,NA,NA,NA,NA,0.160252764,NA,NA,NA,NA
"11",2020-05-03,33015,1373.33603547989,846,3.31146285502928,NA,12.762402224,NA,886.724414049,NA,300.03077927,NA,NA,NA,2.712453783,2.284196608,NA,1.737704799,124.0087002,19.186097088,NA,23.7682894,NA,NA,0.120998058888,NA,NA,NA,NA,NA,NA,NA,NA,NA,NA
"12",2020-05-04,33015,1384.5752068,862,3.41724965063098,NA,15.8665464,NA,872.024919129,NA,304.06705524,NA,NA,NA,2.8721726,2.272175004,NA,NA,136.68477968,20.27764931,NA,30.14290237,NA,NA,0.367007067,NA,NA,NA,NA,NA,0,NA,NA,NA,NA
"13",2020-05-05,33015,1484.017601225,872,3.47018846880167,NA,16.032825312,NA,934.603901564,NA,338.040318336,NA,NA,NA,1.90978632,1.517355366,NA,NA,140.4853225,20.82176481,NA,29.94863664,NA,NA,0.491612681,NA,NA,NA,NA,NA,0.166077696,NA,NA,NA,NA
"14",2020-05-06,33015,1521.169804251,887,3.50778916784043,NA,16.080432582,NA,947.439751509,NA,345.321735363,NA,NA,NA,2.014481536,1.379310266,NA,NA,155.06657265,21.6054552,NA,31.88245487,NA,NA,0.379610275,NA,NA,NA,NA,NA,0,NA,NA,NA,NA
"15",2020-05-07,33015,1590.696208196,905,3.5483416082474,NA,16.912680455,NA,997.886220144,NA,355.360068978,NA,NA,NA,1.91006634,1.35327633,NA,NA,162.11989908,21.79065914,NA,32.36335164,NA,NA,0.785863113,NA,NA,NA,NA,NA,0.214122976,NA,NA,NA,NA
"16",2020-05-08,33015,1765.43180242514,921,3.64358871338342,NA,19.087822985,NA,1112.7078426,NA,394.485819336,NA,NA,NA,1.982481732,1.320489036,NA,NA,178.06234005,23.26587224,NA,34.15505877,NA,0.0317748207,0.268872758727,0.01067839683,NA,NA,NA,NA,0.05274969988,NA,NA,NA,NA
"17",2020-05-09,33015,1813.63740833002,936,3.27720746438202,NA,16.837262128,NA,1179.75666414,NA,408.868833778,NA,NA,NA,1.4027398,0.963400248,NA,NA,158.06742644,20.1917769,NA,27.4082935,NA,NA,0.14101139602,NA,NA,NA,NA,NA,NA,NA,NA,NA,NA
"18",2020-05-10,33015,1726.99895688951,950,3.45411944017113,NA,15.596821548,NA,1104.68111214,NA,388.589853516,NA,NA,NA,2.167242252,1.617331235,NA,1.507279455,159.80895888,21.780161172,NA,30.54613992,0.224986476,0.03500244,0.432934912,0.01113294351,NA,NA,NA,NA,NA,NA,NA,NA,NA
"19",2020-05-11,33015,1697.047540428,966,3.33776700922031,NA,19.203340054,NA,1054.081045771,NA,382.313588937,NA,NA,NA,2.628212116,1.861733588,NA,NA,175.67825184,22.934552568,NA,37.62427456,NA,NA,0.722540994,NA,NA,NA,NA,NA,NA,NA,NA,NA,NA
"20",2020-05-12,33015,1610.350127845,982,3.2965627416272,NA,17.36231808,NA,988.626055248,NA,358.797486663,NA,NA,NA,2.061070696,1.305697292,NA,NA,182.32549495,24.248059608,NA,34.93939889,NA,NA,0.574989324,NA,NA,NA,NA,NA,0.109557094,NA,NA,NA,NA
"21",2020-05-13,33015,1792.72173146688,993,3.58633787892031,NA,19.736111124,NA,1101.59417597,NA,394.695957397,NA,NA,NA,2.28687289,1.061651804,NA,NA,206.78908528,25.9219975,NA,39.73354111,NA,NA,0.84938067,NA,NA,NA,NA,NA,0.05295772188,NA,NA,NA,NA
"22",2020-05-14,33015,1905.632398196,987,3.65945618252402,NA,21.284080275,NA,1179.1887195,NA,412.377419044,NA,NA,NA,2.696693048,1.524202134,NA,NA,217.3940849,26.92996821,NA,43.6513182,NA,NA,0.430025635,NA,NA,NA,NA,NA,0.15588725,NA,NA,NA,NA
"23",2020-05-15,33015,2035.64544778566,987,3.66064430121363,NA,21.450606996,NA,1259.3060204,NA,461.914374152,NA,NA,NA,1.94790495,1.476071259,NA,NA,218.50548972,26.46352738,NA,43.9407948,NA,0,0.431304045258,NA,NA,NA,NA,NA,0.2093540834,NA,NA,NA,NA
"24",2020-05-16,33015,2333.93031818755,1042,3.67002189579164,NA,20.21900832,NA,1445.419855,NA,559.468406596,NA,NA,NA,2.250607254,1.525796427,NA,1.11273786,230.33970809,30.28473432,NA,42.99268497,NA,NA,0.304232606553,NA,NA,NA,0.012546744,NA,0,NA,NA,NA,NA
"25",2020-05-17,33015,1901.929937651,1051,3.45449755666926,NA,19.427786819,NA,1227.28685828,NA,387.803636685,NA,NA,NA,3.429944237,3.243374816,NA,1.69036332,193.88175052,25.27690508,NA,38.92999864,NA,NA,0.802391048,0,NA,NA,NA,NA,0.156928206,NA,NA,NA,NA
"26",2020-05-18,33015,1938.03387266282,1060,3.58268817805354,NA,25.270713552,NA,1218.77496716,NA,387.580943626,NA,NA,NA,4.089381314,3.355083336,NA,NA,221.8668228,29.57850944,NA,47.03986976,NA,NA,0.466331675,0.01124999982,NA,NA,NA,NA,NA,NA,NA,NA,NA
"27",2020-05-19,33015,2118.22459340059,1085,3.65295864450137,NA,25.086317373,NA,1316.05320276,NA,447.275381684,NA,NA,NA,2.732239093,2.098487688,NA,NA,243.70533334,30.20009265,NA,50.57495457,NA,0.04083489,0.457749352588,0,NA,NA,NA,NA,0,NA,NA,NA,NA
"28",2020-05-20,33015,2223.44434619178,1106,3.70736935408007,NA,24.574997524,NA,1375.22491834,NA,470.013365538,NA,NA,NA,2.664731466,1.732409844,NA,NA,266.97687438,30.7348244,NA,51.22550895,NA,0.0406503891,0.153780294682,NA,NA,NA,NA,NA,0.102285066,NA,NA,NA,NA
"29",2020-05-21,33015,2406.3954684121,1117,3.76612189963091,NA,27.307621848,NA,1475.264824,NA,529.9234493,NA,NA,0,2.85777288,1.70103423,NA,NA,283.40362362,31.2040586,NA,52.92697872,NA,0.0812641491,1.569895977,NA,NA,NA,NA,NA,0.154945088,NA,NA,NA,NA
"30",2020-05-22,33015,2723.75349387,1137,3.8656425657524,NA,28.805142584,NA,1662.36130278,NA,638.277740946,NA,NA,NA,2.954198412,1.626097378,NA,NA,299.03569194,35.22234072,NA,54.29092444,NA,NA,1.12997476,NA,NA,NA,NA,NA,0.05007991,NA,NA,NA,NA
"31",2020-05-23,33015,2766.6702530764,1156,3.66746711549656,NA,25.930372209,NA,1747.60311486,NA,628.98995952,NA,NA,NA,2.42932866,1.663366348,NA,NA,281.21397504,32.98955205,NA,45.03791612,NA,NA,0.707640368,NA,NA,NA,0,NA,0.1050279014,NA,NA,NA,NA
"32",2020-05-24,33015,2446.801895537,1161,3.55870691451541,NA,24.732688535,NA,1547.83525486,NA,535.560887143,NA,NA,NA,2.880952415,2.245576572,NA,1.987107832,258.0893671,33.29045986,NA,40.17960122,NA,NA,0,NA,NA,NA,NA,NA,NA,NA,NA,NA,NA
"33",2020-05-25,33015,2087.40351400795,1168,3.43707950213186,NA,23.55487849,NA,1344.98921928,NA,421.600606,NA,NA,NA,3.619531685,4.248811114,NA,2.66147852,218.70030406,28.675246292,NA,38.7277478,NA,0.04125111991,0.35522101044,0.02386634,NA,NA,NA,NA,0.2053522966,NA,NA,NA,NA
"34",2020-05-26,33015,2301.3778262052,1178,3.71046737377354,NA,29.38078605,NA,1395.43168,NA,494.961634644,NA,NA,NA,4.297520752,3.969380526,NA,NA,284.81130876,34.67933943,NA,53.60950738,NA,0.122531409,NA,0.0125156402,NA,NA,NA,NA,0.101621614,NA,NA,NA,NA
"35",2020-05-27,33015,2559.36851651491,1192,3.7734537894665,NA,31.189544124,NA,1519.186947,NA,597.920218903,NA,NA,NA,3.239512806,2.339508204,NA,1.699057264,309.60086842,36.47115966,NA,57.05474199,NA,0.04093571391,0.522895688,NA,NA,NA,NA,NA,0.103126742,NA,NA,NA,NA
"36",2020-05-28,33015,2594.02606247832,1215,3.76183668356709,NA,30.766198286,NA,1557.03862144,NA,586.125140721,NA,NA,NA,3.331339236,2.224816588,NA,NA,321.92984135,36.18158844,NA,55.55892781,NA,0.04104646091,0.70613459982,NA,NA,NA,0.02219433459,NA,0.100213212,NA,NA,NA,NA
"37",2020-05-29,33015,2824.14849256958,1211,3.84388117438998,NA,32.234682116,NA,1715.83719264,NA,646.803758535,NA,NA,NA,2.595422918,1.726327974,NA,NA,331.9610976,35.6136928,NA,56.87477322,NA,NA,0.351064490581,NA,NA,NA,NA,NA,0.150480276,NA,NA,NA,NA
"38",2020-05-30,33015,3100.185776278,1211,3.75049417073673,NA,30.387841288,NA,1886.1632731,NA,761.194156056,NA,NA,NA,2.745363184,1.723068966,NA,NA,328.33350816,36.4453344,NA,52.07423418,NA,NA,1.118996944,NA,NA,NA,NA,NA,NA,NA,NA,NA,NA
"39",2020-05-31,33015,2661.69061278489,1231,3.63586024101092,NA,30.822973875,NA,1663.033862,NA,580.534214992,NA,NA,NA,4.40163954,3.938769623,NA,2.0360316,291.1045545,34.7146344,NA,50.66986752,NA,NA,0.382359564892,NA,NA,NA,NA,NA,0.05170517,NA,NA,NA,NA
"40",2020-06-01,33015,2579.183090385,1238,3.7392548485214,NA,32.910969357,NA,1561.45056831,NA,541.682805888,NA,NA,NA,4.28151054,3.765049344,NA,NA,335.15286738,39.9784606,NA,58.9098624,NA,0,0.737489082,NA,NA,NA,NA,NA,0.313507484,NA,NA,NA,NA
"41",2020-06-02,33015,2697.00716045449,1244,3.7720922289092,NA,33.335630096,NA,1621.8690048,NA,581.884169891,NA,NA,NA,3.33856719,2.315398848,NA,NA,354.2148288,40.11995784,NA,59.19649266,NA,NA,0.73311032949,NA,NA,NA,NA,NA,NA,NA,NA,NA,NA
"42",2020-06-03,33015,2773.31942031293,1260,3.80314448083271,NA,33.22718898,NA,1672.40266866,NA,598.185904302,NA,NA,NA,3.230383905,1.882353024,NA,NA,365.21027762,40.46524272,NA,57.94022,NA,0.04091507193,0.73426603,NA,NA,NA,NA,NA,0,NA,NA,NA,NA
"43",2020-06-04,33015,2978.02172336798,1271,3.84619273591458,NA,33.798630019,NA,1762.88001747,NA,675.598362648,NA,NA,NA,3.649060736,2.119680048,NA,NA,392.84519388,41.88503,NA,63.98390285,NA,0.08006890521,0.914419779,0.01357733677,NA,NA,NA,NA,0.253779696,NA,NA,NA,NA
"44",2020-06-05,33015,3299.66399391945,1271,3.91745582886933,NA,34.132361237,NA,1988.94147998,NA,773.674684272,NA,NA,NA,2.925576192,1.859363424,NA,NA,394.05520684,43.26391806,NA,60.5869871,NA,0.03965882607,0.18475798838,NA,NA,NA,NA,NA,NA,NA,NA,NA,NA
"45",2020-06-06,33015,3490.24914833193,1302,3.76683312529531,NA,36.426049205,NA,2087.3223114,NA,863.522110605,NA,NA,NA,3.292961225,1.687112352,NA,1.605518392,396.50821203,42.9948352,NA,56.21908512,NA,0.08140048293,0.58955232,NA,NA,NA,NA,NA,0,NA,NA,NA,NA
"46",2020-06-07,33015,2801.93634304814,1304,3.65411497878699,NA,37.679458336,NA,1731.08084442,NA,596.189729002,NA,NA,NA,4.624000272,4.077037104,NA,2.8013868,332.73448236,39.93280008,NA,52.6282152,NA,0.08382154914,NA,NA,NA,NA,NA,NA,0.104567925,NA,NA,NA,NA
"47",2020-06-08,33015,2830.40388571804,1310,3.83120188308298,NA,40.083130455,NA,1656.1976825,NA,610.409664697,NA,NA,NA,5.25000021,3.92559312,NA,NA,404.60065236,47.28879834,NA,62.15956824,NA,0.121834092,0.192797624971,NA,NA,0.07293872907,NA,NA,0.10122535,NA,NA,NA,NA
"48",2020-06-09,33015,3054.04560590996,1310,3.86559946216354,NA,39.0964188,NA,1811.28206715,NA,673.14318175,NA,NA,NA,4.213881,2.448648672,NA,NA,417.48472296,45.02958096,NA,60.3586368,NA,0.204126444,0.578267658965,0,NA,NA,NA,NA,0.206073715,NA,NA,NA,NA
"49",2020-06-10,33015,3091.065333941,1313,3.89526417929911,NA,40.249871716,NA,1845.92504742,NA,646.415501732,NA,NA,NA,4.22428125,2.29382475,NA,NA,438.63961806,47.6159655,NA,64.0941455,NA,0.163372821,1.34222532,NA,NA,0,NA,NA,0.101479872,NA,NA,NA,NA
"50",2020-06-11,33015,3022.742550399,1321,3.84496235120323,NA,37.83400698,NA,1768.29043146,NA,678.535734173,NA,NA,NA,3.756805776,2.154189205,NA,NA,425.56986556,42.61934224,NA,62.4143688,NA,0,1.363659517,NA,NA,NA,NA,NA,0.204146688,NA,NA,NA,NA
"51",2020-06-12,33015,3511.59254757452,1327,3.97837516227767,NA,38.031722852,NA,2011.17180173,NA,857.935529037,NA,NA,NA,3.91965444,1.8298756,NA,NA,485.25245087,47.17949892,NA,64.9587451,NA,0.07966105388,1.1833228787,NA,NA,NA,NA,NA,0.05028509294,NA,NA,NA,NA
"52",2020-04-22,33017,56.0295393948,118,3.20909113045951,NA,14.533743005,NA,NA,NA,NA,NA,NA,NA,1.423468004,2.43861123,NA,NA,4.7965627388,2.284311225,30.501230312,NA,NA,NA,0,NA,NA,NA,NA,NA,0.05161288,NA,NA,NA,NA
"53",2020-04-23,33017,90.648525542962,123,3.41613425494779,NA,15.283689152,NA,28.5650926086,NA,NA,NA,NA,NA,1.465285024,2.78925621,NA,NA,4.9522957731,2.271019195,35.24397525,NA,NA,NA,0.077912330262,NA,NA,NA,NA,NA,NA,NA,NA,NA,NA
"54",2020-04-24,33017,63.4626050838,126,3.47819845456931,NA,15.285966152,NA,NA,NA,NA,NA,NA,NA,1.62285135,2.68571421,NA,NA,5.0797435728,2.37325546,36.415074339,NA,NA,NA,NA,NA,NA,NA,NA,NA,NA,NA,NA,NA,NA
"55",2020-04-25,33017,108.6532380494,129,3.53536498830073,NA,17.101479984,NA,38.5841727396,NA,NA,NA,NA,NA,1.838804618,2.77984434,NA,NA,5.8909242738,2.819588862,39.638423232,NA,NA,NA,NA,NA,NA,NA,NA,NA,0,NA,NA,NA,NA
"56",2020-04-26,33017,52.88279705,132,1.85851556064015,NA,15.064405461,NA,NA,NA,NA,NA,NA,NA,1.556175293,2.84688993,NA,NA,NA,2.316546666,31.0987797,NA,NA,NA,NA,NA,NA,NA,NA,NA,NA,NA,NA,NA,NA
"57",2020-04-27,33017,61.8021330293,132,2.1745605658955,NA,14.469648165,NA,NA,NA,NA,NA,NA,NA,1.555987825,2.595857199,NA,NA,5.4050457803,2.692005632,35.083588428,NA,NA,NA,NA,NA,NA,NA,NA,NA,NA,NA,NA,NA,NA
"58",2020-04-28,33017,69.722323495,133,3.3587696298969,NA,16.384712033,NA,NA,NA,NA,NA,NA,NA,1.808315364,2.646180026,NA,NA,6.636560724,2.865758256,39.380797092,NA,NA,NA,0,NA,NA,NA,NA,NA,NA,NA,NA,NA,NA
"59",2020-04-30,33017,114.7038187874,134,3.19537085242044,NA,17.038043748,NA,37.7348943475,NA,NA,NA,NA,NA,2.016716086,2.781037404,NA,NA,7.3308863709,3.781223232,43.917072108,NA,NA,NA,0.103945491,NA,NA,NA,NA,NA,NA,NA,NA,NA,NA
"60",2020-05-01,33017,85.1433884731,138,3.55561357513316,NA,17.659030875,NA,NA,NA,NA,NA,NA,NA,1.946397395,2.947687616,NA,NA,7.8503849091,3.817131864,50.922755814,NA,NA,NA,NA,NA,NA,NA,NA,NA,0,NA,NA,NA,NA
"61",2020-05-02,33017,149.0748813544,142,3.54306769280164,NA,19.220715381,NA,54.1283234778,NA,NA,NA,NA,NA,2.365529412,3.026744832,NA,NA,8.6262975916,4.508670348,57.198600312,NA,NA,NA,NA,NA,NA,NA,NA,NA,NA,NA,NA,NA,NA
"62",2020-05-03,33017,79.535614636,148,3.40916492115202,NA,18.82680592,NA,NA,NA,NA,NA,NA,NA,2.466637758,3.6015936,NA,NA,NA,4.101375744,50.539201614,NA,NA,NA,NA,NA,NA,NA,NA,NA,NA,NA,NA,NA,NA
"63",2020-05-04,33017,98.80124827,151,3.55628870157486,NA,21.195220672,NA,NA,NA,NA,NA,NA,NA,2.8826934,4.196841,NA,NA,7.999066842,4.48217552,58.045250836,NA,NA,0,NA,NA,NA,NA,NA,NA,NA,NA,NA,NA,NA
"64",2020-05-05,33017,101.92837407535,156,3.56190574539117,NA,22.01116878,NA,NA,NA,NA,NA,NA,NA,2.11026116,3.89173554,NA,NA,9.540599065,4.681239682,59.632763784,NA,NA,0.06060606435,NA,NA,NA,NA,NA,NA,NA,NA,NA,NA,NA
"65",2020-05-06,33017,150.66713740415,161,3.57934313108138,NA,20.556944256,NA,47.5882999776,NA,NA,NA,NA,NA,2.19472467,3.71034486,NA,NA,9.9232549119,4.64768514,62.015943483,NA,NA,0.02994010565,NA,NA,NA,NA,NA,NA,0,NA,NA,NA,NA
"66",2020-05-07,33017,158.91147900766,164,3.61156306554095,NA,23.343159355,NA,50.2058081184,NA,NA,NA,NA,NA,2.435871144,3.5470085,NA,NA,10.4718596592,5.174964478,63.67927701,NA,NA,NA,0,NA,NA,NA,NA,NA,0.05353074306,NA,NA,NA,NA
"67",2020-05-08,33017,184.0316995415,167,3.72060589994632,NA,25.55430968,NA,63.583299352,NA,NA,NA,NA,NA,2.636496198,3.76139304,NA,NA,13.1576450565,5.339285744,69.999270471,NA,NA,0,NA,NA,NA,NA,NA,NA,0,NA,NA,NA,NA
"68",2020-05-09,33017,144.47328394468,175,3.35442543222181,NA,24.360889464,NA,51.2937632654,NA,NA,NA,NA,NA,2.389041116,3.400236108,NA,NA,NA,4.95590604,58.039771608,NA,NA,0.03367634328,NA,NA,NA,NA,NA,NA,NA,NA,NA,NA,NA
"69",2020-05-10,33017,145.445896403096,184,3.53580794917143,NA,22.688755628,NA,52.030672437,NA,NA,NA,NA,NA,2.530340492,4.12845075,NA,NA,NA,5.098087302,58.68096515,NA,NA,NA,0.288624644096,NA,NA,NA,NA,NA,NA,NA,NA,NA,NA
"70",2020-05-11,33017,114.314475482,188,3.55141522770124,NA,24.018506192,NA,NA,NA,NA,NA,NA,NA,2.816839808,4.06765309,NA,NA,10.79926848,6.008043852,66.60416406,NA,NA,NA,NA,NA,NA,NA,NA,NA,NA,NA,NA,NA,NA
"71",2020-05-12,33017,115.615335771427,191,3.50589306488456,NA,23.594202112,NA,NA,NA,NA,NA,NA,NA,2.288673648,3.649659946,NA,NA,12.7258635126,6.472114368,66.686296264,NA,NA,NA,0.143747326827,NA,NA,NA,NA,NA,0.054778594,NA,NA,NA,NA
"72",2020-05-13,33017,176.3294143226,193,3.63965249573065,NA,24.684522876,NA,56.3404724732,NA,NA,NA,NA,NA,2.799037107,3.514928294,NA,NA,13.9868547824,6.09756125,68.90603754,NA,NA,NA,NA,NA,NA,NA,NA,NA,NA,NA,NA,NA,NA
"73",2020-05-14,33017,190.199119089729,204,3.73281608440924,NA,26.555236957,NA,60.290532395,NA,NA,NA,NA,NA,2.926456057,4.27895286,NA,NA,15.363538167,6.580956701,74.060102655,NA,NA,NA,0.143343297729,NA,NA,NA,NA,NA,NA,NA,NA,NA,NA
"74",2020-05-15,33017,202.7766293816,210,3.70839396713313,NA,29.0347239,NA,69.566181256,NA,NA,NA,NA,NA,2.81993205,3.574288458,NA,NA,15.9595836546,6.539356714,75.282563349,NA,NA,NA,NA,NA,NA,NA,NA,NA,NA,NA,NA,NA,NA
"75",2020-05-16,33017,236.35055705694,219,3.75177033594646,NA,30.256198,NA,89.249075988,NA,NA,NA,NA,NA,3.128137683,3.872286451,NA,NA,19.748085334,7.869743888,82.174836494,NA,NA,NA,NA,NA,NA,NA,NA,NA,0.05219321894,NA,NA,NA,NA
"76",2020-05-17,33017,118.17833386,221,3.48648017233049,NA,27.056823976,NA,NA,NA,NA,NA,NA,NA,3.599743782,4.55680808,NA,NA,12.369831701,5.282224792,65.312901529,NA,NA,NA,NA,NA,NA,NA,NA,NA,NA,NA,NA,NA,NA
"77",2020-05-18,33017,133.615635052,223,3.69361971561677,NA,29.373946896,NA,NA,NA,NA,NA,NA,NA,3.657499419,5.1411228,NA,NA,13.488396381,6.276180496,75.67848906,NA,NA,NA,NA,NA,NA,NA,NA,NA,NA,NA,NA,NA,NA
"78",2020-05-19,33017,211.8856208229,229,3.74252228795826,NA,30.33999644,NA,67.0053239259,NA,NA,NA,NA,NA,3.058476565,5.1694456,NA,NA,17.186055048,7.131892404,81.99443084,NA,NA,NA,NA,NA,NA,NA,NA,NA,NA,NA,NA,NA,NA
"79",2020-05-20,33017,229.6302450457,231,3.76708850575872,NA,33.69527392,NA,73.6119697677,NA,NA,NA,NA,NA,3.330914346,4.98869844,NA,NA,19.331544186,7.9552718,86.716572586,NA,NA,NA,NA,NA,NA,NA,NA,NA,NA,NA,NA,NA,NA
"80",2020-05-21,33017,238.6093735248,231,3.84338320973074,NA,33.17988336,NA,78.8889127928,NA,NA,NA,NA,NA,3.024476226,4.367909668,NA,NA,20.528596284,7.904602706,90.714992488,NA,NA,0,NA,NA,NA,NA,NA,NA,NA,NA,NA,NA,NA
"81",2020-05-22,33017,280.5168684061,236,3.9125161289582,NA,36.7351776,NA,107.6288552711,NA,NA,NA,NA,NA,3.2780808,3.87425846,NA,NA,22.974582903,8.554891968,97.471021404,NA,NA,NA,NA,NA,NA,NA,NA,NA,NA,NA,NA,NA,NA
"82",2020-05-23,33017,249.7039228406,241,3.71013947502167,NA,36.20847335,NA,87.8215932786,NA,NA,NA,NA,NA,3.216431075,3.76237634,NA,NA,19.916004528,7.929850461,90.849193808,NA,NA,NA,NA,NA,NA,NA,NA,NA,NA,NA,NA,NA,NA
"83",2020-05-24,33017,214.8178387174,242,3.60935344865087,NA,33.056515945,NA,77.4389850862,NA,NA,NA,NA,NA,2.95855384,3.461521942,NA,NA,18.0599544952,6.88146947,72.960837939,NA,NA,NA,NA,NA,NA,NA,NA,NA,NA,NA,NA,NA,NA
"84",2020-05-25,33017,106.9520726,245,3.4782935640561,NA,31.406504767,NA,NA,NA,NA,NA,NA,NA,2.901957025,4.8245306,NA,NA,NA,5.785043264,62.034036944,NA,NA,NA,NA,NA,NA,NA,NA,NA,0,NA,NA,NA,NA
"85",2020-05-26,33017,158.5797530894,247,3.77001351928321,NA,36.60496,NA,NA,NA,NA,NA,NA,NA,3.8347106,5.29784254,NA,NA,18.1968475524,8.013982041,86.478977888,NA,NA,NA,NA,NA,NA,NA,NA,NA,0.152432468,NA,NA,NA,NA
"86",2020-05-27,33017,238.8129716032,249,3.81242997607816,NA,39.11719812,NA,71.5527396,NA,NA,NA,NA,NA,3.36806502,4.8494442,NA,NA,19.5105025112,8.238860112,92.17616204,NA,NA,NA,NA,NA,NA,NA,NA,NA,NA,NA,NA,NA,NA
"87",2020-05-28,33017,250.39073756966,251,3.81149571011868,NA,38.66260904,NA,76.2776005116,NA,NA,NA,NA,NA,3.764151009,5.20146748,NA,NA,22.987421661,9.334850568,94.112530695,NA,NA,NA,0,NA,NA,NA,NA,NA,0.05010660506,NA,NA,NA,NA
"88",2020-05-29,33017,287.351703850762,254,3.86028250032849,NA,40.70404156,NA,106.7435907296,NA,NA,NA,NA,NA,3.460564084,4.76732086,NA,NA,26.169043776,9.10398976,95.876561767,NA,NA,NA,0.526591314162,NA,NA,NA,NA,NA,NA,NA,NA,NA,NA
"89",2020-05-30,33017,280.166925813,254,3.75315571725249,NA,41.15775685,NA,105.59250543,NA,NA,NA,NA,NA,3.619397142,4.301730848,NA,NA,22.288958496,8.64864896,94.557928087,NA,NA,NA,NA,NA,NA,NA,NA,NA,NA,NA,NA,NA,NA
"90",2020-05-31,33017,135.842848434,256,3.64451458289459,NA,39.8772225,NA,NA,NA,NA,NA,NA,NA,3.92213124,5.38431154,NA,NA,NA,7.118022136,79.541161018,NA,NA,NA,NA,NA,NA,NA,NA,NA,NA,NA,NA,NA,NA
"91",2020-06-01,33017,255.0874785675,256,3.81046672538608,NA,39.73545393,NA,82.0538348747,NA,NA,NA,NA,NA,4.16380584,6.21670896,NA,NA,20.3440011278,8.5967001,93.608229194,NA,NA,NA,0.368744541,NA,NA,NA,NA,NA,NA,NA,NA,NA,NA
"92",2020-06-02,33017,264.3947429186,258,3.83561316311624,NA,40.51065368,NA,87.7333787136,NA,NA,NA,NA,NA,3.709519191,5.5569576,NA,NA,23.691366566,8.690105768,94.5027614,NA,NA,NA,NA,NA,NA,NA,NA,NA,NA,NA,NA,NA,NA
"93",2020-06-03,33017,270.4894548448,260,3.84262273777505,NA,41.29203864,NA,91.1184265476,NA,NA,NA,NA,NA,3.786310584,5.2021392,NA,NA,23.0053707532,9.05882376,97.02634536,NA,NA,NA,NA,NA,NA,NA,NA,NA,NA,NA,NA,NA,NA
"94",2020-06-04,33017,286.417468158,265,3.91061334409845,NA,42.10474898,NA,96.583559379,NA,NA,NA,NA,NA,4.08751392,5.02272,NA,NA,25.213665896,11.243803912,102.161456071,NA,NA,NA,NA,NA,NA,NA,NA,NA,NA,NA,NA,NA,NA
"95",2020-06-05,33017,310.49680444,265,3.93989107036167,NA,44.85042392,NA,117.189581728,NA,NA,NA,NA,NA,3.9773328,4.287194592,NA,NA,24.52908466,10.149679155,105.513507585,NA,NA,NA,NA,NA,NA,NA,NA,NA,NA,NA,NA,NA,NA
"96",2020-06-06,33017,289.9271262702,264,3.76990972850575,NA,42.55175059,NA,101.1413279892,NA,NA,NA,NA,NA,3.634017824,3.837353472,NA,NA,25.741008343,9.157744154,103.863923898,NA,NA,NA,NA,NA,NA,NA,NA,NA,NA,NA,NA,NA,NA
"97",2020-06-07,33017,144.612866462,264,3.67036573569929,NA,39.714071072,NA,NA,NA,NA,NA,NA,NA,3.937523748,4.55111112,NA,NA,NA,7.970211234,88.439949288,NA,NA,NA,NA,NA,NA,NA,NA,NA,NA,NA,NA,NA,NA
"98",2020-06-08,33017,183.869727736,264,3.86379708899315,NA,43.76553027,NA,NA,NA,NA,NA,NA,NA,4.89678889,5.88069264,NA,NA,21.141523188,8.605343628,99.57984912,NA,NA,NA,NA,NA,NA,NA,NA,NA,NA,NA,NA,NA,NA
"99",2020-06-09,33017,190.273722478,264,3.88510643812708,NA,45.49866984,NA,NA,NA,NA,NA,NA,NA,4.742682,5.7405408,NA,NA,22.079739884,8.941183524,103.27090643,NA,NA,NA,NA,NA,NA,NA,NA,NA,NA,NA,NA,NA,NA
"100",2020-06-10,33017,284.233890413,265,3.91107812067695,NA,45.84725785,NA,88.135655792,NA,NA,NA,NA,NA,4.45711553,5.36852624,NA,NA,24.461853255,10.15863036,105.804851386,NA,NA,NA,NA,NA,NA,NA,NA,NA,NA,NA,NA,NA,NA
"101",2020-06-11,33017,289.1738866481,265,3.87273489187803,NA,43.9979778,NA,92.9110243474,NA,NA,NA,NA,NA,3.969147096,5.13571205,NA,NA,25.4536771477,9.419795728,108.245824535,NA,NA,0.040727944,NA,NA,NA,NA,NA,NA,NA,NA,NA,NA,NA
"102",2020-06-12,33017,334.6694768926,265,3.99548327366632,NA,44.30695738,NA,123.8593430466,NA,NA,NA,NA,NA,4.744133568,4.317549544,NA,NA,31.99466768,10.385169012,115.061656662,NA,NA,NA,NA,NA,NA,NA,NA,NA,NA,NA,NA,NA,NA
"103",2020-05-22,33001,360.241359260476,54,3.97948542427549,NA,NA,NA,83.24419477,NA,137.7845697429,NA,NA,NA,NA,5.5330962,NA,5.385177461,46.132227714,41.64634656,27.417098391,12.414083564,NA,0.0393873309,0.484275613896,0.01066217338,NA,NA,NA,NA,0.1502397394,NA,NA,NA,NA
"104",2020-05-23,33001,319.07450682211,55,3.80720049130642,NA,NA,NA,78.528299688,NA,101.057727888,NA,NA,NA,NA,5.12871296,NA,5.759562736,47.99757168,43.32238807,24.214667264,12.909419014,NA,0.03999996091,NA,0.0111296598,NA,NA,NA,NA,0.1050279014,NA,NA,NA,NA
"105",2020-05-30,33001,314.779178172,58,3.84354645280379,NA,NA,NA,70.697132441,NA,106.863113456,NA,NA,NA,NA,4.99095814,NA,7.022408302,47.256876768,45.093984,19.928214789,12.926490276,NA,NA,NA,NA,NA,NA,NA,NA,NA,NA,NA,NA,NA
"106",2020-04-22,33011,553.973159095122,679,3.12664367779064,NA,NA,NA,112.259557488,NA,352.29061242,NA,NA,NA,1.300357296,NA,2.864150982,1.020052305,NA,20.0236197,61.14714942,2.595109218,0.21866666,NA,0.150657758122,NA,NA,NA,NA,NA,0.103225848,NA,NA,NA,NA
"107",2020-04-23,33011,593.8256799265,719,3.26427069749713,NA,NA,NA,112.31275324,NA,383.339107008,NA,NA,NA,1.421761628,NA,3.23877078,1.051651172,NA,21.95766393,67.195766,2.978770335,0.23195876,0,NA,NA,NA,NA,NA,NA,0.0974770735,NA,NA,NA,NA
"108",2020-04-24,33011,668.86612173401,751,3.27025307496881,NA,NA,NA,140.925736468,NA,427.962224085,NA,NA,NA,1.25884731,NA,3.216911705,0.968546625,NA,22.79971485,68.60854791,2.673740034,0.332649933,0.02261188251,0,NA,NA,NA,NA,NA,0.0965909315,NA,NA,NA,NA
"109",2020-04-25,33011,758.616209307,778,3.45055283192411,NA,NA,NA,133.040224116,NA,519.432667776,NA,NA,NA,1.389630986,NA,3.489795864,1.05290152,NA,25.31533539,71.23741424,2.855210664,0.391111116,NA,0.266535675,NA,NA,NA,NA,NA,0.14538196,NA,NA,NA,NA
"110",2020-04-26,33011,576.847607821747,822,1.40183897166943,NA,NA,NA,108.422713368,NA,380.981095786,NA,NA,NA,1.383266872,0.63397128,2.857557096,1.338235248,NA,19.95923412,60.822823962,NA,0.348219333,NA,0.100490756747,NA,NA,NA,NA,NA,NA,NA,NA,NA,NA
"111",2020-04-27,33011,616.420232127652,857,2.04153265331187,NA,NA,NA,124.755918496,NA,391.127780193,NA,NA,NA,1.74076133,NA,2.905323288,1.156286736,NA,22.89826432,68.98041546,2.373626244,0.240963866,NA,0.190687890372,NA,0,NA,NA,NA,0.05020430428,NA,NA,NA,NA
"112",2020-04-28,33011,740.11269510517,894,3.33409004372462,NA,NA,NA,154.120864995,NA,466.746090234,NA,NA,NA,1.5512959,NA,3.62886608,NA,NA,27.75443184,82.28608362,3.197627762,0.33596629,0.05181346445,0.3912315,NA,NA,NA,NA,NA,0.04842341972,NA,NA,NA,NA
"113",2020-04-30,33011,806.547876286,933,3.03373186062778,NA,NA,NA,173.882413775,NA,503.22318585,NA,NA,NA,1.595039144,0.487670114,3.524827484,1.21151655,NA,33.96728124,84.67886284,3.567602198,0.257583821,0.05200943,NA,NA,NA,NA,NA,NA,0.09988384,NA,NA,NA,NA
"114",2020-05-01,33011,885.034423729215,981,3.45650826342222,NA,NA,NA,188.307701064,NA,557.427200526,NA,NA,NA,1.734230811,NA,3.71271438,NA,NA,36.7774225,93.55203277,3.127539954,0.286956516,NA,0.108625208215,NA,NA,NA,NA,NA,NA,NA,NA,NA,NA
"115",2020-05-02,33011,1020.070929867,1027,3.50069342051071,NA,NA,NA,199.319587368,NA,672.862214875,NA,NA,NA,1.81834294,0.500978464,3.89900292,1.505485881,NA,36.54169974,102.79659348,NA,0.428143727,NA,0.346338076,NA,NA,NA,NA,NA,0.052542396,NA,NA,NA,NA
"116",2020-05-03,33011,890.241977844888,1078,3.32403153448144,NA,NA,NA,172.44621194,NA,565.600708634,NA,NA,NA,2.890458597,0.934926912,3.509747564,2.18661199,NA,36.93555456,102.16429668,2.997174196,0.455288713,NA,0.120998058888,NA,NA,NA,NA,NA,NA,NA,NA,NA,NA
"117",2020-05-04,33011,988.14147435088,1126,3.4038686893521,NA,NA,NA,210.841704864,NA,602.22687804,NA,NA,NA,3.49289836,NA,4.1091528,2.294754462,NA,42.7124959,117.3969868,4.353710369,0.412500011,NA,0.244672551,NA,NA,NA,NA,NA,0.05572019388,NA,NA,NA,NA
"118",2020-05-05,33011,1010.980977005,1150,3.46711379113034,NA,NA,NA,218.8475909,NA,625.186047192,NA,NA,NA,2.05750464,NA,4.0880775,1.492045704,NA,42.17991855,112.22228416,4.055802192,0.316919856,0,0.368708615,NA,NA,NA,NA,NA,0.166077696,NA,NA,NA,NA
"119",2020-05-06,33011,1056.49266467818,1221,3.4802239816997,NA,NA,NA,230.731135398,NA,647.037332227,NA,NA,NA,2.205327188,0.71724139,3.9585975,1.421824104,NA,44.6680227,121.30853264,3.994910066,0.335620056,0.0598802113,0,NA,NA,NA,NA,NA,0.05424119788,NA,NA,NA,NA
"120",2020-05-07,33011,1073.98472411919,1268,3.5090530910772,NA,NA,NA,224.277037248,NA,668.608238703,NA,NA,NA,2.328564084,NA,3.765786882,1.428725682,NA,45.99122792,122.42667145,4.46922468,0.397409324,0.02988505,0.261953096187,NA,NA,NA,NA,NA,NA,NA,NA,NA,NA
"121",2020-05-08,33011,1196.7508373627,1335,3.60135149581612,NA,NA,NA,277.89642659,NA,728.812607922,NA,NA,NA,2.237956182,NA,4.33806486,1.709323605,NA,49.00793677,127.30636704,4.636777378,0.370295029,0.0317748207,0.403307166,NA,NA,NA,NA,NA,NA,NA,NA,NA,NA
"122",2020-05-09,33011,1177.71332149128,1364,3.29957081729563,NA,NA,NA,238.973297076,NA,770.244663216,NA,NA,NA,1.99452044,NA,4.18614592,NA,NA,46.2740022,115.2102276,NA,0.373758476,0.03367634328,0.42303022,NA,NA,NA,NA,NA,NA,NA,NA,NA,NA
"123",2020-05-10,33011,1083.7389737671,1398,3.38135802402661,NA,NA,NA,222.877678456,NA,691.88811821,NA,NA,NA,2.428219066,0.794478541,3.958333233,1.601484445,NA,43.19212821,112.624666,3.557930904,0.527312058,NA,0.288624644096,NA,NA,NA,NA,NA,NA,NA,NA,NA,NA
"124",2020-05-11,33011,1168.96882976895,1456,3.34541171676932,NA,NA,NA,263.621807657,NA,706.635737919,NA,NA,NA,2.766539176,NA,4.042049534,2.018549721,NA,50.20182822,134.11343148,4.915429576,0.454893413,NA,0.144509028126,NA,NA,NA,NA,NA,0.05405404482,NA,NA,NA,NA
"125",2020-05-12,33011,1094.24807777,1511,3.38562791729545,NA,NA,NA,248.07152266,NA,656.727545089,NA,NA,NA,2.301318199,NA,4.46497044,NA,NA,49.48035882,127.52479824,4.636071184,0.35694672,NA,0.574989324,NA,NA,NA,NA,NA,0.109557094,NA,NA,NA,NA
"126",2020-05-13,33011,1186.215450416,1552,3.54872582046161,NA,NA,NA,261.21492103,NA,723.666878522,NA,NA,NA,2.358337565,NA,4.57723304,1.471467369,NA,53.1990125,133.78912425,5.399227303,0.433333303,0,NA,NA,NA,NA,NA,NA,0.105915534,NA,NA,NA,NA
"127",2020-05-14,33011,1216.11617663273,1570,3.60440312097526,NA,NA,NA,269.741385925,NA,729.564730936,NA,NA,NA,3.277147146,NA,4.67933052,2.012428784,NA,55.8226761,144.10882017,6.20116242,0.461226532,NA,0.143343297729,NA,NA,NA,NA,NA,0.103924802,NA,NA,NA,NA
"128",2020-05-15,33011,1308.53049726574,1626,3.6228242121404,NA,NA,NA,303.9567843,NA,795.081730784,NA,NA,NA,2.61608155,NA,5.00468625,NA,NA,55.15321392,140.23030497,5.73140799,0.46875,NA,0.287537501742,NA,NA,NA,NA,NA,NA,NA,NA,NA,NA
"129",2020-05-16,33011,1489.88988091855,1669,3.64354207350722,NA,NA,NA,327.108232272,NA,940.890233198,NA,NA,NA,2.343522369,0.878488878,5.3977968,1.59590052,NA,56.83363976,147.25394994,6.471328236,0.655976685,NA,0.304232606553,NA,NA,NA,NA,NA,0.156579654,NA,NA,NA,NA
"130",2020-05-17,33011,1182.487784452,1693,3.32399768982679,NA,NA,NA,227.25921961,NA,755.050936365,NA,NA,NA,3.905382274,1.501066116,4.5,2.25908364,NA,51.8176526,129.72957542,5.983999762,0.480868665,0,NA,NA,NA,NA,NA,NA,NA,NA,NA,NA,NA
"131",2020-05-18,33011,1316.199068489,1710,3.52721348163567,NA,NA,NA,289.938313724,NA,796.091975743,NA,NA,NA,3.96791443,1.418816344,4.76456546,2.226043659,NA,61.6996776,148.9067436,6.616596874,0.568421055,NA,0,NA,NA,NA,NA,NA,NA,NA,NA,NA,NA
"132",2020-05-19,33011,1360.093106491,1766,3.61095098350804,NA,NA,NA,302.382982998,NA,826.42273144,NA,NA,NA,2.786612005,NA,4.453985832,1.718169916,NA,58.53832257,155.87892285,6.710363871,0.485893395,NA,0.610327876,NA,NA,NA,NA,NA,0.104793738,NA,NA,NA,NA
"133",2020-05-20,33011,1442.28455368108,1878,3.66628719945018,NA,NA,NA,329.339114286,NA,863.58983979,NA,NA,NA,2.860667658,NA,5.33355201,1.958715549,NA,66.1022348,165.43284772,6.654463662,0.4498449,0,0.307560584682,NA,NA,NA,NA,NA,0.2557127214,NA,NA,NA,NA
"134",2020-05-21,33011,1499.61619279579,1882,3.70840592418919,NA,NA,NA,329.899082744,NA,918.874836432,NA,NA,NA,2.917309878,NA,5.46466272,1.85669705,NA,66.45603536,166.59266398,6.262352481,0.5076018,NA,0.78495035079,NA,NA,NA,NA,NA,NA,NA,NA,NA,NA
"135",2020-05-22,33011,1669.41920434748,1923,3.79703752280014,NA,NA,NA,380.484806248,NA,1020.350618958,NA,NA,NA,2.777535522,0.92763945,6.12317769,1.902296428,NA,71.41611624,176.9158356,6.45532334,0.77445651,NA,1.29139836148,NA,NA,NA,NA,NA,NA,NA,NA,NA,NA
"136",2020-05-23,33011,1745.55196321682,1968,3.65658204488641,NA,NA,NA,372.660939258,NA,1117.9248912,NA,NA,NA,3.206713675,NA,5.33343342,2.1437578,NA,67.66119139,169.79725664,5.656936365,0.760511872,NA,0.353817648,NA,NA,NA,NA,NA,0.05251394882,NA,NA,NA,NA
"137",2020-05-24,33011,1462.61478705109,2014,3.54538532214131,NA,NA,NA,297.006819776,NA,934.976828648,NA,NA,NA,3.637566185,0.980601182,5.7138575,2.849162124,NA,62.40159364,148.59245421,5.645067934,0.769733792,0.04110206009,NA,NA,NA,NA,NA,NA,NA,NA,NA,NA,NA
"138",2020-05-25,33011,1287.13831086391,2051,3.45693205775198,NA,NA,NA,255.027597384,NA,812.48580504,NA,NA,NA,5.50844195,2.199249006,5.1021945,4.217898832,NA,60.60011496,135.08403552,6.24155924,0.630163312,0.04125111991,0,NA,NA,NA,NA,NA,0,NA,NA,NA,NA
"139",2020-05-26,33011,1506.425523925,2068,3.6744108912364,NA,NA,NA,336.9359232,NA,898.221109636,NA,NA,NA,5.342148728,2.512874108,5.77400408,3.168277624,NA,72.59302288,172.54017572,7.850764337,0.629349472,0.08168760327,0.522132454727,NA,NA,NA,NA,NA,0.254054082,NA,NA,NA,NA
"140",2020-05-27,33011,1603.33720344413,2102,3.73017930166817,NA,NA,NA,380.0148693,NA,947.403477173,NA,NA,NA,3.535182693,NA,6.6256736,2.316896353,NA,74.36281136,180.7663828,7.150464027,0.524722512,0.08187133682,0.348598899306,NA,NA,NA,NA,NA,0.20625339,NA,NA,NA,NA
"141",2020-05-28,33011,1602.65722461324,2173,3.68528375664411,NA,NA,NA,368.527235116,NA,953.64353643,NA,NA,NA,3.659227119,NA,6.83703445,2.218473285,NA,73.6657176,185.2240284,7.878590808,0.55009824,NA,0.353069953236,NA,NA,NA,NA,NA,0.100213212,NA,NA,NA,NA
"142",2020-05-29,33011,1735.60142657949,2208,3.76686696639449,NA,NA,NA,400.067937344,NA,1055.211967692,NA,NA,NA,3.23539022,NA,6.45749005,NA,NA,75.5875296,186.14027901,8.104475282,0.580912902,0.03991223691,0.175532242581,NA,NA,NA,NA,NA,NA,NA,NA,NA,NA
"143",2020-05-30,33011,2014.66375002879,2208,3.70330113219888,NA,NA,NA,434.15287295,NA,1163.57480596,NA,148.925928756,NA,3.507341432,0.926892318,5.81327065,2.197600687,NA,75.1329088,179.70049587,NA,0.599429124,0.08078115591,NA,NA,NA,NA,NA,NA,0.05142232588,NA,NA,NA,NA
"144",2020-05-31,33011,1570.34367162489,2325,3.55119320946946,NA,NA,NA,341.7193206,NA,968.553064248,NA,NA,NA,5.22540984,2.042324981,6.025998,3.387216225,NA,72.47441424,163.83287906,5.877551104,0.771428592,NA,0.382359564892,NA,NA,NA,NA,NA,0.05170517,NA,NA,NA,NA
"145",2020-06-01,33011,1588.560957287,2347,3.67898756845352,NA,NA,NA,352.491631739,NA,942.86794662,NA,NA,NA,5.04659148,NA,6.43714555,2.5874907,NA,79.9569212,189.83748266,7.872746496,0.621009234,0,0.737489082,NA,NA,NA,NA,NA,0.104502526,NA,NA,NA,NA
"146",2020-06-02,33011,1690.23407527965,2380,3.71480007309715,NA,NA,NA,394.560502272,NA,1005.740811772,NA,NA,NA,3.585868461,NA,6.22953595,2.179904775,NA,80.73758717,187.59411772,8.891173296,0.531297702,NA,0.183276161649,NA,NA,NA,NA,NA,NA,NA,NA,NA,NA
"147",2020-06-03,33011,1752.585771344,2399,3.74455377647702,NA,NA,NA,397.219363452,NA,1063.306769301,NA,NA,NA,3.771285525,NA,6.2385917,NA,NA,81.4919784,192.0389436,7.5022194,0.649489806,NA,0.36713016,NA,NA,NA,NA,NA,0,NA,NA,NA,NA
"148",2020-06-04,33011,1777.727899037,2452,3.77193593331173,NA,NA,NA,407.030713527,NA,1069.329841692,NA,NA,NA,3.691491584,NA,6.45347065,2.06727405,NA,82.20635335,197.8600017,7.617131645,0.638577707,0,0.731531216,NA,NA,NA,NA,NA,0.101511916,NA,NA,NA,NA
"149",2020-06-05,33011,2097.56144823121,2452,3.82216259018902,NA,NA,NA,452.820521166,NA,1187.30253656,NA,154.193207385,NA,3.445409984,NA,6.1293694,NA,NA,85.0309416,200.19920094,7.29657519,0.681692735,0.07931765121,0.36951019,0.01316543,NA,NA,NA,NA,NA,NA,NA,NA,NA
"150",2020-06-06,33011,2229.15783783003,2537,3.72658387727941,NA,NA,NA,441.69929088,NA,1308.085894065,NA,175.379121708,NA,3.387045841,0.893177136,6.07622015,2.26083204,NA,85.44641046,198.59498442,6.43902468,0.763470274,0.08140048293,NA,NA,NA,NA,NA,NA,0.0509656931,NA,NA,NA,NA
"151",2020-06-07,33011,1723.35229983214,2556,3.61209654994217,NA,NA,NA,377.634524418,NA,1072.777734966,NA,NA,NA,5.543619284,1.82518512,5.5,3.42205305,NA,75.2469657,173.15543464,7.06654872,0.93956045,0.08382154914,NA,NA,NA,NA,NA,NA,0.156851935,NA,NA,NA,NA
"152",2020-06-08,33011,1799.60084781134,2578,3.76295657505477,NA,NA,NA,404.39193941,NA,1068.426240415,NA,NA,NA,6.14908259,NA,6.55996128,3.54861615,NA,85.56634191,215.0033963,8.433113568,0.8915237,0.1624454343,0.192797624971,NA,NA,0.07293872907,NA,NA,0.2024507,NA,NA,NA,NA
"153",2020-06-09,33011,1827.71141656585,2578,3.78712835724812,NA,NA,NA,411.94344186,NA,1092.457912,NA,NA,NA,4.34608111,NA,6.55172421,2.3488317,NA,87.26756472,213.8956603,7.574416872,0.655172402,0.04082532693,0.578267658965,0,NA,0,NA,NA,0.05151840595,NA,NA,NA,NA
"154",2020-06-10,33011,1932.0806238826,2646,3.7923117571845,NA,NA,NA,456.926718006,NA,1140.855028456,NA,NA,NA,4.30743649,NA,6.69811332,2.205882375,NA,91.8457238,219.1307716,7.78114147,0.784623196,NA,1.34222532,NA,NA,NA,NA,NA,0.2029598496,NA,NA,NA,NA
"155",2020-06-11,33011,1862.2297120226,2659,3.75860323018166,NA,NA,NA,440.706292642,NA,1097.948855696,NA,NA,NA,4.018148928,NA,6.74418606,2.2247271,NA,90.01137952,210.28400587,8.072900905,0.74089068,0.040727944,1.168851883,0.013561329,NA,0,NA,NA,0.2551834656,NA,NA,NA,NA
"156",2020-06-12,33011,1986.97074495064,2683,3.89410156291566,NA,NA,NA,464.11656963,NA,1188.871360971,NA,NA,NA,3.51417312,NA,7.24551602,1.8500949,NA,91.27589904,220.60057289,7.3893872,0.873563208,NA,1.1833228787,NA,NA,NA,NA,NA,0.05028509294,NA,NA,NA,NA
"157",2020-04-22,33005,47.96583425183,33,3.41881036648883,NA,NA,NA,NA,5.729134565,NA,NA,19.0567972233,NA,NA,NA,NA,NA,9.557330363,NA,NA,NA,0.46399999,0.02560387653,NA,NA,NA,NA,NA,NA,0,NA,NA,12.27625035,0.856717884
"158",2020-04-23,33005,53.521949912762,35,3.45481430009867,NA,NA,NA,NA,6.80495034,NA,NA,22.03724185,NA,NA,NA,NA,NA,9.574439113,0.68533709,NA,NA,0.48969071,NA,0.077912330262,NA,NA,NA,NA,NA,0.0974770735,NA,NA,12.94803445,0.806866956
"159",2020-04-24,33005,57.44564203005,35,3.4857347209463,NA,NA,NA,NA,8.202280388,NA,NA,23.5854762746,NA,NA,NA,NA,NA,10.694197193,NA,NA,NA,0.608918497,NA,NA,NA,NA,NA,NA,NA,0.04829546745,NA,NA,13.58781125,0.71866296
"160",2020-04-25,33005,84.4378942008,36,3.51554780285468,NA,NA,NA,NA,6.3696369,15.8088248216,NA,33.1494740213,NA,NA,NA,NA,NA,12.737132808,0.9297022389,NA,NA,0.592098749,NA,NA,NA,NA,NA,NA,NA,0.048460625,NA,NA,13.64198352,1.160580517
"161",2020-04-26,33005,54.045556229,36,1.69245593258254,NA,NA,NA,NA,6.641634232,NA,NA,25.355849904,NA,NA,NA,NA,NA,10.11150009,NA,NA,NA,0.360655713,0,NA,NA,NA,NA,NA,NA,NA,NA,NA,11.57591629,NA
"162",2020-04-27,33005,52.26371878548,38,3.0810769458548,NA,NA,NA,NA,6.449844852,NA,NA,22.4827114372,NA,NA,NA,NA,NA,10.070939516,NA,NA,NA,0.518072302,NA,NA,NA,NA,NA,NA,NA,0.05020430428,NA,NA,11.99717744,0.694768934
"163",2020-04-28,33005,74.4370576116,40,3.5258064629835,NA,NA,NA,NA,7.06231476,14.239705164,NA,25.060453803,NA,NA,NA,NA,NA,11.383544274,1.0073573136,NA,NA,0.544497085,NA,0,NA,NA,NA,NA,NA,NA,NA,NA,14.12635206,1.012833152
"164",2020-04-30,33005,66.193434586447,38,3.33060769009421,NA,NA,NA,NA,8.58858836,NA,NA,29.5531550335,NA,NA,NA,NA,NA,13.166658342,NA,NA,NA,0.49760513,NA,0.207890978947,NA,NA,NA,NA,NA,NA,NA,NA,13.25224596,0.927290782
"165",2020-05-01,33005,95.5680399216,38,3.59872856618645,NA,NA,NA,NA,10.317107934,17.4547942878,NA,37.7166534318,NA,NA,NA,NA,NA,14.259876822,NA,NA,NA,0.624552412,0,NA,NA,NA,NA,NA,NA,NA,NA,NA,14.4086016,0.786453434
"166",2020-05-02,33005,110.0138274416,38,3.58382114123982,NA,NA,NA,NA,9.858700368,21.327323375,NA,44.6137658226,NA,NA,NA,NA,NA,16.625227996,NA,NA,NA,0.741017926,0.053456222,NA,NA,NA,NA,NA,NA,NA,NA,NA,15.56084732,1.233488412
"167",2020-05-03,33005,114.4960839132,38,3.38771974792467,NA,NA,NA,NA,8.362396848,23.079288498,NA,52.3320871752,NA,NA,NA,NA,NA,15.9318698,NA,NA,NA,0.545222282,NA,NA,NA,NA,NA,NA,NA,NA,NA,NA,13.14285711,1.1023622
"168",2020-05-04,33005,99.9020200699,38,3.5505652632643,NA,NA,NA,NA,8.881084268,16.7889834,NA,40.423012629,NA,NA,NA,NA,NA,16.40684466,1.9175081089,NA,NA,0.590104174,NA,NA,NA,NA,NA,NA,NA,NA,NA,NA,14.89448283,NA
"169",2020-05-05,33005,104.7524773864,39,3.65569721294041,NA,NA,NA,NA,9.857285746,19.4781632808,NA,41.1594748266,NA,NA,NA,NA,NA,17.11345015,NA,NA,NA,0.593504461,NA,0.122904066,NA,NA,NA,NA,NA,NA,NA,NA,15.4918036,0.935891256
"170",2020-05-06,33005,112.1549467007,39,3.6673216010553,NA,NA,NA,NA,9.72812616,21.482405252,NA,43.4638627437,NA,NA,NA,NA,NA,18.590401434,1.507357341,NA,NA,0.696569904,NA,0,NA,NA,NA,NA,NA,0.108482392,NA,NA,15.4093961,1.168345374
"171",2020-05-07,33005,112.6189500252,39,3.59994186445924,NA,NA,NA,NA,10.789473654,18.788404029,NA,47.8541235692,NA,NA,NA,NA,NA,17.259176584,1.395211092,NA,NA,0.653367897,0.02988505,0.13097655,0,NA,NA,NA,NA,NA,NA,NA,14.5230155,1.1953161
"172",2020-05-08,33005,130.76833491383,41,3.79455187637188,NA,NA,NA,NA,11.960629808,22.3542024642,NA,56.8054067498,NA,NA,NA,NA,NA,22.040723175,NA,NA,NA,0.767039663,0.095324537,NA,0.01067839683,NA,NA,NA,NA,NA,NA,NA,15.3240738,1.41025632
"173",2020-05-09,33005,112.25918787491,41,3.43149739841923,NA,NA,NA,NA,14.661818388,NA,NA,58.0479553224,NA,NA,NA,NA,NA,21.817156812,NA,NA,NA,0.795086266,NA,NA,0.01101035651,NA,NA,NA,NA,NA,NA,NA,16.92616073,NA
"174",2020-05-10,33005,105.545626755708,41,3.48029775566653,NA,NA,NA,NA,8.204651028,19.110979088,NA,43.9668702459,NA,NA,NA,NA,NA,20.651112006,NA,NA,NA,0.604651164,NA,0.144310263808,NA,NA,NA,NA,NA,NA,NA,NA,12.86305296,NA
"175",2020-05-11,33005,108.8423647898,41,3.4533598108963,NA,NA,NA,NA,9.402570476,19.688439075,NA,43.0198245788,NA,NA,NA,NA,NA,21.370383216,1.559780661,NA,NA,0.561509013,NA,0,NA,NA,NA,NA,NA,NA,NA,NA,13.23985777,NA
"176",2020-05-12,33005,109.4069506024,42,3.47739818605087,NA,NA,NA,NA,8.06794551,18.153442923,NA,42.8232375,NA,NA,NA,NA,NA,23.016532639,1.5210959574,NA,NA,0.549697967,NA,NA,NA,NA,NA,NA,NA,NA,NA,NA,14.14285704,1.132141066
"177",2020-05-13,33005,123.8881926762,43,3.65965400283713,NA,NA,NA,NA,9.058620571,21.447099646,NA,51.4318850952,NA,NA,NA,NA,NA,24.341766656,1.737952225,NA,NA,0.630303011,NA,NA,NA,NA,NA,NA,NA,NA,NA,NA,14.16789792,1.072667552
"178",2020-05-14,33005,146.812316851529,43,3.67759056818223,NA,NA,NA,NA,10.843600138,32.636632042,NA,59.344287462,NA,NA,NA,NA,NA,24.73529662,1.7895584148,NA,NA,0.63912823,NA,0.143343297729,NA,NA,NA,NA,NA,0.103924802,NA,NA,15.43018178,1.146364065
"179",2020-05-15,33005,142.872117300539,45,3.70438255670968,NA,NA,NA,NA,10.464622218,27.050591656,NA,58.2366775192,NA,NA,NA,NA,NA,26.990473182,1.8922395279,NA,NA,0.800480745,0.03529413081,0.143766556629,NA,NA,NA,NA,NA,NA,NA,NA,16.04444394,1.213527825
"180",2020-05-16,33005,173.39855703264,45,3.6861172190478,NA,NA,NA,NA,13.34847826,27.19120919,NA,78.4647457987,NA,NA,NA,NA,NA,32.776903512,NA,3.933064428,NA,0.940233285,NA,NA,NA,NA,NA,NA,NA,0.05219321894,NA,NA,16.69172934,NA
"181",2020-05-17,33005,146.463782168,45,3.32732665927618,NA,NA,NA,NA,11.038790664,27.27671376,NA,67.130391652,NA,NA,NA,NA,NA,26.231060962,NA,NA,NA,0.67476735,NA,0,NA,NA,NA,NA,NA,NA,NA,NA,14.11205778,NA
"182",2020-05-18,33005,108.4033220152,46,3.62356648566705,NA,NA,NA,NA,8.78886036,NA,NA,53.5407857421,NA,NA,NA,NA,NA,26.54447022,2.124245744,NA,NA,0.789473685,0.0406503891,NA,NA,NA,NA,NA,NA,0,NA,NA,15.52683209,1.048003785
"183",2020-05-19,33005,110.8095310188,47,3.70456896707274,NA,NA,NA,NA,9.659647837,NA,NA,56.5189376115,NA,NA,NA,NA,NA,24.981790084,2.1143219643,NA,NA,0.90909093,NA,NA,NA,NA,NA,NA,NA,0.157190654,NA,NA,15.1049577,1.363594238
"184",2020-05-20,33005,128.7207518656,47,3.77313528373031,NA,NA,NA,NA,12.119240143,NA,NA,64.4931582805,NA,NA,NA,NA,NA,31.241972304,2.20447276,NA,NA,0.775594605,0.0406503891,NA,NA,NA,NA,NA,NA,0.102285066,NA,NA,16.15424884,1.589129478
"185",2020-05-21,33005,165.70886468902,48,3.80580494541189,NA,NA,NA,NA,13.279187856,31.773495208,NA,68.6072746947,NA,NA,NA,NA,NA,30.702061578,2.1355177272,NA,NA,0.88278567,NA,NA,NA,NA,NA,NA,NA,0.05164839212,NA,NA,16.8526512,1.424242363
"186",2020-05-22,33005,190.7380700979,49,3.88969802924562,NA,NA,NA,NA,13.86355476,36.121903143,NA,80.6644235188,NA,NA,NA,NA,NA,37.253604027,2.6636112762,NA,NA,1.134510825,0.0393873309,NA,NA,NA,NA,NA,NA,0.10015982,NA,NA,17.30010821,1.596807187
"187",2020-05-23,33005,218.826263789,49,3.7254994190743,NA,NA,NA,NA,16.10200144,44.867944368,NA,101.106800944,NA,NA,NA,NA,NA,36.944187504,NA,NA,NA,1.162705664,NA,NA,NA,NA,NA,NA,NA,NA,NA,NA,16.8022624,1.840361469
"188",2020-05-24,33005,202.70899988,50,3.62485188819186,NA,NA,NA,NA,15.294681066,36.505761858,NA,93.275632164,NA,NA,NA,NA,NA,40.109901588,NA,NA,NA,0.964035504,0,NA,NA,NA,NA,NA,NA,0,NA,NA,15.38295605,1.17603165
"189",2020-05-25,33005,125.136765425,52,3.47862777423071,NA,NA,NA,NA,11.643211311,NA,NA,62.40116139,NA,NA,NA,NA,NA,30.97200743,2.321159456,NA,NA,0.83765608,NA,NA,NA,NA,NA,NA,NA,0.154014206,NA,NA,15.52527592,1.282279632
"190",2020-05-26,33005,169.05136766177,52,3.73825795453873,NA,NA,NA,NA,13.616023276,28.0094621206,NA,70.7898503167,NA,NA,NA,NA,NA,35.269169232,2.3718512032,NA,NA,0.871406976,0.08168760327,NA,NA,NA,NA,NA,NA,0.152432468,NA,NA,16.53821862,1.351265846
"191",2020-05-27,33005,178.59705235993,52,3.8311666242421,NA,NA,NA,NA,13.27247181,26.211239581,NA,78.7634323356,NA,NA,NA,NA,NA,37.89145076,2.3083012606,NA,NA,0.960645792,0.04093571391,NA,NA,NA,NA,NA,NA,0.05156332682,NA,NA,17.6673035,1.42970828
"192",2020-05-28,33005,158.855791248918,53,3.75766855632081,NA,NA,NA,NA,10.631077568,25.5168272643,NA,64.24963335,NA,NA,NA,NA,NA,37.606153127,NA,NA,NA,0.950884096,NA,0.176534976618,NA,NA,NA,NA,NA,NA,NA,NA,18.25531968,1.469361187
"193",2020-05-29,33005,180.03433868318,55,3.85960697614279,NA,NA,NA,NA,12.952381328,29.468856375,NA,76.90462021,NA,NA,NA,NA,NA,38.471622336,2.406801888,NA,NA,0.987551874,NA,NA,NA,NA,NA,NA,NA,0.05016008918,NA,NA,17.62949682,1.162847763
"194",2020-05-30,33005,230.0418698408,55,3.76367684905835,NA,NA,NA,NA,19.121042128,39.0461403128,NA,106.184856352,NA,NA,NA,NA,NA,41.791800768,3.096429696,NA,NA,1.061845848,NA,0,NA,NA,NA,NA,NA,0,NA,NA,18.1604865,1.579268236
"195",2020-05-31,33005,163.8385575549,55,3.56480607884974,NA,NA,NA,NA,13.100823918,NA,NA,92.0922767109,NA,NA,NA,NA,NA,38.015654175,NA,NA,NA,1.056122406,NA,0.573544918,NA,NA,NA,NA,NA,0.15511551,NA,NA,17.4716022,1.373417717
"196",2020-06-01,33005,142.8431056566,55,3.72385371059565,NA,NA,NA,NA,12.225074112,NA,NA,70.0616229034,NA,NA,NA,NA,NA,39.757987546,2.7387717832,NA,NA,0.861997932,NA,0,NA,NA,NA,NA,NA,NA,NA,NA,17.19765138,NA
"197",2020-06-02,33005,170.18394616603,55,3.74475578950815,NA,NA,NA,NA,12.671449632,27.7671094093,NA,68.256405888,NA,NA,NA,NA,NA,37.79061818,3.1391571568,NA,NA,0.934351128,0.04194858093,NA,NA,NA,NA,NA,NA,0.104039858,NA,NA,18.21011634,1.268749993
"198",2020-06-03,33005,176.77123000043,55,3.77368636789507,NA,NA,NA,NA,14.46889968,30.3339645,NA,68.2132261951,NA,NA,NA,NA,NA,39.569235546,2.8823527824,NA,NA,1.153571434,0.08183014293,NA,NA,NA,NA,NA,NA,NA,NA,NA,18.40000032,1.6681494
"199",2020-06-04,33005,195.911758967939,55,3.83449177821584,NA,NA,NA,NA,13.95369887,33.679683492,NA,81.3487827644,NA,NA,NA,NA,NA,42.17769794,3.2763402419,NA,NA,1.08280563,NA,0.182882809759,NA,NA,NA,NA,NA,0.05075595988,NA,NA,18.57588486,1.5832264
"200",2020-06-05,33005,217.5813934155,55,3.91197693935455,NA,NA,NA,NA,15.331565311,41.8092975608,NA,94.4390534437,NA,NA,NA,NA,NA,41.676732272,3.468415346,NA,NA,1.232290752,NA,NA,0.01316543,NA,NA,NA,NA,NA,NA,NA,18.0682983,1.542575
"201",2020-06-06,33005,247.8560750894,55,3.80246595148716,NA,NA,NA,NA,18.90429902,43.2643988685,NA,112.64186192,NA,NA,NA,NA,NA,47.13142194,3.3759480819,NA,NA,1.440182615,NA,NA,NA,NA,NA,NA,NA,0.101931295,NA,NA,19.34693884,1.649092509
"202",2020-06-07,33005,159.304509662,55,3.5868204073767,NA,NA,NA,NA,15.48477765,NA,NA,83.643284785,NA,NA,NA,NA,NA,42.401115936,NA,NA,NA,1.138861121,NA,NA,NA,NA,NA,NA,0,NA,NA,NA,16.63647017,NA
"203",2020-06-08,33005,157.115846955429,57,3.80883188930953,NA,NA,NA,NA,15.504591345,NA,NA,75.07257766,NA,NA,NA,NA,NA,43.169223564,3.2878908174,NA,NA,0.977800192,0,0.385601203029,NA,NA,NA,NA,NA,0.050612675,NA,NA,17.4794176,1.188131899
"204",2020-06-09,33005,183.12092266513,57,3.8378592085505,NA,NA,NA,NA,13.99225602,28.203163625,NA,76.7062926861,NA,NA,NA,NA,NA,40.22573277,3.4793745861,NA,NA,1.065877485,0.04082532693,NA,NA,NA,0,NA,NA,NA,NA,NA,17.7377888,1.669611366
"205",2020-06-10,33005,163.2971091346,57,3.88529750000125,NA,NA,NA,NA,13.02928506,NA,NA,84.4140462816,NA,NA,NA,NA,NA,44.160080958,NA,NA,NA,1.545824779,NA,NA,NA,NA,0.071850114,NA,NA,NA,NA,NA,18.4338888,1.642133142
"206",2020-06-11,33005,156.7015295114,58,3.77684181724727,NA,NA,NA,NA,14.070588376,NA,NA,76.6338173564,NA,NA,NA,NA,NA,43.634870704,NA,NA,NA,1.493927112,NA,NA,NA,NA,NA,NA,NA,0,NA,NA,19.174368,1.693957963
"207",2020-06-12,33005,213.91852162944,58,3.93436597637578,NA,NA,NA,NA,15.581699436,31.636624699,NA,92.0588725287,NA,NA,NA,NA,NA,51.113433233,3.4076336088,NA,NA,1.540229928,0.03983052694,0.19722049,NA,NA,NA,NA,NA,0.100570279,NA,NA,18.2424069,NA
"208",2020-04-24,33001,59.6997390398,30,3.61375949153632,NA,NA,NA,NA,NA,24.064022862,NA,NA,NA,NA,2.67428577,NA,2.727223457,7.4477442028,12.01717685,6.2868393,4.482446598,NA,NA,NA,NA,NA,NA,NA,NA,NA,NA,NA,NA,NA
"209",2020-04-25,33001,79.6130045664,31,3.63241226797627,NA,NA,NA,NA,NA,32.6213739064,NA,NA,NA,NA,3.1146432,NA,3.640755783,10.985777008,15.28674381,8.411912704,5.551798155,NA,NA,NA,NA,NA,NA,NA,NA,NA,NA,NA,NA,NA
"210",2020-05-01,33001,80.6979389838,37,3.69397768278999,NA,NA,NA,NA,NA,28.7159456958,NA,NA,NA,NA,3.032600416,NA,3.385321197,11.576832993,20.88700432,7.772632168,5.327602194,NA,NA,NA,NA,NA,NA,NA,NA,NA,NA,NA,NA,NA
"211",2020-05-02,33001,115.9487863365,38,3.68976723212387,NA,NA,NA,NA,NA,48.0615851625,NA,NA,NA,NA,3.454664,NA,4.050156687,18.089086067,23.7027245,12.27801246,6.31255746,NA,NA,NA,NA,NA,NA,NA,NA,NA,NA,NA,NA,NA
"212",2020-05-03,33001,102.3365604092,39,3.500490088473,NA,NA,NA,NA,NA,37.6224045002,NA,NA,NA,NA,3.61221792,NA,4.069125509,15.592893778,21.734976,12.804471414,6.900471288,NA,NA,NA,NA,NA,NA,NA,NA,NA,NA,NA,NA,NA
"213",2020-05-08,33001,104.677180038,42,3.83726746899324,NA,NA,NA,NA,NA,34.517509986,NA,NA,NA,NA,3.88143756,NA,4.424131525,16.56393774,27.31547624,11.201806176,6.638446392,NA,NA,0.134434419,NA,NA,NA,NA,NA,NA,NA,NA,NA,NA
"214",2020-05-15,33001,147.4998173964,50,3.84729167985391,NA,NA,NA,NA,NA,65.7431897144,NA,NA,NA,NA,4.17203631,NA,4.2339009,22.922344758,29.94190546,12.147089934,8.33935032,NA,0,NA,NA,NA,NA,NA,NA,0,NA,NA,NA,NA
"215",2020-05-16,33001,189.5340248744,51,3.7549524481282,NA,NA,NA,NA,NA,81.9461080644,NA,NA,NA,NA,4.70453926,NA,5.03660334,31.79359881,37.23582888,17.620130388,10.98844326,NA,NA,0,NA,NA,NA,NA,NA,0.208772872,NA,NA,NA,NA
"216",2020-05-21,33001,166.752188479979,54,3.90867974550552,NA,NA,NA,NA,NA,61.7209232948,NA,NA,NA,NA,5.11751794,NA,5.679308635,32.337081072,35.6663307,16.310152516,9.763883283,NA,NA,0.156991039179,NA,NA,NA,NA,NA,NA,NA,NA,NA,NA
"217",2020-05-24,33001,172.65944548328,55,3.71307325262857,NA,NA,NA,NA,NA,58.4092170809,NA,NA,NA,NA,5.07951412,NA,6.019767728,37.169908696,37.28963834,17.299367883,11.327031188,NA,NA,NA,0.0116822402,NA,NA,NA,NA,0.05331820718,NA,NA,NA,NA
"218",2020-05-28,33001,145.2835976867,57,3.89857538388871,NA,NA,NA,NA,NA,42.6549689427,NA,NA,NA,NA,6.03001994,NA,5.76453698,27.966264451,38.28012132,14.40497925,10.182706803,NA,NA,NA,NA,NA,NA,NA,NA,NA,NA,NA,NA,NA
"219",2020-05-29,33001,201.183719537681,58,3.93639927867851,NA,NA,NA,NA,NA,80.8504606071,NA,NA,NA,NA,5.1789836,NA,5.906468398,38.263103232,41.5783744,17.468549056,11.762248002,NA,NA,0.175532242581,NA,NA,NA,NA,NA,NA,NA,NA,NA,NA
"220",2020-05-31,33001,156.370355841092,60,3.68435647145111,NA,NA,NA,NA,NA,50.3698825592,NA,NA,NA,NA,5.47714453,NA,6.5523198,29.877744975,35.97075632,15.408815996,12.331332096,NA,NA,0.382359564892,NA,NA,NA,NA,NA,NA,NA,NA,NA,NA
"221",2020-06-04,33001,176.1833067654,64,3.94003133936451,NA,NA,NA,NA,NA,52.1233210764,NA,NA,NA,NA,5.89824,NA,6.2193414,38.343365776,44.82628799,17.017027532,11.654211075,NA,NA,NA,NA,NA,NA,NA,NA,0.101511916,NA,NA,NA,NA
"222",2020-06-05,33001,265.5423766232,64,4.01757674732509,NA,NA,NA,NA,NA,119.7450323832,NA,NA,NA,NA,5.38860096,NA,6.568648275,50.307335816,48.41177682,21.943584949,13.17739742,NA,NA,NA,NA,NA,NA,NA,NA,NA,NA,NA,NA,NA
"223",2020-06-06,33001,288.840715657,67,3.82805269442867,NA,NA,NA,NA,NA,130.676159367,NA,NA,NA,NA,5.4693312,NA,6.700581876,56.074311422,52.30779416,24.772143648,12.840393984,NA,NA,NA,NA,NA,NA,NA,NA,NA,NA,NA,NA,NA
"224",2020-06-11,33001,187.7938101673,72,3.92395237752005,NA,NA,NA,NA,NA,63.1196003603,NA,NA,NA,NA,5.88499506,NA,6.247033575,36.881856266,48.10375664,16.230408376,11.32615989,NA,NA,NA,NA,NA,NA,NA,NA,NA,NA,NA,NA,NA
"225",2020-06-12,33001,306.4758303362,72,4.02963411398126,NA,NA,NA,NA,NA,134.0394221012,NA,NA,NA,NA,5.45374655,NA,6.704617275,64.24945221,54.80610528,26.142105685,15.080381235,NA,NA,NA,NA,NA,NA,NA,NA,NA,NA,NA,NA,NA
"226",2020-05-16,33009,85.7733169103,60,3.61354978504099,NA,NA,NA,NA,NA,41.345531024,NA,NA,NA,3.654656073,1.109670084,NA,NA,12.9468771209,10.441956432,5.506290616,NA,1.32653061,0.120498654,NA,NA,NA,NA,NA,NA,0.3131594114,NA,1.116279085,NA,7.8918678
"227",2020-05-22,33009,135.973566200084,67,3.8688141639496,NA,NA,NA,NA,NA,65.9131531761,NA,NA,NA,4.190839452,1.10225384,NA,NA,26.635871061,14.195481006,10.0385437791,NA,2.0720109,0.1181619,0.322852042104,0.01066217338,NA,NA,NA,NA,0.3505593794,NA,0.942129631,NA,10.08104786
"228",2020-05-23,33009,142.8413056268,68,3.68045631451264,NA,NA,NA,NA,NA,75.059472384,NA,NA,NA,4.08127192,1.386138654,NA,NA,24.596266704,15.310448088,11.1352128876,NA,1.60146256,NA,0.353817648,0.0111296598,NA,NA,NA,NA,0.3675978194,NA,1.213014112,NA,7.72547319
"229",2020-06-05,33009,123.5619020515,75,3.90093354070029,NA,NA,NA,NA,NA,57.6399785528,NA,NA,NA,5.222516032,1.077720144,NA,NA,19.1917373056,14.640364761,9.6759104888,NA,2.76172942,0.198294228,NA,0.0526616993,NA,NA,NA,NA,0.10036978,NA,1.13307564,NA,11.867544
"230",2020-06-06,33009,134.62819177033,76,3.73219806238619,NA,NA,NA,NA,NA,68.4283895415,NA,NA,NA,5.256977249,1.532736,NA,NA,23.0823132733,13.930635621,8.4165601338,NA,2.04748864,NA,NA,0.01346604023,NA,NA,NA,NA,0.1528969995,NA,1.230859862,NA,10.53586841
"231",2020-06-12,33009,164.1525149474,75,3.94804974174905,NA,NA,NA,NA,NA,77.842770349,NA,NA,NA,6.136286976,1.435196476,NA,NA,31.604489722,18.98538642,10.0079993864,NA,3.68965536,0.119491484,0.78888196,NA,NA,NA,NA,NA,0.30171074,NA,1.117478544,NA,12.12316753
"232",2020-05-22,33013,400.4664423298,294,3.96904556331842,NA,NA,NA,NA,NA,104.6417973658,NA,NA,NA,11.82660804,1.0586003,1.370425483,5.189352675,203.1099522,NA,62.066264928,8.706410048,2.28940215,0.15754923,NA,NA,NA,NA,NA,NA,0.05007991,NA,NA,NA,NA
"233",2020-05-23,33013,378.17902013991,299,3.8159312060258,NA,NA,NA,NA,NA,96.864451632,NA,NA,NA,10.9805652,1.029702962,NA,5.016393524,194.181046608,NA,59.564549612,7.941468632,2.31078608,0.08000001191,NA,NA,NA,NA,NA,NA,0.210055878,NA,NA,NA,NA
"234",2020-05-29,33013,415.068743798181,320,3.93948225994466,NA,NA,NA,NA,NA,94.829291709,NA,NA,NA,13.6644868,1.394341788,1.31890385,5.857110689,222.90603456,NA,62.772231018,9.180291012,2.51452296,0.079824563,0.351064490581,0,NA,NA,NA,NA,0.2006403586,NA,NA,NA,NA
"235",2020-05-30,33013,420.83957280288,320,3.82997595889557,NA,NA,NA,NA,NA,101.108934392,NA,NA,NA,12.6398762,1.212089834,NA,6.262336098,225.35424288,NA,63.192655099,8.3966939,2.59467156,NA,NA,0.026650514,NA,NA,NA,NA,0.05142232588,NA,NA,NA,NA
"236",2020-06-12,33013,525.2790596961,372,4.06322998754076,NA,NA,NA,NA,NA,117.8048438191,NA,NA,NA,16.13816424,1.291676848,1.578231272,5.534471775,296.79606251,NA,72.724791224,9.236733205,3.95402304,0.119491484,0,NA,NA,NA,NA,NA,0.100570279,NA,NA,NA,NA
"237",2020-05-08,33013,187.800608378427,221,3.83826056302313,NA,NA,NA,NA,NA,NA,NA,NA,NA,10.7401455,1.360503864,NA,4.45285973,121.09040871,NA,42.547633173,5.650281006,1.52085453,0.0635497107,0.268872758727,0,NA,NA,NA,NA,0.105499396,NA,NA,NA,NA
"238",2020-04-30,33013,124.262481524,174,3.25819619193394,NA,NA,NA,NA,NA,NA,NA,NA,0,8.14019942,1.067602118,0.694482794,3.70581525,76.106178711,NA,27.993919824,3.889975914,1.20010649,0.0780142,0.415785017,NA,NA,NA,NA,NA,0.09988384,NA,NA,NA,0.870517946
"239",2020-04-22,33009,15.2157710399,45,3.16538099914911,NA,NA,NA,NA,NA,NA,NA,NA,NA,1.561967596,NA,NA,NA,2.6130526681,3.09361017,NA,NA,1.1146667,0.102415451,NA,0.017437966,NA,NA,NA,NA,0.3612903448,NA,0.604180704,NA,5.74714944
"240",2020-04-23,33009,15.9483848808,46,3.41670798540178,NA,NA,NA,NA,NA,NA,NA,NA,NA,1.675647708,NA,NA,NA,2.9346940551,3.292305963,NA,NA,1.0721649,0.1127819472,NA,NA,NA,NA,NA,NA,0.2924312035,NA,0.594110144,NA,5.97424896
"241",2020-04-24,33009,17.86917363916,47,3.4335711315104,NA,NA,NA,NA,NA,NA,NA,NA,NA,1.9034379,0.56000004,NA,NA,3.7429691302,3.649051545,NA,NA,1.26858017,0.02261188251,NA,NA,NA,NA,NA,NA,0.04829546745,NA,0.640801024,NA,6.03342648
"242",2020-04-25,33009,18.504502486,47,3.47455547699793,NA,NA,NA,NA,NA,NA,NA,NA,NA,1.894951291,0.63916131,NA,NA,4.020157844,4.297967949,NA,NA,1.015802447,0.0233754005,NA,NA,NA,NA,NA,NA,0.1938426785,NA,0.650985376,NA,5.76825819
"243",2020-04-26,33009,13.132939854,48,1.44839273052535,NA,NA,NA,NA,NA,NA,NA,NA,NA,1.440903095,NA,NA,NA,2.458300326,2.88729,NA,NA,0.659129449,NA,NA,NA,NA,NA,NA,NA,0,NA,0.752672864,NA,4.93464412
"244",2020-04-27,33009,13.01352602355,48,2.5843185289366,NA,NA,NA,NA,NA,NA,NA,NA,NA,1.838010545,NA,NA,NA,NA,3.389332352,NA,NA,1.18674699,0.02631579555,NA,NA,NA,NA,NA,NA,0.100408612,NA,0.412782949,NA,6.05992878
"245",2020-04-28,33009,18.7357730618,48,3.42552098878984,NA,NA,NA,NA,NA,NA,NA,NA,NA,2.30399572,0.568928678,NA,NA,3.5948036808,4.515739776,NA,NA,1.2280147,0.077720225,NA,0.017983308,NA,NA,NA,NA,0.145270254,NA,NA,NA,6.28331672
"246",2020-04-30,33009,16.293443092,50,3.33837757684882,NA,NA,NA,NA,NA,NA,NA,NA,NA,2.218387596,NA,NA,NA,NA,5.140764228,NA,NA,1.30548165,0.05200943,NA,NA,NA,NA,NA,NA,0.2497096,NA,0.836054848,NA,6.49103574
"247",2020-05-01,33009,22.2795396186,51,3.53009542924149,NA,NA,NA,NA,NA,NA,NA,NA,NA,2.527549106,NA,NA,NA,4.8195400869,5.232473246,NA,NA,1.20971862,0.1283205717,NA,NA,NA,NA,NA,NA,0.160252764,NA,0.980612864,NA,7.22107236
"248",2020-05-02,33009,31.6126937236,51,3.45525644641133,NA,NA,NA,NA,NA,NA,NA,NA,NA,2.90429782,0.87671232,NA,NA,8.6262975916,6.376548178,4.276135724,NA,0.971556905,0.026728082,NA,0,NA,NA,NA,NA,0.262711887,NA,1.033565536,NA,6.25813968
"249",2020-05-03,33009,27.561226998,53,2.88470672136093,NA,NA,NA,NA,NA,NA,NA,NA,NA,2.356444194,0.786188608,NA,NA,6.6665267438,5.885590272,4.4340570612,NA,0.933060843,NA,NA,NA,NA,NA,NA,NA,NA,NA,0.790697676,NA,5.7086616
"250",2020-05-04,33009,25.48143346752,53,3.5385616440936,NA,NA,NA,NA,NA,NA,NA,NA,NA,2.74592312,0.735115425,NA,NA,5.313248318,6.519527653,NA,NA,1.34635424,0.06012211392,NA,NA,NA,NA,NA,NA,0.16716067,0.4780876176,0.57777781,NA,7.5381165
"251",2020-05-05,33009,25.72809941835,54,3.52274674435864,NA,NA,NA,NA,NA,NA,NA,NA,NA,2.76444196,0.618181812,NA,NA,5.42621635,6.8511891,NA,NA,1.41173384,0.06060606435,0,0,NA,NA,NA,NA,0.166077696,NA,0.763309826,NA,7.66634277
"252",2020-05-06,33009,31.19075410634,54,3.53425594360496,NA,NA,NA,NA,NA,NA,NA,NA,NA,2.841479129,0.689655218,NA,NA,6.7201787499,6.68261769,3.8700242856,NA,1.44379944,0.08982038,NA,0.01038961584,NA,NA,NA,NA,0.162723588,NA,0.72323111,NA,7.9568349
"253",2020-05-07,33009,28.209354813,54,3.59373899087759,NA,NA,NA,NA,NA,NA,NA,NA,NA,2.97240678,0.81196584,NA,NA,6.2055466056,6.77311498,NA,NA,1.65699482,0.02988505,NA,NA,NA,NA,NA,NA,0.3211844734,NA,0.617647104,NA,8.82060916
"254",2020-05-08,33009,30.8578787549,55,3.69168314809446,NA,NA,NA,NA,NA,NA,NA,NA,NA,3.24963492,NA,NA,NA,7.5472784535,7.918651221,NA,NA,1.71261441,0.15887424,NA,0.021356777,NA,NA,NA,NA,0.5274971774,NA,0.978381756,NA,8.7435898
"255",2020-05-09,33009,21.212856301,54,2.92785937258481,NA,NA,NA,NA,NA,NA,NA,NA,NA,3.0136986,0.60920892,NA,NA,NA,6.626754108,NA,NA,1.107684227,NA,NA,NA,NA,NA,NA,NA,0.165492922,NA,1.280536884,NA,8.40948064
"256",2020-05-10,33009,25.02681359171,55,2.92889291929929,NA,NA,NA,NA,NA,NA,NA,NA,NA,3.256536742,NA,NA,NA,6.0566866722,6.995708643,NA,NA,0.991346681,NA,NA,0.01113294351,NA,NA,NA,NA,0.111440384,NA,0.667780736,NA,6.93618079
"257",2020-05-11,33009,30.09329257166,57,3.42721161244561,NA,NA,NA,NA,NA,NA,NA,NA,NA,3.043193112,0.641437624,NA,NA,7.3769650864,8.087751321,NA,NA,1.49972667,0.06818184144,0,NA,NA,NA,NA,NA,0.05405404482,NA,1.046272532,NA,8.27571034
"258",2020-05-12,33009,28.2922181479,56,3.48321686461216,NA,NA,NA,NA,NA,NA,NA,NA,NA,3.211729772,0.786564611,NA,NA,6.1272680369,7.873908468,NA,NA,1.65623289,0.067938545,NA,NA,NA,NA,NA,NA,0.328671282,NA,0.720779203,NA,7.51912534
"259",2020-05-13,33009,29.23793363138,57,3.6444027208461,NA,NA,NA,NA,NA,NA,NA,NA,NA,3.323112064,0.789065515,NA,NA,6.6456885216,7.95334025,NA,NA,1.55606061,0.06823421378,NA,NA,NA,NA,NA,NA,0.158873254,NA,0.698552563,NA,8.04500664
"260",2020-05-14,33009,34.927724788,58,3.68848575827696,NA,NA,NA,NA,NA,NA,NA,NA,NA,3.652023557,1.132664091,NA,NA,9.986300256,8.081876712,NA,NA,1.7724278,0,NA,NA,NA,NA,NA,NA,0.15588725,NA,0.850574722,NA,9.2959704
"261",2020-05-15,33009,38.21177897801,60,3.66644163624039,NA,NA,NA,NA,NA,NA,NA,NA,NA,3.66930925,0.817328772,NA,NA,10.4832558168,9.655986817,NA,NA,1.7668269,0.03529413081,NA,NA,NA,NA,NA,NA,0.4187082514,NA,1.135773312,1.555555628,8.6737401
"262",2020-05-17,33009,33.4814646342,60,3.41032397359668,NA,NA,NA,NA,NA,NA,NA,NA,NA,3.237505212,1.206213844,NA,NA,7.9833665564,7.8099153,4.705217696,NA,1.03154082,0.1664302728,0,NA,NA,NA,NA,NA,0.156928206,NA,0.886084177,NA,6.29826255
"263",2020-05-18,33009,26.8193653056,61,3.68221207516918,NA,NA,NA,NA,NA,NA,NA,NA,NA,4.075885076,1.335356616,NA,NA,NA,9.2050648,NA,NA,1.99736835,0.12195126,NA,NA,NA,NA,NA,NA,0.2621304586,NA,0.795943445,NA,9.0256653
"264",2020-05-19,33009,35.387287534376,62,3.68152763617484,NA,NA,NA,NA,NA,NA,NA,NA,NA,3.629392194,1.228383156,NA,NA,9.6560821732,8.930643813,NA,NA,1.94357355,0.04083489,0.152583125176,NA,NA,NA,NA,NA,0.261984392,NA,0.765672561,NA,8.77813768
"265",2020-05-20,33009,39.045751493082,63,3.78978709681906,NA,NA,NA,NA,NA,NA,NA,NA,NA,4.349782458,1.363470636,NA,NA,10.536149034,9.32907388,NA,NA,1.9700103,0.12195126,0.307560584682,0.01102941,NA,NA,NA,NA,0.1534276554,NA,0.796432955,NA,10.10686332
"266",2020-05-21,33009,49.872309331,65,3.76087862980762,NA,NA,NA,NA,NA,NA,NA,NA,NA,4.524807096,1.153243506,NA,NA,14.261016852,10.64571508,6.327684364,NA,1.9862679,0.12189618,NA,0.022432122,NA,NA,NA,NA,0,NA,0.900831341,NA,9.92841489
"267",2020-05-24,33009,50.811436624946,68,3.58115818683118,NA,NA,NA,NA,NA,NA,NA,NA,NA,4.24867729,1.735663996,NA,NA,16.2749583792,11.493134747,6.980446323,NA,1.449789888,NA,0.361475629146,NA,NA,NA,NA,NA,0.1066364106,NA,1.145728652,NA,7.01492531
"268",2020-05-25,33009,33.88804440953,68,3.47700325321565,NA,NA,NA,NA,NA,NA,NA,NA,NA,3.176323865,1.473842208,NA,NA,10.8507379722,8.963245984,NA,NA,1.352545616,0.04125111991,0.17761050522,0.0119331806,NA,NA,NA,NA,0.2566903026,NA,0.937381416,NA,6.64648224
"269",2020-05-26,33009,41.00761168594,68,3.72973705114306,NA,NA,NA,NA,NA,NA,NA,NA,NA,3.67603292,1.248434204,NA,NA,10.5296351864,11.49988432,NA,NA,2.15431168,0.08168760327,0.87021895627,NA,NA,NA,NA,NA,0.254054082,0.769301884,NA,NA,9.92405085
"270",2020-05-27,33009,42.1847961096,71,3.78717107289417,NA,NA,NA,NA,NA,NA,NA,NA,NA,4.293639912,1.471875984,NA,NA,12.0143610416,11.328432026,NA,NA,2.31685168,0.16374267,NA,NA,NA,NA,NA,NA,0.154690066,NA,NA,NA,10.44120273
"271",2020-05-28,33009,45.314142181918,73,3.77743781453183,NA,NA,NA,NA,NA,NA,NA,NA,NA,4.682236443,1.41160775,NA,NA,12.5000736327,11.433382176,NA,NA,2.33398816,0.12313938,0.176534976618,0.01253132,NA,NA,NA,NA,0.5010660506,0.663685133,0.59410701,NA,10.88179015
"272",2020-05-29,33009,48.633019549,73,3.77505871466038,NA,NA,NA,NA,NA,NA,NA,NA,NA,4.37310981,0.99595842,NA,NA,15.2218345344,12.87115808,NA,NA,2.67219936,0.079824563,NA,0.037634415,NA,NA,NA,NA,0.4012806326,NA,1.193603674,NA,10.78641606
"273",2020-05-30,33009,59.9473605385,73,3.7418083030782,NA,NA,NA,NA,NA,NA,NA,NA,NA,4.908037314,1.628003112,NA,NA,16.8238778592,14.94828096,7.0470789319,NA,2.06374896,0.121171778,0,0.026650514,NA,NA,NA,NA,0.2056893054,0.693577998,1.216000076,NA,10.26524373
"274",2020-05-31,33009,47.6061422608,75,3.48800382862318,NA,NA,NA,NA,NA,NA,NA,NA,NA,4.00819662,1.710778897,NA,NA,13.834443315,10.543808296,5.7859188718,NA,1.607142888,0.084690515,0.573544918,NA,NA,NA,NA,NA,NA,NA,0.88483323,NA,8.57278471
"275",2020-06-01,33009,32.88775371292,75,3.70364821459866,NA,NA,NA,NA,NA,NA,NA,NA,NA,4.38450204,1.506019584,NA,NA,NA,12.818973844,NA,NA,2.49330582,0.08367436892,NA,NA,NA,NA,NA,NA,0,NA,0.926278196,NA,10.67499986
"276",2020-06-02,33009,33.40416984733,75,3.71101963387111,NA,NA,NA,NA,NA,NA,NA,NA,NA,5.255152119,1.228942464,NA,NA,NA,12.365216806,NA,NA,2.71145052,0.04194858093,0,NA,NA,NA,NA,NA,0.2600996074,NA,0.82260975,NA,10.71875
"277",2020-06-03,33009,46.42875548546,75,3.7316088988554,NA,NA,NA,NA,NA,NA,NA,NA,NA,4.973288796,1.112299488,NA,NA,14.148301617,11.304812736,NA,NA,2.82091841,0.163660377,0.36713016,0.01400729946,NA,NA,NA,NA,0.258953174,NA,0.655952428,NA,10.609431
"278",2020-06-04,33009,52.6924981839,75,3.85135555170706,NA,NA,NA,NA,NA,NA,NA,NA,NA,5.063425536,1.274879952,NA,NA,16.4992654972,13.812752305,NA,NA,2.88748187,0.2402066217,NA,0.027154674,NA,NA,NA,NA,0.507559392,NA,1.083238336,NA,11.296534
"279",2020-06-07,33009,59.1923838573,75,3.61998238475133,NA,NA,NA,NA,NA,NA,NA,NA,NA,4.98666644,1.682962944,NA,NA,18.5346190404,13.52892243,8.3326720136,NA,1.869630381,0.04191072807,NA,0.01353738623,NA,NA,NA,NA,0.31370387,NA,1.074437384,NA,8.81332124
"280",2020-06-08,33009,55.7275281863,75,3.81873744760178,NA,NA,NA,NA,NA,NA,NA,NA,NA,5.74770644,1.462476,NA,NA,17.3436447818,15.05935242,NA,NA,2.78002034,0.08122266693,NA,0,NA,0.07293872907,NA,NA,0.1518380345,NA,1.193603674,NA,11.8347251
"281",2020-06-09,33009,52.46933799786,75,3.79561229541681,NA,NA,NA,NA,NA,NA,NA,NA,NA,5.83333352,1.572972912,NA,NA,15.22740815,13.593834933,NA,NA,3.05095217,0.122475885,NA,0.040540536,NA,0.14670441486,NA,NA,0.360629025,NA,0.904761912,NA,11.61572454
"282",2020-06-10,33009,53.3976313048,75,3.84076672478889,NA,NA,NA,NA,NA,NA,NA,NA,NA,6.40294613,1.594289578,NA,NA,14.6771108946,13.87928122,NA,NA,3.7123219,0.122529639,NA,0.013545344,NA,NA,NA,NA,0.4059196992,NA,NA,NA,12.5896869
"283",2020-06-11,33009,55.678090602021,75,3.83648918925061,NA,NA,NA,NA,NA,NA,NA,NA,NA,5.749546248,1.233195299,NA,NA,17.1422696081,13.815700352,NA,NA,3.61943328,0.2036395414,0.194807627921,NA,NA,NA,NA,NA,0.3062201376,NA,0.929039998,NA,12.48423851
"284",2020-04-22,33013,88.165089623,105,3.38903743512935,NA,NA,NA,NA,NA,NA,NA,NA,NA,6.26325924,0.91447926,0.56603778,3.034001835,53.621277766,NA,19.4467042,3.176103694,1.04,0,NA,NA,NA,NA,NA,NA,0.103225848,NA,NA,NA,NA
"285",2020-04-23,33013,95.991247700312,113,3.44623948218194,NA,NA,NA,NA,NA,NA,NA,NA,NA,6.245596,0.79338843,NA,2.973186724,59.06071634,NA,21.84009465,3.791162088,1.0927835,0.0676691472,0.077912330262,NA,NA,NA,NA,NA,0.04873849085,NA,NA,NA,NA
"286",2020-04-24,33013,101.05800091045,115,3.52297245888434,NA,NA,NA,NA,NA,NA,NA,NA,NA,6.5596563,0.75428574,NA,3.007592181,62.484665952,NA,23.446569258,3.499453944,1.18964637,0.067835698,NA,NA,NA,NA,NA,NA,0.04829546745,NA,NA,NA,NA
"287",2020-04-25,33013,110.822833389,129,3.67125751307693,NA,NA,NA,NA,NA,NA,NA,NA,NA,6.6814579,0.82177884,NA,3.792982391,68.700910336,NA,26.26006624,3.013833192,1.33629628,0.07012625,0,NA,NA,NA,NA,NA,0.14538196,NA,NA,NA,NA
"288",2020-04-26,33013,82.858997906747,126,1.78665199780027,NA,NA,NA,NA,NA,NA,NA,NA,NA,5.77184598,0.7057416,NA,2.691176544,50.0009037,NA,19.803643758,2.821374204,0.963821364,NA,0.100490756747,NA,NA,NA,NA,NA,0,NA,NA,NA,NA
"289",2020-04-27,33013,99.235739672072,128,2.94131416934578,NA,NA,NA,NA,NA,NA,NA,NA,NA,8.0036124,0.806081964,0.665237538,2.806110432,59.178319874,NA,22.733869062,3.604395696,0.993975906,0.0526315911,0.190687890372,NA,NA,NA,NA,NA,0.2008173186,NA,NA,NA,NA
"290",2020-04-28,33013,116.44173954245,144,3.54740815418249,NA,NA,NA,NA,NA,NA,NA,NA,NA,7.80237576,0.926163037,0.70103092,3.188192016,70.1908455,NA,28.231896498,4.007693389,1.18746705,0.05181346445,0,0.008991654,NA,NA,NA,NA,0.145270254,NA,NA,NA,NA
"291",2020-05-01,33013,134.774660567215,182,3.63093776999683,NA,NA,NA,NA,NA,NA,NA,NA,NA,8.78184973,0.921910528,NA,3.137614554,83.571819678,NA,32.733197476,4.076586378,1.097186695,0.076992351,0.217250413215,NA,NA,NA,NA,NA,0.160252764,NA,NA,NA,NA
"292",2020-05-02,33013,146.395748387336,182,3.71728044719461,NA,NA,NA,NA,NA,NA,NA,NA,NA,8.2498893,0.928897632,NA,3.583855986,88.981576372,NA,38.823921332,4.186678868,1.25149695,0.053456222,0.230890933336,0,NA,NA,NA,NA,0.105084792,NA,NA,NA,NA
"293",2020-05-03,33013,137.922180400068,192,3.44335257005259,NA,NA,NA,NA,NA,NA,NA,NA,NA,8.65442331,1.083665376,0.60722271,3.54781417,82.823124846,NA,36.06064848,3.717425224,1.25344912,NA,0.120998058888,NA,NA,NA,NA,NA,0.05340910518,NA,NA,NA,NA
"294",2020-05-04,33013,154.615672893558,197,3.61059366154027,NA,NA,NA,NA,NA,NA,NA,NA,NA,10.7417156,1.349939217,1.004745764,4.074660193,93.711690052,NA,37.701417266,4.591618268,1.23177076,0.03006105664,0.122334523038,NA,NA,NA,NA,NA,0.05572019388,NA,NA,NA,NA
"295",2020-05-05,33013,163.383469188,203,3.68239888733392,NA,NA,NA,NA,NA,NA,NA,NA,NA,9.8654712,1.152066132,0.744474198,4.280212152,100.8918368,NA,40.28732868,4.62460362,1.37139871,0,NA,NA,NA,NA,NA,NA,0.166077696,NA,NA,NA,NA
"296",2020-05-06,33013,172.3895846897,210,3.71408889147584,NA,NA,NA,NA,NA,NA,NA,NA,NA,10.25265024,1.172413772,0.924540903,4.44136797,107.648473548,NA,42.092483882,4.25099409,1.32981528,0.0598802113,0,NA,NA,NA,NA,NA,0.2169647934,NA,NA,NA,NA
"297",2020-05-07,33013,179.954128319587,214,3.72209144327097,NA,NA,NA,NA,NA,NA,NA,NA,NA,10.62340356,1.33903133,0.925158663,4.198704228,114.35012298,NA,40.905593655,5.393892104,1.51554403,0.1195402,0.261953096187,NA,NA,NA,NA,NA,0.3211844734,NA,NA,NA,NA
"298",2020-05-09,33013,173.6845874246,228,3.39123992054133,NA,NA,NA,NA,NA,NA,NA,NA,NA,9.44657516,0.963400248,NA,3.473595306,115.431292108,NA,38.147726448,4.465709675,1.31155245,0.2020579992,0,0.022020729,NA,NA,NA,NA,0.2206573014,NA,NA,NA,NA
"299",2020-05-10,33013,161.523738289676,231,3.45376322601223,NA,NA,NA,NA,NA,NA,NA,NA,NA,9.73556972,0.851227032,NA,3.988010455,105.444721782,NA,34.7399477,5.062097048,1.265548947,0.07000488,0.288624644096,0.0222658877,NA,NA,NA,NA,0.05572019388,NA,NA,NA,NA
"300",2020-05-11,33013,189.377804720246,237,3.548318390787,NA,NA,NA,NA,NA,NA,NA,NA,NA,11.1919081,1.329809748,0.753356919,4.149241299,122.366363392,NA,41.740741182,6.159457348,1.40021869,0.03409092072,0.144509028126,NA,NA,NA,NA,NA,0.1081080934,NA,NA,NA,NA
"301",2020-05-12,33013,194.430780983,246,3.58827569763881,NA,NA,NA,NA,NA,NA,NA,NA,NA,11.13989817,1.242772132,0.79051938,3.953867624,127.022976544,NA,42.32943406,6.478219389,1.36353659,0,NA,NA,NA,NA,NA,NA,0.109557094,NA,NA,NA,NA
"302",2020-05-13,33013,203.947991566206,250,3.79872034070691,NA,NA,NA,NA,NA,NA,NA,NA,NA,11.94652768,1.33423813,NA,4.476358542,132.913762672,NA,44.923024086,6.443276436,1.44444443,0.102351324,0.141565552206,0.01061174,NA,NA,NA,NA,0.211830974,NA,NA,NA,NA
"303",2020-05-14,33013,221.85339764786,251,3.7707873882997,NA,NA,NA,NA,NA,NA,NA,NA,NA,12.540227,1.300466154,0.844494544,3.889694426,146.26088914,NA,47.284137936,7.477871736,1.54840335,0.06933811346,0.430025635,NA,NA,NA,NA,NA,0.2078496134,NA,NA,NA,NA
"304",2020-05-15,33013,229.47116386281,251,3.78622216187883,NA,NA,NA,NA,NA,NA,NA,NA,NA,11.370329,1.256490456,1.040299875,4.4707623,151.77251478,NA,50.008784007,7.4296026,1.9471155,0.07058826081,NA,NA,NA,NA,NA,NA,0.104677084,NA,NA,NA,NA
"305",2020-05-16,33013,236.698094172,268,3.77961813044971,NA,NA,NA,NA,NA,NA,NA,NA,NA,10.75748967,1.051874844,NA,5.10980976,157.165260418,NA,52.073779112,8.393504814,1.9897959,NA,0,NA,NA,NA,NA,NA,0.156579654,NA,NA,NA,NA
"306",2020-05-17,33013,196.842199878466,268,3.48681700347455,NA,NA,NA,NA,NA,NA,NA,NA,NA,11.51238811,1.527870784,NA,3.94944726,130.278012526,NA,41.562757716,5.814000153,1.6675284,NA,0.320957321466,0,NA,NA,NA,NA,0.209237608,NA,NA,NA,NA
"307",2020-05-18,33013,226.77835431782,272,3.71286627065901,NA,NA,NA,NA,NA,NA,NA,NA,NA,13.7527368,1.802731348,0.971720606,5.012601922,148.2858819,NA,47.61229454,7.615979402,1.7131578,NA,NA,0.01124999982,NA,NA,NA,NA,NA,NA,NA,NA,NA
"308",2020-05-19,33013,252.333961535,273,3.77670297814821,NA,NA,NA,NA,NA,NA,NA,NA,NA,13.96024664,1.433113616,1.0130004,4.652026222,168.228439472,NA,52.57487501,8.193707249,2.06896545,0,NA,NA,NA,NA,NA,NA,0.209587476,NA,NA,NA,NA
"309",2020-05-20,33013,259.191970808,280,3.84490676309743,NA,NA,NA,NA,NA,NA,NA,NA,NA,14.25108816,1.459715708,1.186946601,5.04128457,175.816279176,NA,51.190752116,7.902175281,1.9544985,0.16260165,NA,0.02205882,NA,NA,NA,NA,0.204570226,NA,NA,NA,NA
"310",2020-05-21,33013,271.152717508,286,3.870101129171,NA,NA,NA,NA,NA,NA,NA,NA,NA,12.90760758,1.499216498,0.85960992,5.195631155,184.939047308,NA,55.367240419,8.046785901,1.9568415,0.243792369,NA,0.033648164,NA,NA,NA,NA,0.103296694,NA,NA,NA,NA
"311",2020-05-24,33013,251.265071112326,307,3.70743560445506,NA,NA,NA,NA,NA,NA,NA,NA,NA,10.1366848,1.225751466,NA,4.310270848,173.879568104,NA,52.808597001,6.382985224,2.07753392,0.08220412018,0.361475629146,NA,NA,NA,NA,NA,NA,NA,NA,NA,NA
"312",2020-05-25,33013,223.67108700404,308,3.57550740447729,NA,NA,NA,NA,NA,NA,NA,NA,NA,11.5656178,2.256821088,NA,6.381322844,151.172886767,NA,43.879235952,5.903161565,2.02113344,0.123753357,0.35522101044,0.0119331806,NA,NA,NA,NA,0,NA,NA,NA,NA
"313",2020-05-26,33013,271.395921174,311,3.85390934320292,NA,NA,NA,NA,NA,NA,NA,NA,NA,14.3206616,2.016701456,1.222730288,6.100619796,186.057637392,NA,51.147331086,7.888149022,2.21886032,0.122531409,0.174045911,0.02503128,NA,NA,NA,NA,0.101621614,NA,NA,NA,NA
"314",2020-05-27,33013,299.66329269682,314,3.89140811627468,NA,NA,NA,NA,NA,NA,NA,NA,NA,14.4878211,1.518356408,NA,5.697848548,207.222088192,NA,59.256103232,8.491175394,2.29263376,0.122807048,0.522895688,NA,NA,NA,NA,NA,0.05156332682,NA,NA,NA,NA
"315",2020-05-28,33013,301.016731602678,318,3.83548991240395,NA,NA,NA,NA,NA,NA,NA,NA,NA,14.54509869,1.42695128,1.125081668,5.729600567,207.628337718,NA,59.36052114,8.844832878,2.12966608,0,0.176534976618,NA,NA,NA,NA,NA,0.05010660506,NA,NA,NA,NA
"316",2020-05-31,33013,280.81969315856,328,3.64403576984424,NA,NA,NA,NA,NA,NA,NA,NA,NA,12.5163936,1.551636615,NA,6.2191509,198.564925425,NA,51.951464612,7.87515008,2.08469376,0.042345303,0,0.01393286356,NA,NA,NA,NA,NA,NA,NA,NA,NA
"317",2020-06-01,33013,322.082955842599,332,3.82550701214966,NA,NA,NA,NA,NA,NA,NA,NA,NA,16.0961256,1.8037212,1.210403535,6.81310485,222.040223325,NA,61.719025446,10.044538624,2.06694126,NA,0.184369476599,NA,NA,NA,NA,NA,0.104502526,NA,NA,NA,NA
"318",2020-06-02,33013,327.567817260288,337,3.86740538773987,NA,NA,NA,NA,NA,NA,NA,NA,NA,15.3481356,1.496103936,1.43334444,5.73164595,230.44187684,NA,61.119967908,8.852176596,2.5007634,0.04194858093,0.549834128298,NA,NA,NA,NA,NA,0.05201988106,NA,NA,NA,NA
"319",2020-06-03,33013,345.97965839153,336,3.89483413203407,NA,NA,NA,NA,NA,NA,NA,NA,NA,16.19699508,1.557219216,1.290743135,6.056250225,244.54707891,NA,64.62320508,8.9641903,2.375,0.08183014293,0.18356508,NA,NA,NA,NA,NA,0.1035812226,NA,NA,NA,NA
"320",2020-06-04,33013,350.59021870937,341,3.95444940976484,NA,NA,NA,NA,NA,NA,NA,NA,NA,16.5197792,1.59744,1.437908505,6.20182215,245.74608492,NA,65.577811866,10.20695624,2.81344362,0.120103269,NA,0.01357733677,NA,NA,NA,NA,0.3552916026,NA,NA,NA,NA
"321",2020-06-05,33013,368.826523681,341,3.99940628816414,NA,NA,NA,NA,NA,NA,NA,NA,NA,14.78504,1.39748328,1.610397415,5.58493755,259.71304472,NA,72.74211349,9.656164605,2.92778277,0.158635401,NA,NA,NA,NA,NA,NA,0.25092445,NA,NA,NA,NA
"322",2020-06-06,33013,364.48106753793,353,3.89525684913016,NA,NA,NA,NA,NA,NA,NA,NA,NA,13.93628207,1.113714672,NA,5.668463268,259.82708333,NA,71.570600178,9.112537632,2.96712322,0.08140048293,NA,NA,NA,NA,NA,NA,0.203862685,NA,NA,NA,NA
"323",2020-06-07,33013,304.461844025862,354,3.74242483919884,NA,NA,NA,NA,NA,NA,NA,NA,NA,14.68800068,1.777777776,1.271771765,6.609259725,212.386418568,NA,57.003048176,7.456965384,2.52447547,0.08382154914,0.398884968222,NA,NA,NA,NA,0,0.2614199645,NA,NA,NA,NA
"324",2020-06-08,33013,362.824017038971,357,3.90968542305967,NA,NA,NA,NA,NA,NA,NA,NA,NA,19.137615,2.001282864,1.359767832,6.77785665,250.786579358,NA,70.31037502,9.26454672,2.58829457,0,0.192797624971,NA,NA,NA,NA,NA,0.4049014,NA,NA,NA,NA
"325",2020-06-09,33013,376.534737343305,357,3.94850719803539,NA,NA,NA,NA,NA,NA,NA,NA,NA,17.9131246,1.540540512,1.42266015,6.54059235,265.3375564,NA,70.81252553,9.073520016,2.96294398,0.1633011087,0.385509771035,NA,NA,0.07335231507,NA,NA,0.3091106105,NA,NA,NA,NA
"326",2020-06-10,33013,380.413041477964,365,3.95986414780642,NA,NA,NA,NA,NA,NA,NA,NA,NA,18.9094801,1.708167391,1.169811342,6.22309875,269.33787468,NA,69.346796142,9.746480845,3.09164965,NA,0.575242865964,NA,NA,NA,NA,NA,0.304439712,NA,NA,NA,NA
"327",2020-06-11,33013,379.176570398,368,3.90896855316455,NA,NA,NA,NA,NA,NA,NA,NA,NA,17.86932792,1.639056958,1.272846366,5.8554819,271.67901742,NA,67.960788191,9.63928437,3.206478,0.040727944,NA,0.013561329,NA,NA,NA,NA,NA,NA,NA,NA,NA
"328",2020-04-22,33001,30.0733701699,28,3.5514391826358,NA,NA,NA,NA,NA,NA,NA,NA,NA,NA,2.60372556,NA,2.79860499,5.6556492237,10.63836375,4.7748602342,3.602166412,NA,NA,NA,NA,NA,NA,NA,NA,NA,NA,NA,NA,NA
"329",2020-04-23,33001,34.2028632532,28,3.57014831687092,NA,NA,NA,NA,NA,NA,NA,NA,NA,NA,3.0495867,NA,2.895286322,6.9698981382,11.78511126,5.6731334,3.829847433,NA,NA,NA,0,NA,NA,NA,NA,NA,NA,NA,NA,NA
"330",2020-04-26,33001,29.5688549898,31,2.03483441558584,NA,NA,NA,NA,NA,NA,NA,NA,NA,NA,2.45215305,NA,2.470588272,5.56596339,11.095923132,3.8641254018,4.120101744,NA,NA,NA,NA,NA,NA,NA,NA,NA,NA,NA,NA,NA
"331",2020-04-27,33001,31.61233007338,35,3.30336965764716,NA,NA,NA,NA,NA,NA,NA,NA,NA,NA,2.445570687,NA,2.56639248,6.2365911663,12.16267584,4.5245218998,3.626373696,NA,NA,NA,NA,NA,NA,NA,NA,0.05020430428,NA,NA,NA,NA
"332",2020-04-28,33001,38.6766601336,34,3.66890879521588,NA,NA,NA,NA,NA,NA,NA,NA,NA,NA,2.924028996,NA,3.106443264,7.5583052988,14.6935224,5.9700568278,4.327456511,NA,NA,NA,NA,NA,NA,NA,NA,0.096846836,NA,NA,NA,NA
"333",2020-04-30,33001,43.6905354442,34,3.53013996309468,NA,NA,NA,NA,NA,NA,NA,NA,NA,NA,2.965561184,NA,3.34948675,8.1025595682,17.90770416,6.787517256,4.577706526,NA,NA,NA,NA,NA,NA,NA,NA,NA,NA,NA,NA,NA
"334",2020-05-04,33001,51.172985181,40,3.6465219749108,NA,NA,NA,NA,NA,NA,NA,NA,NA,NA,3.70230861,NA,3.780460585,9.809074684,20.87687209,7.698928002,5.30534121,NA,NA,NA,NA,NA,NA,NA,NA,NA,NA,NA,NA,NA
"335",2020-05-05,33001,56.7440109424,40,3.72171481426616,NA,NA,NA,NA,NA,NA,NA,NA,NA,NA,3.69504146,NA,3.722578884,12.58166585,23.16238323,7.8884282744,5.638554012,NA,NA,NA,NA,NA,NA,NA,NA,0.055359232,NA,NA,NA,NA
"336",2020-05-06,33001,58.4809735122,41,3.75417746694163,NA,NA,NA,NA,NA,NA,NA,NA,NA,NA,3.64137926,NA,4.00162869,13.063525398,23.9418585,8.8389440012,4.993637663,NA,NA,NA,NA,NA,NA,NA,NA,0,NA,NA,NA,NA
"337",2020-05-07,33001,61.360538341,42,3.74109853709769,NA,NA,NA,NA,NA,NA,NA,NA,NA,NA,3.86039885,NA,3.761339058,13.574632328,25.01232856,9.090132225,6.06170732,NA,NA,0,NA,NA,NA,NA,NA,NA,NA,NA,NA,NA
"338",2020-05-09,33001,63.70603575742,44,3.51474499080882,NA,NA,NA,NA,NA,NA,NA,NA,NA,NA,3.556080216,NA,4.232022498,14.616067488,26.30878092,8.7954543144,6.056618925,NA,NA,0.14101139602,NA,NA,NA,NA,NA,NA,NA,NA,NA,NA
"339",2020-05-10,33001,59.085703292,46,3.47705219068613,NA,NA,NA,NA,NA,NA,NA,NA,NA,NA,3.021855934,NA,3.940907685,14.010648354,23.76275286,7.487936195,6.826599824,NA,0.03500244,0,NA,NA,NA,NA,NA,NA,NA,NA,NA,NA
"340",2020-05-11,33001,59.397738839746,46,3.63528642859334,NA,NA,NA,NA,NA,NA,NA,NA,NA,NA,3.598308719,NA,3.716694804,12.5484452912,25.12979967,7.7199079146,6.341510344,NA,NA,0.289018052126,NA,NA,NA,NA,NA,0.05405404482,NA,NA,NA,NA
"341",2020-05-12,33001,63.7055628952,47,3.65295217767159,NA,NA,NA,NA,NA,NA,NA,NA,NA,NA,3.460884281,NA,3.859353176,14.4540694604,27.02182326,8.7448645668,6.109789557,NA,NA,NA,NA,NA,NA,NA,NA,0.054778594,NA,NA,NA,NA
"342",2020-05-13,33001,72.23000548288,47,3.78663697741213,NA,NA,NA,NA,NA,NA,NA,NA,NA,NA,3.687088147,NA,3.980706663,17.696076272,29.6041,10.676310003,6.532766676,NA,0,NA,NA,NA,NA,NA,NA,0.05295772188,NA,NA,NA,NA
"343",2020-05-14,33001,77.397042322501,49,3.83453650227896,NA,NA,NA,NA,NA,NA,NA,NA,NA,NA,4.30692015,NA,4.370274596,19.28124065,29.64317028,11.78342781,7.690657404,NA,0.03466909523,0.286682337271,NA,NA,NA,NA,NA,NA,NA,NA,NA,NA
"344",2020-05-17,33001,82.09775458606,53,3.60377993142548,NA,NA,NA,NA,NA,NA,NA,NA,NA,NA,4.61041724,NA,4.72353858,20.528656037,30.1378462,11.538986805,10.506000323,NA,NA,NA,NA,NA,NA,NA,NA,0.05230940106,NA,NA,NA,NA
"345",2020-05-18,33001,74.423810129,53,3.7523258024651,NA,NA,NA,NA,NA,NA,NA,NA,NA,NA,4.69044004,NA,4.852454901,16.082317782,30.41533648,9.800893348,8.477515372,NA,NA,NA,NA,NA,NA,NA,NA,0.104852206,NA,NA,NA,NA
"346",2020-05-19,33001,79.886777888,53,3.78017956772844,NA,NA,NA,NA,NA,NA,NA,NA,NA,NA,4.69174068,NA,4.425097852,19.134987924,32.85088443,10.626836115,8.052437149,NA,NA,NA,NA,NA,NA,NA,NA,0.104793738,NA,NA,NA,NA
"347",2020-05-20,33001,89.743212979,54,3.89221129223412,NA,NA,NA,NA,NA,NA,NA,NA,NA,NA,5.3095152,NA,5.217889887,22.3549608,35.8146964,12.364105614,8.664666318,NA,NA,NA,NA,NA,NA,0.01737876,NA,NA,NA,NA,NA,NA
"348",2020-05-25,33001,82.5996063972,55,3.6195725886094,NA,NA,NA,NA,NA,NA,NA,NA,NA,NA,4.9627031,NA,5.743190648,20.75335115,31.67489864,10.2159229792,9.24953988,NA,NA,NA,NA,NA,NA,NA,NA,0,NA,NA,NA,NA
"349",2020-05-26,33001,92.27046297588,56,3.85424103033532,NA,NA,NA,NA,NA,NA,NA,NA,NA,NA,5.39387628,NA,4.617595828,23.001631928,36.90743984,12.055729748,10.243378496,NA,NA,NA,NA,NA,NA,NA,NA,0.05081085588,NA,NA,NA,NA
"350",2020-05-27,33001,110.423705473,57,3.92024933357483,NA,NA,NA,NA,NA,NA,NA,NA,NA,NA,6.0269453,NA,5.783659432,30.497997876,41.12327376,15.930956032,11.060873073,NA,NA,NA,NA,NA,NA,NA,NA,NA,NA,NA,NA,NA
"351",2020-06-01,33001,97.677174813,60,3.84346608288816,NA,NA,NA,NA,NA,NA,NA,NA,NA,NA,5.46369936,NA,5.37974685,25.110306565,39.02749972,12.418691214,10.277231104,NA,NA,0,NA,NA,NA,NA,NA,NA,NA,NA,NA,NA
"352",2020-06-02,33001,102.502797399649,63,3.83768716709324,NA,NA,NA,NA,NA,NA,NA,NA,NA,NA,5.04044496,NA,6.10749165,29.12304612,39.54572332,13.377663756,9.125151432,NA,NA,0.183276161649,NA,NA,NA,NA,NA,NA,NA,NA,NA,NA
"353",2020-06-03,33001,105.203581038,63,3.89842911186543,NA,NA,NA,NA,NA,NA,NA,NA,NA,NA,5.64705888,NA,5.962499775,29.331846103,40.65240816,12.87582282,10.7339453,NA,NA,NA,NA,NA,NA,NA,NA,0,NA,NA,NA,NA
"354",2020-06-07,33001,114.774605629,68,3.74647815903852,NA,NA,NA,NA,NA,NA,NA,NA,NA,NA,5.76,NA,6.609259725,32.75295462,42.95739378,15.529069984,11.16592752,NA,NA,NA,NA,NA,NA,NA,NA,0,NA,NA,NA,NA
"355",2020-06-08,33001,111.759036051,70,3.9123537318295,NA,NA,NA,NA,NA,NA,NA,NA,NA,NA,5.603592,NA,6.600425775,28.230896866,45.46219713,14.38022108,11.4817032,NA,NA,NA,NA,NA,NA,NA,NA,NA,NA,NA,NA,NA
"356",2020-06-09,33001,114.74306296788,70,3.94018914975439,NA,NA,NA,NA,NA,NA,NA,NA,NA,NA,5.9351352,NA,6.233437575,32.231344458,45.59598645,14.20054148,10.454274072,NA,0.04082532693,NA,NA,NA,NA,NA,NA,0.05151840595,NA,NA,NA,NA
"357",2020-06-10,33001,119.134739207,70,3.95899236910257,NA,NA,NA,NA,NA,NA,NA,NA,NA,NA,6.36088943,NA,6.294834975,32.70163617,46.90527765,15.360825077,11.511275905,NA,NA,NA,NA,NA,NA,NA,NA,NA,NA,NA,NA,NA
