"","local_date","next_area_fip","inflow_cases","next_area_cases","9011","9015","23003","23029","25005","25007","25019","25021","25023","25027","26099","26115","36019","36029","36033","36089","39123","44001","44003","44005","44007","44009","50011","50013"
"1",2020-04-22,44009,189.4985201682,209,17.284853975,NA,NA,NA,8.7961335732,NA,NA,NA,NA,NA,NA,NA,NA,NA,NA,NA,NA,NA,40.48462956,7.65753846,115.2753646,NA,NA,NA
"2",2020-04-23,44009,199.5619355491,209,18.079344267,NA,NA,NA,12.0622191891,NA,NA,NA,NA,NA,NA,NA,0.0244361,NA,NA,NA,NA,NA,44.85275996,7.12594553,117.417230503,NA,NA,NA
"3",2020-04-24,44009,221.5674034687,272,19.32326592,NA,NA,NA,12.4666939797,NA,NA,NA,NA,NA,NA,NA,NA,NA,NA,NA,NA,NA,49.19942722,7.142206312,133.435810037,NA,NA,NA
"4",2020-04-25,44009,260.045016845,282,23.470847939,NA,NA,NA,NA,NA,NA,NA,NA,NA,NA,NA,NA,NA,NA,NA,NA,NA,61.28141008,7.69136927,167.601389556,NA,NA,NA
"5",2020-04-26,44009,160.235965168,292,18.344056092,NA,NA,NA,NA,NA,NA,NA,NA,NA,NA,NA,NA,0,NA,NA,NA,NA,43.06558198,6.05514717,92.771179926,NA,NA,NA
"6",2020-04-27,44009,214.52306095,292,20.052310056,NA,NA,NA,NA,NA,NA,NA,NA,NA,NA,NA,NA,NA,NA,NA,NA,NA,49.849458684,6.98116455,137.64012766,NA,NA,NA
"7",2020-04-28,44009,293.05822068306,313,23.62691134,NA,NA,0.00173611206,18.205567713,NA,NA,NA,NA,NA,NA,NA,NA,NA,NA,NA,NA,NA,65.3507897,8.874597978,176.99861784,NA,NA,NA
"8",2020-04-30,44009,305.05453911,330,23.307902352,NA,NA,NA,20.139787978,NA,NA,NA,NA,NA,NA,NA,NA,NA,NA,NA,NA,NA,65.72103626,10.07682232,185.8089902,NA,NA,NA
"9",2020-05-01,44009,334.882781584,344,28.694302524,NA,NA,NA,19.893908928,NA,NA,NA,NA,NA,NA,NA,NA,NA,NA,NA,NA,NA,75.46315678,10.365776745,200.465636607,NA,NA,NA
"10",2020-05-02,44009,389.546755454,350,33.765087356,NA,NA,NA,NA,NA,NA,NA,NA,NA,NA,NA,NA,NA,NA,NA,NA,NA,96.12955125,10.943213268,248.70890358,NA,NA,NA
"11",2020-05-03,44009,368.905825691,356,29.396786419,NA,NA,NA,NA,NA,NA,NA,NA,NA,NA,NA,NA,NA,NA,NA,NA,NA,87.94663754,9.435769796,242.126631936,NA,NA,NA
"12",2020-05-04,44009,370.0598750713,363,31.094781159,NA,NA,NA,23.2265212993,NA,NA,NA,NA,NA,NA,NA,NA,NA,NA,NA,NA,NA,84.075285,9.994532079,221.668755534,NA,NA,NA
"13",2020-05-05,44009,395.9533471985,363,32.1237915,NA,NA,NA,21.8615616835,NA,NA,NA,NA,NA,NA,NA,NA,NA,NA,NA,NA,NA,88.18376463,9.871681351,243.912548034,NA,NA,NA
"14",2020-05-06,44009,408.385214651,363,34.498653376,NA,NA,0,26.850428424,NA,NA,NA,NA,NA,NA,NA,NA,NA,NA,NA,NA,NA,88.91928541,11.518041591,246.59880585,NA,NA,NA
"15",2020-05-07,44009,411.0465714489,363,38.484255908,NA,NA,NA,30.1971577719,NA,NA,NA,NA,NA,NA,NA,NA,NA,NA,NA,NA,NA,90.49659245,11.894059023,239.974506296,NA,NA,NA
"16",2020-05-08,44009,415.439669694,363,36.840683285,NA,NA,0,31.05650405,NA,NA,NA,NA,NA,NA,NA,NA,NA,NA,NA,NA,NA,90.42432405,11.160915899,245.95724241,NA,NA,NA
"17",2020-05-09,44009,341.525306975,363,42.19080315,NA,NA,NA,NA,NA,NA,NA,NA,NA,NA,NA,NA,NA,NA,NA,NA,NA,85.30365096,10.774575469,203.256277396,NA,NA,NA
"18",2020-05-10,44009,374.952949788094,363,39.161084366,NA,NA,NA,NA,NA,NA,NA,NA,NA,NA,NA,NA,0.156888087094,NA,NA,NA,NA,86.71983743,9.199999977,239.715139928,NA,NA,NA
"19",2020-05-11,44009,461.444347248683,406,35.502430208,NA,NA,NA,31.9802816642,NA,NA,NA,NA,NA,NA,NA,NA,0.157012596483,NA,NA,NA,NA,101.58987552,11.892717564,280.322029696,NA,NA,NA
"20",2020-05-12,44009,481.1979412405,411,36.183332302,NA,NA,NA,31.2228022625,NA,NA,NA,NA,NA,NA,NA,NA,NA,NA,NA,NA,NA,104.122739,13.15823822,296.510829456,NA,NA,NA
"21",2020-05-13,44009,527.1504384789,425,41.796439284,NA,NA,NA,34.2450959069,NA,NA,NA,NA,NA,NA,NA,NA,NA,NA,NA,NA,NA,114.26109183,15.68918441,321.158627048,NA,NA,NA
"22",2020-05-14,44009,574.143089601,425,45.724620473,NA,NA,0,40.011569376,NA,NA,NA,NA,NA,NA,NA,NA,NA,NA,NA,NA,NA,121.29823097,15.474493022,351.63417576,NA,NA,NA
"23",2020-05-15,44009,586.22077765799,425,48.362292136,NA,NA,NA,38.657741148,NA,NA,NA,NA,NA,NA,NA,NA,NA,NA,NA,NA,NA,119.72719737,16.882551704,362.535872792,NA,0.05512250799,NA
"24",2020-05-16,44009,679.4618649612,425,54.82657552,NA,NA,NA,44.0974770852,NA,NA,NA,NA,NA,NA,NA,NA,NA,NA,NA,NA,NA,130.58860951,18.308550782,431.640652064,NA,NA,NA
"25",2020-05-17,44009,503.892770915,425,45.11706777,NA,NA,NA,33.783447814,NA,NA,NA,NA,NA,NA,NA,NA,NA,NA,NA,NA,NA,105.84297601,14.820944537,304.328334784,NA,NA,NA
"26",2020-05-18,44009,509.796040043821,425,46.701128916,NA,0,NA,33.5621111328,NA,NA,NA,NA,NA,NA,NA,NA,0.339439104021,NA,NA,NA,NA,110.91216422,15.067988447,303.213208224,NA,NA,NA
"27",2020-05-19,44009,551.04175417598,425,47.90180648,NA,NA,0.00166250998,42.24547552,NA,NA,NA,NA,NA,NA,NA,NA,NA,NA,NA,NA,NA,118.77893484,14.706912466,327.40696236,NA,NA,NA
"28",2020-05-20,44009,667.7799418815,462,50.164729216,NA,NA,NA,41.5572163335,NA,NA,NA,NA,NA,NA,NA,NA,NA,NA,NA,NA,NA,138.88387534,17.0002942,420.173826792,NA,NA,NA
"29",2020-05-21,44009,659.1439684808,471,51.297219456,NA,NA,NA,43.6384290748,NA,NA,NA,NA,NA,NA,NA,NA,NA,NA,NA,NA,NA,140.16539852,18.59797159,405.44494984,NA,NA,NA
"30",2020-05-22,44009,872.8906905366,482,59.87598981,NA,NA,NA,60.0598585186,NA,NA,NA,NA,NA,NA,NA,NA,NA,NA,NA,NA,5.976525544,159.4343655,17.711528764,569.8324224,NA,NA,NA
"31",2020-05-23,44009,567.85027814297,485,54.8116445,NA,NA,NA,NA,NA,NA,NA,NA,NA,NA,NA,NA,NA,NA,NA,NA,NA,130.25456265,16.829082994,365.899680755,NA,0.05530724397,NA
"32",2020-05-24,44009,689.1396663468,486,61.314667534,NA,NA,NA,48.4938170648,NA,NA,NA,NA,NA,NA,NA,NA,0,NA,NA,NA,NA,144.39198674,16.698269244,418.240925764,NA,NA,NA
"33",2020-05-25,44009,570.261942832,486,56.160874231,NA,NA,NA,NA,NA,NA,NA,NA,NA,NA,NA,NA,NA,NA,NA,NA,NA,125.89910446,18.13218792,370.069776221,NA,NA,NA
"34",2020-05-26,44009,715.0521411914,486,66.49484525,NA,NA,NA,51.0519544704,NA,NA,NA,NA,NA,NA,NA,NA,0,NA,NA,NA,NA,138.22327259,19.122170076,440.159898805,NA,NA,NA
"35",2020-05-27,44009,888.38830740191,493,68.727889503,NA,NA,NA,62.2332598011,NA,NA,NA,NA,NA,NA,NA,NA,0.38171119581,NA,NA,NA,NA,156.37378968,20.24854987,580.423107352,NA,NA,NA
"36",2020-05-28,44009,744.0196298082,496,64.777567866,NA,NA,NA,55.8366917352,NA,NA,NA,NA,NA,NA,NA,NA,NA,NA,NA,NA,NA,153.36135486,20.119424619,449.924590728,NA,NA,NA
"37",2020-05-29,44009,748.493327305,499,64.074615144,NA,NA,NA,52.811645733,NA,NA,NA,NA,NA,NA,NA,NA,NA,0,NA,NA,NA,152.7292548,20.361708256,458.516103372,NA,NA,NA
"38",2020-05-30,44009,829.3345229706,499,68.801015264,NA,NA,NA,68.3642417586,NA,NA,NA,NA,NA,NA,NA,NA,NA,NA,NA,NA,5.267080672,154.96126216,19.131261884,512.809661232,NA,NA,NA
"39",2020-05-31,44009,862.0209189338,499,71.098813016,NA,NA,NA,71.0593047618,NA,NA,NA,NA,NA,NA,NA,NA,NA,NA,NA,NA,6.844995584,150.6021108,20.95742596,541.458268812,NA,NA,NA
"40",2020-06-01,44009,715.3573251196,499,73.598844726,NA,NA,NA,50.6674961936,NA,NA,NA,NA,NA,NA,NA,NA,0,NA,NA,NA,NA,151.0790876,20.402259348,419.609637252,NA,0,NA
"41",2020-06-02,44009,736.321924082,499,65.932221622,NA,NA,NA,49.554391536,NA,NA,NA,NA,NA,NA,NA,NA,NA,NA,NA,NA,6.051184832,154.85940752,19.398928176,440.525790396,NA,NA,NA
"42",2020-06-03,44009,748.791478868,499,70.8541889,NA,NA,NA,53.313604524,NA,NA,NA,NA,NA,NA,NA,NA,NA,NA,NA,NA,6.059701536,154.11822092,20.499577528,443.94618546,NA,NA,NA
"43",2020-06-04,44009,984.931122616,499,76.737960288,NA,NA,NA,78.999956832,NA,NA,NA,NA,NA,NA,NA,NA,NA,NA,NA,NA,7.635236448,171.75069824,20.498477576,629.308793232,NA,NA,NA
"44",2020-06-05,44009,800.7107786841,499,70.27521024,NA,NA,NA,63.3560489401,NA,NA,NA,NA,NA,NA,NA,NA,NA,NA,NA,NA,NA,161.36619584,22.260957408,483.452366256,NA,NA,NA
"45",2020-06-06,44009,794.935907894,499,77.0050826,NA,NA,0,64.908674586,NA,NA,NA,NA,NA,NA,NA,NA,NA,NA,NA,NA,NA,156.65085832,18.540338048,477.83095434,NA,NA,NA
"46",2020-06-07,44009,654.351470418,499,72.765995181,NA,NA,0.000795545,NA,NA,NA,NA,NA,NA,0,NA,NA,NA,NA,NA,NA,NA,149.55415048,19.30849836,412.722030852,NA,NA,NA
"47",2020-06-08,44009,977.1835893696,513,78.29952256,9.615464692,NA,NA,74.6979101946,NA,NA,NA,NA,NA,NA,NA,NA,NA,NA,NA,NA,6.593823159,167.6699817,24.123992361,616.182894703,NA,NA,NA
"48",2020-06-09,44009,1025.07701471817,513,81.489525942,10.93717986,NA,NA,74.0743166352,NA,NA,NA,NA,NA,NA,NA,0.04258125497,NA,NA,NA,NA,6.386598141,179.8266834,23.244304257,649.075825228,NA,NA,NA
"49",2020-06-10,44009,930.5978296406,513,80.20126749,NA,NA,NA,67.9953524966,NA,NA,NA,NA,NA,NA,NA,0,NA,0.013545344,NA,NA,8.257660026,177.54955465,24.995261034,571.5851886,NA,NA,NA
"50",2020-06-11,44009,805.1015773107,513,67.24376966,NA,0.0052002101,NA,61.4150993376,NA,NA,NA,NA,NA,NA,NA,NA,NA,NA,NA,NA,NA,160.47469685,25.934977026,490.027834227,NA,NA,NA
"51",2020-06-12,44009,1203.040932904,513,88.69977945,10.704857043,NA,NA,88.692414912,NA,NA,NA,NA,NA,NA,NA,0,NA,NA,NA,NA,NA,198.4592376,24.322110323,792.162533576,NA,NA,NA
"52",2020-04-26,44003,505.3421580732,526,NA,2.2347694,NA,NA,26.6833315732,NA,NA,NA,NA,NA,NA,NA,NA,NA,NA,NA,NA,3.215527254,NA,4.41727938,426.253426306,42.53782416,0,NA
"53",2020-05-16,44003,1531.845717062,883,NA,7.215036896,NA,NA,108.47507766,NA,NA,NA,NA,NA,NA,NA,NA,NA,NA,NA,NA,8.998623416,NA,15.90228325,1303.60436184,87.650334,NA,NA
"54",2020-05-17,44003,1239.022173937,883,NA,6.210106548,NA,NA,87.98822999,NA,NA,NA,NA,NA,NA,NA,NA,NA,NA,NA,NA,6.39276786,NA,13.931687719,1044.03346032,80.4659215,NA,NA
"55",2020-05-23,44003,1627.50873491484,1005,NA,6.869795862,0.00411099984,NA,124.246793538,NA,NA,NA,NA,NA,NA,NA,NA,NA,NA,NA,NA,11.250380757,NA,15.768983438,1369.53835097,99.83031935,NA,NA
"56",2020-05-31,44003,1711.964960218,1052,NA,9.63262656,NA,NA,135.22255673,NA,NA,NA,NA,NA,NA,0.07006668,NA,0,NA,NA,NA,10.118688608,NA,17.99802072,1443.88865052,95.0343504,NA,NA
"57",2020-06-05,44003,2003.430562782,1052,NA,9.336247515,NA,NA,181.060198877,NA,NA,NA,NA,NA,NA,NA,NA,NA,NA,NA,NA,12.693984576,NA,15.980632624,1668.8403954,115.51910379,NA,NA
"58",2020-04-22,44007,594.493458038,3727,NA,5.207317094,NA,0,194.69905524,NA,NA,148.840673904,NA,83.81510208,NA,NA,NA,NA,NA,NA,NA,14.11983484,111.91440048,9.07291297,NA,26.82416143,0,NA
"59",2020-04-23,44007,634.20716952606,3727,NA,5.886630942,NA,0.00168067206,220.04126448,NA,NA,155.799993502,NA,93.36655683,NA,NA,NA,NA,NA,NA,NA,13.6,109.81351442,9.22393967,NA,26.47358901,NA,NA
"60",2020-04-24,44007,742.773529620703,4603,NA,6.454881166,NA,NA,277.76257362,NA,0.0305084781,166.931425921,NA,99.530451039,NA,NA,NA,0.087715896603,NA,NA,NA,20.33836956,128.1304746,10.24926774,NA,33.2578616,NA,NA
"61",2020-04-25,44007,832.656532374474,4916,NA,8.350815363,NA,0.00167926202,312.95617299,NA,NA,187.257292356,NA,113.58005926,NA,NA,NA,0.095676813454,NA,NA,NA,21.23386752,145.09782128,10.03049697,NA,34.05265056,NA,NA
"62",2020-04-26,44007,634.636403402,5266,NA,6.436135715,NA,0.005381166,247.0627751,NA,NA,130.101785056,NA,77.884673796,NA,NA,NA,NA,NA,NA,NA,15.37022106,122.41195084,8.784926145,NA,26.578554524,NA,NA
"63",2020-04-27,44007,753.673558475458,5266,NA,6.813323748,NA,NA,288.30252178,0.0315789465,NA,159.580685344,NA,98.512011144,NA,NA,NA,0.204715037958,NA,NA,NA,21.09420801,137.0043533,9.755137125,NA,32.37502404,NA,NA
"64",2020-04-28,44007,889.2489865561,5520,NA,7.219943708,NA,NA,329.2406694,NA,0.0355987071,190.332384233,NA,121.216441862,NA,NA,NA,NA,NA,NA,NA,23.11440174,167.60397626,11.004501846,NA,39.4810688,NA,NA
"65",2020-04-30,44007,984.2639283893,6290,NA,8.607375432,0,NA,363.5841914,0.0685483843,0,213.683079632,NA,135.04930995,NA,NA,NA,0,NA,NA,NA,27.73514172,180.45310366,13.207485011,NA,41.8756932,NA,NA
"66",2020-05-01,44007,1056.26646853282,6579,NA,8.920426,NA,0.00176522602,407.35146672,NA,0.0702875338,224.36356392,NA,141.253719813,NA,NA,0,NA,NA,NA,NA,30.17768806,191.13392848,11.6797491,NA,41.31387368,NA,NA
"67",2020-05-02,44007,1150.8613166736,6822,NA,11.625248193,NA,0,456.48114952,NA,NA,234.095922754,NA,157.311210429,NA,NA,0.028571398,0.124663507598,NA,NA,NA,31.27696848,203.6551005,12.269662392,NA,43.9928195,NA,NA
"68",2020-05-03,44007,1059.0341590862,7028,NA,11.771024084,NA,0.0035461002,417.00693872,NA,NA,196.41566012,NA,139.154716464,NA,NA,NA,NA,NA,NA,NA,28.9704856,201.7697207,14.006221418,NA,49.93584588,NA,NA
"69",2020-05-04,44007,1196.890873225,7138,NA,12.275826059,NA,NA,456.7882209,0.08203125,NA,230.646730872,NA,157.103759817,NA,NA,NA,0,NA,NA,NA,36.99134824,227.18749065,15.742682557,NA,60.07278288,NA,NA
"70",2020-05-05,44007,1247.727009244,7138,NA,10.79285435,NA,NA,476.7988302,NA,NA,252.413966192,NA,175.791941235,NA,NA,0,0.133469082,NA,NA,NA,34.64020252,229.6400819,15.621681075,NA,51.89398269,NA,NA
"71",2020-05-06,44007,1291.1421756394,7138,NA,11.755515662,NA,NA,507.1539366,NA,NA,250.96930625,NA,184.143822128,NA,NA,0.06356514738,0.137626712016,NA,NA,NA,36.52615274,230.52842082,16.62033268,NA,53.2434969,NA,NA
"72",2020-05-07,44007,1308.16228441186,7138,NA,12.4457935,NA,NA,516.79182583,NA,NA,253.995444852,NA,195.219625383,NA,NA,0.12689652,0.284143195864,NA,NA,NA,37.56477648,230.78282949,14.525935361,NA,46.4250138,NA,NA
"73",2020-05-08,44007,1382.577034545,7138,NA,13.333160919,NA,NA,560.3843555,NA,NA,270.860006097,NA,205.70970654,NA,NA,0,0,NA,NA,NA,38.44335572,229.25514722,14.999059299,NA,49.59224325,NA,NA
"74",2020-05-09,44007,1360.361788832,7138,NA,14.777777896,NA,NA,576.85276351,NA,NA,251.945654069,NA,197.705368137,NA,NA,NA,0.460975393,NA,NA,NA,34.5472281,226.11588666,13.042907367,NA,44.9132277,NA,NA
"75",2020-05-10,44007,1281.35528584107,7138,NA,15.11520777,NA,0.00167363998,539.19074734,NA,0,230.4721826,NA,192.660722046,NA,NA,NA,0.156888087094,NA,NA,NA,30.29263622,213.62288772,12.831578928,NA,47.01076149,NA,NA
"76",2020-05-11,44007,1420.9618898564,8674,NA,14.040419215,NA,NA,556.80736625,0.0900195574,NA,261.760639084,NA,192.55354827,NA,NA,NA,NA,NA,NA,NA,39.52941165,278.61981971,18.46033826,NA,59.10032786,NA,NA
"77",2020-05-12,44007,1410.1475919874,8798,NA,13.855004265,NA,NA,565.80179375,NA,0.0659340624,261.872918372,NA,198.475389693,NA,NA,0,0,NA,NA,NA,38.92406956,261.716632,16.296899935,NA,53.13895035,0,NA
"78",2020-05-13,44007,1526.731923206,9112,NA,14.264612908,NA,NA,595.20185162,NA,NA,282.887994829,NA,222.276754701,NA,NA,NA,NA,NA,NA,NA,45.12294268,290.29583938,17.886891588,NA,58.7950355,NA,NA
"79",2020-05-14,44007,1642.68932702973,9112,NA,14.810648118,NA,NA,659.0669888,0.1371428664,NA,287.008363308,NA,240.38843357,NA,NA,NA,0.156768097329,NA,NA,NA,47.72301852,307.9638217,21.41304305,NA,64.021099,NA,NA
"80",2020-05-15,44007,1747.42679544251,9112,NA,17.170648544,NA,0.00158982596,717.7679626,NA,NA,300.558911181,NA,260.211561818,NA,NA,NA,0.314574315564,NA,NA,NA,46.63999816,316.46963708,22.36246091,NA,65.8743285,0.05512250799,NA
"81",2020-05-16,44007,1810.777702308,9112,NA,20.289263088,NA,0,744.23333616,NA,NA,320.11264316,NA,277.26260377,NA,NA,NA,NA,NA,NA,NA,44.67737496,313.72288015,23.90573527,NA,66.57386575,NA,NA
"82",2020-05-17,44007,1564.90389420598,9112,NA,19.214177324,NA,0.00158102798,679.9548546,NA,NA,243.382805346,NA,220.682858148,NA,NA,NA,NA,NA,NA,NA,37.7518844,277.19785005,22.76497131,NA,63.952912,NA,NA
"83",2020-05-18,44007,1699.618657594,9112,NA,19.228974464,NA,NA,724.68339544,NA,NA,285.406545204,NA,237.820828216,NA,NA,NA,0,NA,NA,NA,40.98504408,302.34821543,21.76487126,NA,67.3807835,NA,NA
"84",2020-05-19,44007,1787.36667443758,9112,NA,17.215087868,NA,NA,744.7053344,NA,NA,332.056029625,NA,257.535586476,NA,NA,NA,0.502546532037,0.01117317654,NA,NA,42.1950744,309.0849668,20.39600691,NA,63.66486825,NA,NA
"85",2020-05-20,44007,1877.740503918,9976,NA,17.157831656,NA,NA,783.4681746,NA,NA,320.775368722,NA,266.2038738,NA,NA,NA,NA,NA,NA,NA,53.9052624,340.80949632,23.5947147,NA,71.82578172,0,NA
"86",2020-05-21,44007,1923.4940380746,10160,NA,18.914467824,0,NA,800.21012582,0.1178247746,NA,323.544511158,NA,277.955718261,NA,NA,0.042437898,0,NA,NA,NA,56.10946152,350.62718216,23.62608732,NA,72.23743014,0.108791199,NA
"87",2020-05-22,44007,2117.49171372381,10320,NA,20.982433452,NA,NA,869.46228466,NA,0.0880361196,368.161493984,NA,309.778740726,NA,NA,NA,0.352148842206,NA,NA,NA,59.31924735,375.86064385,27.45556032,NA,86.03112442,NA,NA
"88",2020-05-23,44007,1974.477357628,10519,NA,19.728644082,NA,NA,809.11256832,NA,NA,356.878099107,NA,298.277744679,NA,NA,NA,NA,NA,NA,NA,52.35754278,338.0008965,23.05716636,NA,77.0646958,0,NA
"89",2020-05-24,44007,1836.302513761,10607,NA,21.661303946,NA,NA,790.47723836,NA,NA,297.346070196,NA,283.519346967,NA,NA,NA,NA,0,NA,NA,46.29570975,320.70813159,20.987208252,NA,55.3075047,NA,NA
"90",2020-05-25,44007,1683.4902021316,10607,NA,22.50254784,NA,NA,702.40553199,NA,NA,249.143434136,NA,248.987818695,NA,0,NA,0,0.0119331806,NA,NA,48.75036222,314.28319935,26.58570744,NA,70.81966728,NA,NA
"91",2020-05-26,44007,2034.18309827853,10607,NA,23.558627995,NA,NA,843.05468522,NA,NA,322.454600478,NA,302.92034103,NA,NA,NA,0.75954563553,NA,NA,NA,56.49976017,367.32073905,29.76684324,NA,87.84795546,NA,NA
"92",2020-05-27,44007,2129.465503793,10874,NA,20.828512824,NA,0,853.28723706,0.285266462,NA,355.60364408,NA,334.640863557,NA,NA,NA,0.76341657,NA,NA,NA,62.48063952,379.0473564,26.6735716,NA,95.85499572,NA,NA
"93",2020-05-28,44007,2108.4652584149,10968,NA,21.3733905,NA,0.00169204804,857.37246516,NA,NA,351.747116037,NA,308.587654323,NA,NA,NA,0.77226091686,NA,NA,NA,65.13961518,386.10182904,27.14417169,NA,90.22506352,NA,NA
"94",2020-05-29,44007,2181.41037250907,11052,NA,19.36386292,NA,NA,916.1431587,NA,0.086859682,344.970351411,NA,339.393284672,NA,NA,NA,0.384493034065,NA,NA,NA,60.50395456,394.73451184,25.74155836,NA,80.08833733,NA,NA
"95",2020-05-30,44007,2282.07450010798,11052,NA,23.482941477,NA,NA,967.11094113,NA,NA,383.693150592,NA,362.278634223,NA,NA,NA,NA,NA,NA,NA,53.86335584,391.63344728,24.4488976,NA,75.50897441,0.05415755598,NA
"96",2020-05-31,44007,2091.410547282,11052,NA,28.40071104,NA,0.001668056,892.58877335,NA,NA,319.583313594,NA,320.866184982,NA,NA,NA,NA,NA,NA,0,55.45438304,363.56653964,28.38614016,NA,82.56283342,NA,NA
"97",2020-06-01,44007,2310.64883094982,11052,NA,26.437811332,NA,NA,975.12170404,NA,NA,366.082509798,NA,340.386984168,NA,NA,NA,0.201624273123,NA,NA,NA,64.06246784,405.52208804,32.46440496,NA,100.23888547,0.110061171,0.0202898577
"98",2020-06-02,44007,2326.27488633142,11052,NA,20.371781835,NA,0.00082372298,976.9722966,0.0640625,NA,403.2104754,NA,354.257781752,NA,NA,0.04375282097,0.200276818173,NA,NA,NA,59.55639648,405.88245064,25.59007584,NA,79.99601235,0.109573893,0.0191256793
"99",2020-06-03,44007,2337.46346634801,11052,NA,20.8194238,NA,0.00082034501,1000.53894091,NA,NA,412.011390483,NA,351.8927227,NA,NA,NA,NA,NA,NA,NA,61.01492768,389.9538872,24.42063752,NA,76.81071571,NA,NA
"100",2020-06-04,44007,2420.021948375,11052,NA,22.60521573,NA,0,1014.38358124,NA,NA,402.551856375,NA,400.56772644,NA,NA,NA,NA,0,NA,NA,60.28862336,403.88416612,26.69136984,NA,89.04940927,0,NA
"101",2020-06-05,44007,2493.199259,11052,NA,24.33863214,NA,NA,1048.52766665,NA,NA,421.89229104,NA,395.886772,NA,NA,NA,NA,NA,NA,NA,62.00523168,416.43234848,27.85728968,NA,96.10054873,0.1584786,NA
"102",2020-06-06,44007,2475.600124652,11052,NA,26.51661168,NA,NA,1063.6949151,NA,NA,438.304509912,NA,406.720727424,NA,0,NA,NA,NA,NA,NA,53.62569632,394.9336344,22.889305476,NA,68.91472434,NA,NA
"103",2020-06-07,44007,2284.744267408,11052,NA,29.80029318,NA,NA,999.07081365,NA,NA,353.107865002,NA,370.117123656,NA,NA,NA,NA,NA,NA,NA,57.13975232,379.64640172,28.2201128,NA,67.64190508,NA,NA
"104",2020-06-08,44007,2460.93564070759,11959,NA,27.579241012,NA,NA,1059.06451284,NA,NA,381.89215407,NA,354.455974278,NA,NA,NA,0.632644927593,NA,NA,NA,70.04585973,432.88906505,36.29087608,NA,98.08531272,NA,NA
"105",2020-06-09,44007,2549.405170452,11959,NA,26.05838184,NA,NA,1095.0390528,NA,NA,422.20541903,NA,380.767069782,NA,NA,0,NA,NA,NA,NA,63.21649257,427.49710705,34.44383331,NA,100.17781407,NA,NA
"106",2020-06-10,44007,2634.76371612907,11959,NA,26.231923982,0.0052659301,NA,1146.74945036,NA,NA,442.896884968,NA,375.7149525,NA,NA,0.04259987897,NA,NA,NA,NA,70.67270595,436.9639846,34.55435734,NA,100.93159062,NA,NA
"107",2020-06-11,44007,2493.744035026,11959,NA,26.085594969,NA,NA,1081.16162121,NA,NA,416.266722772,NA,368.237720885,NA,NA,NA,0,NA,NA,NA,67.76610456,421.4257177,27.74439369,NA,85.05615924,NA,NA
"108",2020-06-12,44007,2720.304341879,11959,NA,27.020533581,NA,NA,1175.8796064,NA,NA,460.097652266,NA,423.126852042,NA,NA,NA,NA,NA,NA,NA,64.40000028,447.8464445,31.09936438,NA,90.83388843,NA,NA
"109",2020-05-04,44001,232.832684027604,154,NA,NA,0,NA,76.541940948,NA,NA,NA,NA,NA,NA,NA,NA,0.132172735604,NA,NA,NA,NA,7.452888947,9.580251065,139.125430332,NA,NA,NA
"110",2020-04-30,44003,802.030040895,622,NA,NA,0,NA,54.1638248,NA,NA,NA,NA,NA,NA,NA,NA,0.113001993,NA,NA,NA,4.846194067,NA,7.043992135,679.1538182,56.7092097,NA,NA
"111",2020-05-02,44003,958.3605809849,675,NA,NA,0.0027609049,NA,55.48300406,NA,NA,NA,NA,NA,NA,NA,0,NA,NA,NA,NA,4.478134032,NA,7.769207628,822.41004186,68.2174325,NA,NA
"112",2020-05-21,44003,1660.535167705,974,NA,NA,0,NA,123.168839472,NA,NA,NA,NA,NA,NA,NA,NA,0,NA,NA,NA,11.165120328,NA,14.175651765,1411.849348,100.17620814,NA,NA
"113",2020-05-30,44003,1962.7151872952,1052,NA,NA,0.0053106702,NA,175.630308183,NA,NA,NA,NA,NA,NA,0,NA,NA,NA,NA,NA,11.925465664,NA,18.214428468,1651.13973324,105.79994107,NA,NA
"114",2020-06-06,44003,2027.7585572877,1052,NA,NA,0.0051894097,NA,193.79433387,NA,NA,NA,NA,NA,NA,NA,NA,NA,NA,NA,NA,13.142612224,NA,16.136960984,1704.5516178,100.127843,NA,NA
"115",2020-06-10,44003,2168.8867145131,1105,NA,NA,0.0052659301,NA,182.164280022,NA,NA,NA,NA,NA,NA,NA,NA,NA,NA,0.072544318,NA,16.729804938,NA,21.030007085,1828.86415815,120.02065407,NA,NA
"116",2020-06-11,44003,2069.0949676961,1105,NA,NA,0.0052002101,NA,157.056311223,NA,NA,NA,NA,NA,NA,NA,NA,NA,NA,NA,NA,14.194251456,NA,18.395740657,1762.83421391,116.60925024,NA,NA
"117",2020-05-15,44003,1477.000640624,883,NA,NA,NA,0,114.16467621,NA,NA,NA,NA,NA,NA,NA,NA,NA,NA,NA,NA,8.399999604,NA,13.78280359,1253.73657272,86.9165885,NA,NA
"118",2020-05-22,44003,1840.885873028,985,NA,NA,NA,0,148.488418352,NA,NA,NA,NA,NA,NA,NA,NA,NA,NA,NA,NA,12.309859232,NA,16.042661584,1560.2234208,103.82151306,NA,NA
"119",2020-05-08,44005,254.264862476,161,NA,NA,NA,0,125.20264863,NA,NA,NA,NA,NA,NA,NA,NA,NA,NA,NA,NA,15.48307992,12.204007591,NA,86.789171776,14.585954559,NA,NA
"120",2020-04-22,44001,111.0768087406,68,NA,NA,NA,NA,34.169601168,NA,NA,NA,NA,NA,NA,NA,NA,NA,NA,NA,NA,NA,3.2573841726,5.44374809,68.20607531,NA,NA,NA
"121",2020-04-23,44001,112.6025719188,68,NA,NA,NA,NA,38.354086731,NA,NA,NA,NA,NA,NA,NA,NA,NA,NA,NA,NA,NA,3.4431494518,6.11312075,64.692214986,NA,NA,NA
"122",2020-04-24,44001,146.9672018894,102,NA,NA,NA,NA,49.633748646,NA,NA,NA,NA,NA,NA,NA,NA,NA,NA,NA,NA,NA,4.6298779464,6.173771396,86.529803901,NA,NA,NA
"123",2020-04-25,44001,170.63121373,107,NA,NA,NA,NA,60.06470562,NA,NA,NA,NA,NA,NA,NA,NA,NA,NA,NA,NA,NA,5.173852384,7.41384579,97.978809936,NA,NA,NA
"124",2020-04-26,44001,120.527640639154,111,NA,NA,NA,NA,45.624349943,NA,NA,NA,NA,NA,NA,NA,NA,0.108063230954,NA,NA,NA,NA,3.7137815512,5.7573531,65.324092814,NA,NA,NA
"125",2020-04-27,44001,143.6830243184,111,NA,NA,NA,NA,48.30199374,NA,NA,NA,NA,NA,NA,NA,NA,0,NA,NA,NA,NA,3.9853436214,6.888698865,84.506988092,NA,NA,NA
"126",2020-04-28,44001,177.5572865916,114,NA,NA,NA,NA,59.51819868,NA,NA,NA,NA,NA,NA,NA,NA,NA,NA,NA,NA,NA,4.8979548576,8.120257134,105.02087592,NA,NA,NA
"127",2020-04-30,44001,189.4451989208,143,NA,NA,NA,NA,68.04807078,NA,NA,NA,NA,NA,NA,NA,NA,NA,NA,NA,NA,NA,5.7440629538,7.386408737,108.26665645,NA,NA,NA
"128",2020-05-01,44001,216.1798326014,142,NA,NA,NA,NA,76.73364168,NA,NA,NA,NA,NA,NA,NA,NA,NA,NA,NA,NA,NA,6.2824378694,7.835164905,125.328588147,NA,NA,NA
"129",2020-05-02,44001,250.816930347,144,NA,NA,NA,NA,90.7462512,NA,NA,NA,NA,NA,NA,NA,NA,NA,NA,NA,NA,NA,5.736763575,9.332523876,145.001391696,NA,NA,NA
"130",2020-05-03,44001,227.4790203802,152,NA,NA,NA,NA,83.192528352,NA,NA,NA,NA,NA,NA,NA,NA,NA,NA,NA,NA,NA,5.8242801822,9.239191094,129.223020752,NA,NA,NA
"131",2020-05-05,44001,250.058825777,154,NA,NA,NA,NA,89.072311405,NA,NA,NA,NA,NA,NA,NA,NA,NA,NA,NA,NA,NA,7.328062861,9.362832157,144.295619354,NA,NA,NA
"132",2020-05-06,44001,255.597313974,154,NA,NA,NA,NA,89.9395551,NA,NA,NA,NA,NA,NA,NA,NA,NA,NA,NA,NA,NA,7.030827431,9.598368395,149.028563048,NA,NA,NA
"133",2020-05-07,44001,273.583361396,154,NA,NA,NA,NA,100.529778216,NA,NA,NA,NA,NA,NA,NA,NA,NA,NA,NA,NA,NA,7.844139379,9.970763649,155.238680152,NA,NA,NA
"134",2020-05-08,44001,286.805127624,154,NA,NA,NA,NA,110.55335365,NA,NA,NA,NA,NA,NA,NA,NA,NA,NA,NA,NA,NA,8.845858139,10.857905205,156.54801063,NA,NA,NA
"135",2020-05-09,44001,274.203872611,154,NA,NA,NA,NA,115.575832846,NA,NA,NA,NA,NA,NA,NA,NA,NA,NA,NA,NA,NA,6.938574147,9.17643328,142.513032338,NA,NA,NA
"136",2020-05-10,44001,272.413615605,154,NA,NA,NA,NA,117.634014896,NA,NA,NA,NA,NA,NA,NA,NA,NA,NA,NA,NA,NA,7.343544327,10.313684472,137.12237191,NA,NA,NA
"137",2020-05-11,44001,278.877016285083,171,NA,NA,NA,NA,100.978835193,NA,NA,NA,NA,NA,NA,NA,NA,0.157012596483,NA,NA,NA,NA,8.3015223736,11.65604713,157.783598992,NA,NA,NA
"138",2020-05-12,44001,308.737708841,172,NA,NA,NA,NA,102.366191375,NA,NA,NA,NA,NA,NA,NA,NA,NA,NA,NA,NA,NA,10.6740909,11.76998416,183.927442406,NA,NA,NA
"139",2020-05-13,44001,327.770799311,172,NA,NA,NA,NA,109.805242981,NA,NA,NA,NA,NA,NA,NA,NA,NA,NA,NA,NA,NA,9.28623727,12.026340164,196.652978896,NA,NA,NA
"140",2020-05-14,44001,355.326845012,172,NA,NA,NA,NA,118.91078944,NA,NA,NA,NA,NA,NA,NA,NA,NA,NA,NA,NA,NA,9.043303661,12.733623551,214.63912836,NA,NA,NA
"141",2020-05-15,44001,386.998326505,172,NA,NA,NA,NA,134.05872038,NA,NA,NA,NA,NA,NA,NA,NA,NA,NA,NA,NA,NA,9.650795299,12.620398786,230.66841204,NA,NA,NA
"142",2020-05-16,44001,418.379954434,172,NA,NA,NA,NA,161.297714676,NA,NA,NA,NA,NA,NA,NA,NA,NA,NA,NA,NA,NA,11.536780871,13.600637887,231.944821,NA,NA,NA
"143",2020-05-17,44001,345.954828515,172,NA,NA,NA,NA,150.76493325,NA,NA,NA,NA,NA,NA,NA,NA,NA,NA,NA,NA,NA,8.254289298,13.220282895,173.715323072,NA,NA,NA
"144",2020-05-18,44001,355.120338647993,172,NA,NA,NA,NA,140.9608634,NA,NA,NA,NA,NA,NA,NA,NA,0.169722060993,NA,NA,NA,NA,10.129432513,12.401637378,191.458683296,NA,NA,NA
"145",2020-05-19,44001,371.347357103,172,NA,NA,NA,NA,145.025632,NA,NA,NA,NA,NA,NA,NA,NA,NA,NA,NA,NA,NA,9.790021441,11.075576006,205.456127656,NA,NA,NA
"146",2020-05-20,44001,433.06505211,198,NA,NA,NA,NA,155.52086697,NA,NA,NA,NA,NA,NA,NA,NA,NA,NA,NA,NA,NA,12.587017342,14.640822318,250.31634548,NA,NA,NA
"147",2020-05-21,44001,440.37241573,204,NA,NA,NA,NA,156.220420034,NA,NA,NA,NA,NA,NA,NA,NA,NA,NA,NA,NA,NA,12.285839252,15.084348444,256.781808,NA,NA,NA
"148",2020-05-22,44001,493.127401935,209,NA,NA,NA,NA,186.313345804,NA,NA,NA,NA,NA,NA,NA,NA,NA,NA,NA,NA,NA,13.379821375,14.104621396,279.32961336,NA,NA,NA
"149",2020-05-23,44001,410.774097513,213,NA,NA,NA,NA,160.451141004,NA,NA,NA,NA,NA,NA,NA,NA,NA,NA,NA,NA,NA,10.82605698,14.443858654,220.130744835,4.92229604,NA,NA
"150",2020-05-24,44001,433.948358906,213,NA,NA,NA,NA,172.671624868,NA,NA,NA,NA,NA,NA,NA,NA,NA,NA,NA,NA,NA,11.84465445,13.438676136,235.993403452,NA,NA,NA
"151",2020-05-25,44001,397.829860109,213,NA,NA,NA,NA,159.806540274,NA,NA,NA,NA,NA,NA,NA,NA,NA,NA,NA,NA,NA,11.730451869,15.253089648,211.039778318,NA,NA,NA
"152",2020-05-26,44001,437.141923088,213,NA,NA,NA,NA,164.593746458,NA,NA,NA,NA,NA,NA,NA,NA,NA,NA,NA,NA,NA,13.271233986,14.532849048,244.744093596,NA,NA,NA
"153",2020-05-27,44001,488.130906742,223,NA,NA,NA,NA,179.508387751,NA,NA,NA,NA,NA,NA,NA,NA,NA,NA,NA,NA,NA,14.510058288,16.938691665,277.173769038,NA,NA,NA
"154",2020-05-28,44001,463.230205008,222,NA,NA,NA,NA,166.672542912,NA,NA,NA,NA,NA,NA,NA,NA,NA,NA,NA,NA,NA,13.267330902,15.754531866,267.535799328,NA,NA,NA
"155",2020-05-29,44001,459.455947312065,224,NA,NA,NA,NA,166.49566857,NA,NA,NA,NA,NA,NA,NA,NA,0.192246514065,NA,NA,NA,NA,13.4631278,16.003349512,263.301554916,NA,NA,NA
"156",2020-05-30,44001,523.596505666,224,NA,NA,NA,NA,210.813575214,NA,NA,NA,NA,NA,NA,NA,NA,NA,NA,NA,NA,NA,14.805925848,17.419840516,280.557164088,NA,NA,NA
"157",2020-05-31,44001,506.214162877,224,NA,NA,NA,NA,209.579975565,NA,NA,NA,NA,NA,NA,NA,NA,NA,NA,NA,NA,NA,13.754681184,17.696038756,265.183467372,NA,NA,NA
"158",2020-06-01,44001,456.528848829123,224,NA,NA,NA,NA,176.577737908,NA,NA,NA,NA,NA,NA,NA,NA,0.201624273123,NA,NA,NA,NA,10.653738656,16.059887484,253.035860508,NA,NA,NA
"159",2020-06-02,44001,495.215650670173,224,NA,NA,NA,NA,188.0063487,NA,NA,NA,NA,NA,NA,NA,NA,0.200276818173,NA,NA,NA,NA,14.615944116,15.546659104,276.846421932,NA,NA,NA
"160",2020-06-03,44001,484.344927664,224,NA,NA,NA,NA,185.385951812,NA,NA,NA,NA,NA,NA,NA,NA,0.400821264,NA,NA,NA,NA,15.378147572,16.716099132,266.463907884,NA,NA,NA
"161",2020-06-04,44001,527.865980852,224,NA,NA,NA,NA,201.254657896,NA,NA,NA,NA,NA,NA,NA,NA,NA,NA,NA,NA,NA,15.770818144,16.906599448,288.747215532,5.186689832,NA,NA
"162",2020-06-05,44001,515.237261221,224,NA,NA,NA,NA,212.888336489,NA,NA,NA,NA,NA,NA,NA,NA,NA,NA,NA,NA,NA,13.985070236,18.28134498,270.082509516,NA,NA,NA
"163",2020-06-06,44001,560.901212387,224,NA,NA,NA,NA,236.652696315,NA,NA,NA,NA,NA,NA,NA,NA,NA,NA,NA,NA,NA,13.659521472,16.022514248,294.566480352,NA,NA,NA
"164",2020-06-07,44001,508.835249285,224,NA,NA,NA,NA,224.024286837,NA,NA,NA,NA,NA,NA,NA,NA,NA,NA,NA,NA,NA,12.802301376,15.922083848,256.086577224,NA,NA,NA
"165",2020-06-08,44001,556.10977407,231,NA,NA,NA,NA,211.749601914,NA,NA,NA,NA,NA,NA,NA,NA,NA,NA,NA,NA,NA,14.071875545,18.250325444,312.037971167,NA,NA,NA
"166",2020-06-09,44001,565.259989864,231,NA,NA,NA,NA,213.081856512,NA,NA,NA,NA,NA,NA,NA,NA,NA,NA,NA,NA,NA,17.2820453,19.511127637,315.384960415,NA,NA,NA
"167",2020-06-10,44001,572.805562792,231,NA,NA,NA,NA,206.83236712,NA,NA,NA,NA,NA,NA,NA,NA,NA,NA,NA,NA,NA,17.45045172,21.171624287,320.963044621,6.388075044,NA,NA
"168",2020-06-11,44001,523.434565819,231,NA,NA,NA,NA,188.723478443,NA,NA,NA,NA,NA,NA,NA,NA,NA,NA,NA,NA,NA,13.652324725,18.923486377,296.970575928,5.164700346,NA,NA
"169",2020-06-12,44001,618.084023021,231,NA,NA,NA,NA,237.244360128,NA,NA,NA,NA,NA,NA,NA,NA,NA,NA,NA,NA,NA,16.6714886,19.128326111,345.039848182,NA,NA,NA
"170",2020-04-22,44003,489.619248687233,386,NA,NA,NA,NA,27.657076284,NA,NA,NA,NA,NA,NA,NA,NA,0.079269269233,NA,NA,NA,2.845041324,NA,4.9356648,419.36077282,34.74142419,NA,NA
"171",2020-04-23,44003,483.52762190455,386,NA,NA,NA,NA,33.265338273,NA,NA,NA,NA,NA,NA,NA,NA,0.16877314755,NA,NA,NA,2.692731864,NA,5.96843159,404.10955339,37.32279364,NA,NA
"172",2020-04-24,44003,588.745619733603,466,NA,NA,NA,NA,39.846813015,NA,NA,NA,NA,NA,NA,NA,NA,0.087715896603,NA,NA,NA,4.057401798,NA,4.922876384,494.54779296,45.28301968,NA,NA
"173",2020-04-25,44003,682.122675978454,496,NA,NA,NA,NA,40.996546857,NA,0.029508201,NA,NA,NA,NA,NA,NA,0.095676813454,NA,NA,NA,4.620572547,NA,5.74870374,580.7260968,49.90557102,NA,NA
"174",2020-04-27,44003,610.681974894,526,NA,NA,NA,NA,41.303695524,NA,NA,NA,NA,NA,NA,NA,NA,NA,NA,NA,NA,3.726042006,NA,5.68664388,515.897471122,43.96187604,0.106246322,NA
"175",2020-04-28,44003,745.270323242,574,NA,NA,NA,NA,52.37602164,NA,NA,NA,NA,NA,NA,NA,NA,0,NA,NA,NA,4.599591402,NA,5.81286153,630.1252776,52.35657107,NA,NA
"176",2020-05-01,44003,900.8080261499,638,NA,NA,NA,NA,62.681604528,NA,0.0351437669,NA,NA,NA,NA,NA,NA,NA,NA,NA,NA,5.80615848,NA,6.715855345,764.29407483,61.2751892,NA,NA
"177",2020-05-03,44003,882.832067974,697,NA,NA,NA,NA,52.909057908,NA,NA,NA,NA,NA,NA,NA,NA,0,NA,NA,NA,6.007003672,NA,6.929393834,749.36021888,67.62639368,NA,NA
"178",2020-05-04,44003,985.754890537,703,NA,NA,NA,NA,66.864219466,NA,NA,NA,NA,NA,NA,NA,NA,0.264349258,NA,NA,NA,6.034605654,NA,7.871341359,832.42271024,72.29766456,NA,NA
"179",2020-05-05,44003,1057.674987472,703,NA,NA,NA,NA,74.979730595,NA,NA,NA,NA,NA,NA,NA,NA,0.133469082,NA,NA,NA,7.602035364,NA,8.497787851,895.22861602,71.23334856,NA,NA
"180",2020-05-06,44003,1055.59369280969,703,NA,NA,NA,NA,72.2896224,NA,NA,NA,NA,NA,NA,NA,0.03178257369,NA,NA,NA,NA,5.901605402,NA,9.800439334,895.50792596,72.06231714,NA,NA
"181",2020-05-07,44003,1018.558035864,703,NA,NA,NA,NA,72.052707923,NA,NA,NA,NA,NA,NA,NA,0.03172413,0,NA,NA,NA,7.325911054,NA,9.009116767,861.59114792,68.54742807,NA,NA
"182",2020-05-08,44003,1046.441623193,703,NA,NA,NA,NA,80.47346335,NA,NA,NA,NA,NA,NA,NA,NA,0.146333705,NA,NA,NA,7.40166735,NA,7.625783998,878.3719435,72.42243129,NA,NA
"183",2020-05-09,44003,1063.989152072,703,NA,NA,NA,NA,87.246411995,NA,NA,NA,NA,NA,NA,NA,NA,0,NA,NA,NA,7.114989882,NA,7.372078105,890.12230496,72.13336713,NA,NA
"184",2020-05-10,44003,987.724360334,703,NA,NA,NA,NA,76.399311425,NA,NA,NA,NA,NA,NA,NA,NA,NA,NA,NA,NA,6.416666872,NA,7.698947067,831.03465476,66.17478021,NA,NA
"185",2020-05-11,44003,1221.693620615,859,NA,NA,NA,NA,83.674431766,NA,NA,NA,NA,NA,NA,NA,NA,NA,NA,NA,NA,8.029411533,NA,9.407672456,1041.7816623,78.80044256,NA,NA
"186",2020-05-12,44003,1204.332568014,850,NA,NA,NA,NA,82.96344875,NA,NA,NA,NA,NA,NA,NA,NA,0,NA,NA,NA,8.194541304,NA,9.41598681,1029.74624956,74.01234159,NA,NA
"187",2020-05-13,44003,1333.310689303,883,NA,NA,NA,NA,88.595377725,NA,NA,NA,NA,NA,NA,NA,NA,NA,NA,NA,NA,7.326234048,NA,10.50015516,1142.81346312,84.07545925,NA,NA
"188",2020-05-14,44003,1430.134965169,883,NA,NA,NA,NA,103.17590496,NA,NA,NA,NA,NA,NA,NA,NA,0,NA,NA,NA,8.378223716,NA,12.562319443,1216.6948348,89.32368225,NA,NA
"189",2020-05-18,44003,1387.420798151,883,NA,NA,NA,NA,113.078492048,NA,NA,NA,NA,NA,NA,NA,NA,NA,NA,NA,NA,9.00299084,NA,11.595530123,1165.19900464,88.5447805,NA,NA
"190",2020-05-19,44003,1435.73288750907,883,NA,NA,NA,NA,106.38647808,NA,NA,NA,NA,NA,NA,NA,NA,0.167515519074,NA,NA,NA,8.133990424,NA,11.499232386,1218.2680216,91.2776495,NA,NA
"191",2020-05-20,44003,1596.02134844802,958,NA,NA,NA,NA,110.90421945,NA,NA,NA,NA,NA,NA,NA,NA,NA,NA,NA,NA,10.421052642,NA,14.277826628,1358.41316512,101.95122168,0.05386292802,NA
"192",2020-05-24,44003,1520.488480752,1013,NA,NA,NA,NA,109.601629288,NA,NA,NA,NA,NA,NA,NA,NA,NA,NA,NA,NA,9.437966526,NA,12.924003528,1304.55991529,83.96496612,NA,NA
"193",2020-05-25,44003,1454.579738401,1013,NA,NA,NA,NA,99.486009366,NA,NA,NA,NA,NA,NA,NA,NA,NA,NA,NA,NA,11.004828393,NA,15.436861752,1241.23400389,87.418035,NA,NA
"194",2020-05-26,44003,1695.236744116,1013,NA,NA,NA,NA,138.928277622,NA,NA,NA,NA,NA,NA,NA,NA,NA,NA,NA,NA,10.33781868,NA,15.170254284,1430.99408245,99.80631108,NA,NA
"195",2020-05-27,44003,1857.562265572,1032,NA,NA,NA,NA,140.785465299,NA,NA,NA,NA,NA,NA,NA,0,NA,NA,NA,NA,12.496127458,NA,16.938691665,1578.0555406,109.28644055,NA,NA
"196",2020-05-28,44003,1863.13949488311,1038,NA,NA,NA,NA,149.64233544,NA,NA,NA,NA,NA,NA,NA,NA,0.193066680114,NA,NA,NA,14.28868923,NA,17.050360413,1567.4791068,114.48593632,NA,NA
"197",2020-05-29,44003,1911.111538066,1052,NA,NA,NA,NA,163.1601972,NA,NA,NA,NA,NA,NA,NA,NA,NA,NA,NA,NA,12.184100544,NA,14.845659792,1612.66263732,108.25894321,NA,NA
"198",2020-06-01,44003,1910.113144856,1052,NA,NA,NA,NA,155.643263864,NA,NA,NA,NA,NA,NA,NA,NA,NA,NA,NA,NA,14.211810592,NA,17.85197818,1607.11961724,115.28647498,NA,NA
"199",2020-06-02,44003,1854.751655612,1052,NA,NA,NA,NA,148.3628337,NA,NA,NA,NA,NA,NA,NA,NA,0,NA,NA,NA,12.52701408,NA,15.753029912,1570.25346084,107.85531708,NA,NA
"200",2020-06-03,44003,1886.1643653624,1052,NA,NA,NA,NA,161.152485047,NA,0.0561554994,NA,NA,NA,NA,NA,NA,NA,NA,NA,NA,14.522388384,NA,16.028193592,1587.23994276,107.16520008,NA,NA
"201",2020-06-04,44003,2023.94900358031,1052,NA,NA,NA,NA,171.21663648,NA,NA,NA,NA,NA,NA,NA,0,0.200316854308,NA,NA,NA,12.49402336,NA,15.791877396,1713.64166676,110.60448273,NA,NA
"202",2020-06-07,44003,1742.320330257,1052,NA,NA,NA,NA,144.615103737,NA,NA,NA,NA,NA,NA,NA,NA,NA,NA,NA,NA,11.95477136,NA,16.15972716,1478.83783752,90.75289048,NA,NA
"203",2020-06-08,44003,2074.891221492,1105,NA,NA,NA,NA,171.868519428,NA,NA,NA,NA,NA,NA,NA,NA,NA,NA,NA,NA,12.106691751,NA,19.858590633,1762.77764784,108.27977184,NA,NA
"204",2020-06-09,44003,2151.645266062,1105,NA,NA,NA,NA,172.10456928,NA,NA,NA,NA,NA,NA,NA,0,NA,NA,0,NA,16.670102295,NA,21.624246377,1827.97751789,113.26883022,NA,NA
"205",2020-06-12,44003,2220.337661595,1105,NA,NA,NA,NA,188.040447744,NA,NA,NA,NA,NA,NA,NA,NA,NA,NA,NA,NA,12.700000236,NA,18.051566455,1896.69847631,104.84717085,NA,NA
"206",2020-04-22,44005,106.264916757,110,NA,NA,NA,NA,43.642357524,NA,NA,NA,NA,NA,NA,NA,NA,NA,NA,NA,NA,5.51446272,6.561302112,NA,42.984035142,7.562759259,NA,NA
"207",2020-04-23,44005,126.4317206899,110,NA,NA,NA,NA,54.185751993,NA,NA,NA,12.0224069869,NA,NA,NA,0,NA,0,NA,NA,5.215037776,6.289486316,NA,42.492205314,6.226832304,NA,NA
"208",2020-04-24,44005,150.910506204,124,NA,NA,NA,NA,65.945307132,NA,NA,NA,13.281594144,NA,NA,NA,NA,NA,NA,NA,NA,7.601208606,6.972707672,NA,48.40528609,8.70440256,NA,NA
"209",2020-04-25,44005,168.6949963,130,NA,NA,NA,NA,77.345230599,NA,NA,NA,NA,NA,NA,NA,NA,NA,NA,NA,NA,10.071809741,7.875753856,NA,64.78127824,8.620923864,NA,NA
"210",2020-04-26,44005,101.1820503986,135,NA,NA,NA,NA,52.675385923,NA,NA,NA,NA,NA,NA,NA,NA,NA,NA,NA,NA,7.331402037,5.284996572,NA,29.0939238186,6.796342048,NA,NA
"211",2020-04-27,44005,142.402974622,135,NA,NA,NA,NA,64.768584816,0,NA,NA,NA,NA,NA,NA,NA,NA,NA,NA,NA,8.473741332,7.905353414,NA,53.133139568,8.122155492,NA,NA
"212",2020-04-28,44005,171.8621802,138,NA,NA,NA,NA,75.06295464,NA,NA,NA,NA,NA,NA,NA,NA,NA,NA,NA,NA,9.664964232,9.795908682,NA,65.83016208,11.508190566,0,NA
"213",2020-04-30,44005,192.176029666,149,NA,NA,NA,NA,82.39004482,NA,NA,NA,NA,NA,NA,NA,NA,0.113001993,NA,NA,NA,11.258081263,9.84696597,NA,76.66449506,11.90344056,NA,NA
"214",2020-05-01,44005,220.7965094409,155,NA,NA,NA,NA,97.574879424,NA,NA,NA,15.5562014109,NA,NA,NA,NA,NA,NA,NA,NA,11.468955038,10.93883219,NA,72.13156389,13.126077488,NA,NA
"215",2020-05-02,44005,236.048679296,156,NA,NA,NA,NA,112.583586324,NA,NA,NA,NA,NA,NA,NA,NA,NA,NA,NA,NA,13.434402816,12.0937185,NA,85.424729256,12.5122424,NA,NA
"216",2020-05-03,44005,220.188287424,158,NA,NA,NA,NA,108.42876176,NA,NA,NA,NA,NA,NA,NA,NA,NA,NA,NA,NA,13.078539496,11.14933746,NA,75.935171564,11.596477144,NA,NA
"217",2020-05-04,44005,220.871401273,161,NA,NA,NA,NA,97.480998307,NA,NA,NA,NA,NA,NA,NA,NA,0,NA,NA,NA,13.323155384,12.644788591,NA,84.5403306,12.882128391,NA,NA
"218",2020-05-05,44005,240.208579881,161,NA,NA,NA,NA,109.849831245,NA,NA,NA,NA,NA,NA,NA,NA,NA,NA,NA,NA,14.655470676,12.597681967,NA,90.019288088,13.086307905,NA,NA
"219",2020-05-06,44005,252.765792256,161,NA,NA,NA,NA,114.72456474,NA,NA,NA,NA,NA,NA,NA,NA,NA,NA,NA,NA,15.71103072,14.475231871,NA,93.560528406,14.294436519,NA,NA
"220",2020-05-07,44005,252.635613315,161,NA,NA,NA,NA,122.317592502,NA,NA,NA,NA,NA,NA,NA,NA,NA,NA,NA,NA,13.326923456,13.7066019,NA,89.369815744,13.914679713,NA,NA
"221",2020-05-09,44005,248.18006454,161,NA,NA,NA,NA,131.382825623,NA,NA,NA,NA,NA,NA,NA,NA,NA,NA,NA,NA,14.625256492,10.693567099,NA,79.099732724,12.378682602,NA,NA
"222",2020-05-10,44005,273.781256651,161,NA,NA,NA,NA,145.263344786,NA,NA,NA,NA,NA,NA,NA,NA,NA,NA,NA,NA,14.02713158,11.716667604,NA,90.308198638,12.465914043,NA,NA
"223",2020-05-11,44005,272.087326059,182,NA,NA,NA,NA,124.8545241,NA,NA,NA,NA,NA,NA,NA,NA,NA,NA,NA,NA,15.529412196,15.254047267,NA,101.637230692,14.812111804,NA,NA
"224",2020-05-12,44005,261.034148493,185,NA,NA,NA,NA,120.20778725,NA,NA,NA,NA,NA,NA,NA,NA,NA,NA,NA,NA,15.10868468,16.2125328,NA,94.43808392,15.067059843,NA,NA
"225",2020-05-13,44005,332.2474065898,197,NA,NA,NA,NA,132.34072744,NA,NA,NA,21.8598689728,NA,NA,NA,NA,NA,NA,NA,NA,17.39980724,17.764975455,NA,125.330193032,17.55183445,NA,NA
"226",2020-05-14,44005,357.376845689,197,NA,NA,NA,NA,160.94540832,NA,NA,NA,NA,NA,NA,NA,NA,NA,NA,NA,NA,19.13848988,20.052544129,NA,139.434129336,17.7952243,NA,0.011049724
"227",2020-05-15,44005,390.187826426,197,NA,NA,NA,NA,181.3070662,NA,NA,NA,NA,NA,NA,NA,NA,NA,NA,NA,NA,19.03999924,22.741478687,NA,148.201458824,18.897823475,NA,NA
"228",2020-05-16,44005,490.6252949328,197,NA,NA,NA,NA,214.120368936,NA,NA,30.5439544068,NA,NA,NA,NA,NA,NA,NA,NA,NA,19.8127574,25.012516718,NA,182.330946872,18.8047506,NA,NA
"229",2020-05-17,44005,348.600409179,197,NA,NA,NA,NA,179.25396274,NA,NA,NA,NA,NA,NA,NA,NA,NA,NA,NA,NA,17.70969448,18.598272268,NA,116.245592816,16.792886875,NA,NA
"230",2020-05-18,44005,330.630360106,197,NA,NA,NA,NA,160.323614288,NA,NA,NA,NA,NA,NA,NA,NA,NA,NA,NA,NA,16.376869748,16.268481183,NA,120.610541512,17.050853375,NA,NA
"231",2020-05-19,44005,360.76513105,197,NA,NA,NA,NA,170.785072,NA,NA,NA,NA,NA,NA,NA,NA,NA,NA,NA,NA,15.420688896,18.780857242,NA,138.899920112,16.8785928,NA,NA
"232",2020-05-20,44005,407.001636778,206,NA,NA,NA,NA,174.8972277,NA,NA,NA,NA,NA,NA,NA,NA,NA,NA,NA,NA,23.40000036,23.360649896,NA,164.493585632,20.85017319,NA,NA
"233",2020-05-21,44005,419.8840225,209,NA,NA,NA,NA,191.337743632,NA,NA,NA,NA,NA,NA,NA,NA,NA,NA,NA,NA,22.14100128,22.862344542,NA,162.177984,21.364949046,NA,NA
"234",2020-05-22,44005,551.7267659244,212,NA,NA,NA,NA,230.016474966,NA,NA,NA,33.3786759424,NA,NA,NA,NA,NA,NA,NA,NA,24.44131481,28.0874129,NA,213.63128592,22.171601386,NA,NA
"235",2020-05-23,44005,430.2954865253,226,NA,NA,NA,NA,194.187030534,NA,0.0300925963,NA,30.279078896,NA,NA,NA,NA,NA,NA,NA,NA,21.85169982,21.19628214,NA,146.753840409,15.99746213,NA,NA
"236",2020-05-24,44005,532.1095904104,228,NA,NA,NA,NA,241.347831284,NA,NA,36.4510513584,NA,NA,NA,NA,NA,NA,NA,NA,NA,21.6576483,26.622273125,NA,187.133477757,18.897308586,NA,NA
"237",2020-05-25,44005,424.993499758,228,NA,NA,NA,NA,204.68960517,NA,NA,NA,NA,NA,NA,NA,NA,NA,NA,NA,NA,22.21535472,24.15776062,NA,154.5291402,19.401639048,NA,NA
"238",2020-05-26,44005,485.3686908622,228,NA,NA,NA,NA,217.877489785,NA,NA,NA,34.4496352752,NA,NA,NA,NA,NA,NA,NA,NA,23.95098522,25.642723398,NA,162.214102626,21.233754558,NA,NA
"239",2020-05-27,44005,467.382629551,235,NA,NA,NA,NA,219.890856856,NA,NA,NA,NA,NA,NA,NA,NA,NA,NA,NA,NA,23.77312016,27.569110128,NA,173.837201,22.312341407,NA,NA
"240",2020-05-28,44005,440.302483548,237,NA,NA,NA,NA,210.225156792,NA,NA,NA,NA,NA,NA,NA,NA,NA,NA,NA,NA,23.00899242,22.711871808,NA,162.553393728,21.8030688,NA,NA
"241",2020-05-29,44005,454.34554898921,244,NA,NA,NA,NA,219.30731361,NA,NA,NA,NA,NA,NA,NA,NA,NA,0.01254481221,NA,NA,23.63923744,22.622468896,NA,166.646565216,22.117419015,NA,NA
"242",2020-05-30,44005,634.2500766942,244,NA,NA,NA,NA,296.054341233,NA,NA,NA,41.0756840592,NA,NA,NA,NA,NA,NA,NA,NA,28.6211184,32.506243492,NA,213.711352488,22.281337022,NA,NA
"243",2020-05-31,44005,613.385071462,244,NA,NA,NA,NA,283.637561162,NA,NA,NA,45.278190303,NA,NA,NA,NA,NA,NA,NA,NA,24.60230304,31.705706208,NA,206.701941996,21.459368753,NA,NA
"244",2020-06-01,44005,489.262403855,244,NA,NA,NA,NA,233.919972132,NA,NA,NA,32.38095622,NA,NA,NA,NA,0,NA,NA,NA,21.645680672,24.594269316,NA,152.896175208,23.825350307,0,NA
"245",2020-06-02,44005,503.190864267654,244,NA,NA,NA,NA,234.85776948,NA,NA,NA,33.1030953,NA,NA,NA,NA,0.400559784654,NA,NA,NA,24.3108992,23.54791014,NA,166.59353772,20.377092643,NA,NA
"246",2020-06-03,44005,508.0441515097,244,NA,NA,NA,NA,248.090038216,NA,NA,NA,34.6485429457,NA,NA,NA,NA,NA,NA,NA,NA,24.34328512,24.2458385,NA,155.838107088,20.87833964,NA,NA
"247",2020-06-04,44005,635.9639912388,244,NA,NA,NA,NA,280.25460722,NA,NA,35.153293725,43.9650127358,NA,NA,NA,NA,NA,NA,NA,NA,26.27711296,27.220865044,NA,201.133867032,21.959232522,NA,NA
"248",2020-06-05,44005,576.4752829547,244,NA,NA,NA,NA,279.247059482,NA,NA,NA,46.4312049177,NA,NA,NA,NA,NA,NA,NA,NA,27.04795072,25.495857512,NA,175.71635586,22.536854463,NA,NA
"249",2020-06-06,44005,709.5833563573,244,NA,NA,NA,NA,316.46862747,NA,NA,42.41656996,52.3517988753,NA,NA,NA,NA,NA,NA,NA,NA,28.97130656,31.221764116,NA,215.887480236,22.26580914,NA,NA
"250",2020-06-07,44005,578.0648957566,244,NA,NA,NA,NA,293.749409538,NA,NA,NA,45.5538982606,NA,NA,NA,NA,NA,NA,NA,NA,25.32790624,23.858834,NA,169.564116384,20.010731334,NA,NA
"251",2020-06-08,44005,643.7096086496,269,NA,NA,NA,NA,290.87874495,NA,NA,NA,41.5815204896,NA,NA,NA,NA,NA,NA,NA,NA,26.4833877,29.33628256,NA,232.055222447,23.374450503,NA,NA
"252",2020-06-09,44005,609.179337822,269,NA,NA,NA,NA,301.655826192,NA,NA,NA,NA,NA,NA,NA,NA,NA,NA,NA,NA,29.22680376,31.29451494,NA,221.24018451,25.76200842,NA,NA
"253",2020-06-10,44005,598.126341159,269,NA,NA,NA,NA,292.538151044,NA,NA,NA,NA,NA,NA,NA,NA,NA,NA,NA,NA,30.67130913,29.86486594,NA,220.401559635,24.65045541,NA,NA
"254",2020-06-11,44005,515.900564047,269,NA,NA,NA,NA,255.576375762,NA,NA,NA,NA,NA,NA,NA,NA,NA,NA,NA,NA,26.90039583,27.184892865,NA,183.56263747,22.67626212,NA,NA
"255",2020-06-12,44005,678.148663379,269,NA,NA,NA,NA,331.264584,NA,NA,NA,NA,NA,NA,NA,NA,NA,NA,NA,NA,28.99999872,34.028107035,NA,260.311122476,23.544851148,NA,NA
